Date,Open,High,Low,Close
2015-01-01,1.12027,1.12421,1.11057,1.1109
2015-01-02,1.11067,1.11555,1.10797,1.11237
2015-01-05,1.11206,1.11376,1.11089,1.11279
2015-01-06,1.11296,1.11495,1.10761,1.10947
2015-01-07,1.10909,1.11155,1.10232,1.10341
2015-01-08,1.10314,1.10486,1.10055,1.10434
2015-01-09,1.1039,1.10675,1.10001,1.10248
2015-01-12,1.10298,1.10545,1.10027,1.10506
2015-01-13,1.10578,1.11175,1.1047,1.11032
2015-01-14,1.11029,1.11051,1.10879,1.1105
2015-01-15,1.10995,1.1155,1.10352,1.10382
2015-01-16,1.10315,1.10926,1.10273,1.10895
2015-01-19,1.10904,1.10985,1.10163,1.1047
2015-01-20,1.10395,1.10477,1.09928,1.10074
2015-01-21,1.10101,1.10544,1.10084,1.10242
2015-01-22,1.10182,1.10546,1.10044,1.10258
2015-01-23,1.10255,1.11361,1.09844,1.11036
2015-01-26,1.10994,1.11445,1.10872,1.11265
2015-01-27,1.11252,1.11731,1.11028,1.11377
2015-01-28,1.11318,1.12135,1.11159,1.11742
2015-01-29,1.11762,1.12262,1.11247,1.12126
2015-01-30,1.12195,1.12321,1.11567,1.12047
2015-02-02,1.12013,1.13303,1.1193,1.12931
2015-02-03,1.12934,1.1355,1.12705,1.13293
2015-02-04,1.13286,1.1352,1.13181,1.13321
2015-02-05,1.13349,1.13843,1.13127,1.13417
2015-02-06,1.1347,1.13951,1.12921,1.13682
2015-02-09,1.13682,1.13777,1.13326,1.13738
2015-02-10,1.13769,1.14123,1.13664,1.13877
2015-02-11,1.13899,1.1401,1.13665,1.13897
2015-02-12,1.13884,1.1454,1.13656,1.14364
2015-02-13,1.14454,1.14818,1.13862,1.13993
2015-02-16,1.1399,1.14075,1.13589,1.13989
2015-02-17,1.14007,1.14159,1.13667,1.13755
2015-02-18,1.13798,1.14766,1.13586,1.14661
2015-02-19,1.14718,1.16281,1.14633,1.15715
2015-02-20,1.15743,1.16111,1.15587,1.15903
2015-02-23,1.15857,1.15933,1.15714,1.15911
2015-02-24,1.159,1.16367,1.15546,1.16024
2015-02-25,1.16042,1.16408,1.15372,1.1568
2015-02-26,1.15692,1.16382,1.15327,1.15777
2015-02-27,1.15778,1.16152,1.15613,1.15791
2015-03-02,1.15883,1.1605,1.15568,1.15837
2015-03-03,1.15861,1.1607,1.15851,1.15927
2015-03-04,1.15921,1.16502,1.15597,1.16345
2015-03-05,1.16329,1.1756,1.16314,1.17197
2015-03-06,1.1713,1.17244,1.15966,1.16176
2015-03-09,1.16156,1.18097,1.16055,1.17991
2015-03-10,1.18069,1.18333,1.17809,1.17815
2015-03-11,1.1794,1.18099,1.17895,1.17927
2015-03-12,1.17924,1.17928,1.1652,1.17329
2015-03-13,1.17307,1.17442,1.16911,1.1693
2015-03-16,1.17017,1.1748,1.16556,1.16828
2015-03-17,1.16844,1.1711,1.16663,1.16967
2015-03-18,1.16944,1.17389,1.16036,1.16046
2015-03-19,1.16056,1.16498,1.16055,1.16107
2015-03-20,1.16127,1.1617,1.15744,1.15783
2015-03-23,1.15758,1.15958,1.15532,1.15935
2015-03-24,1.15928,1.17033,1.15811,1.16571
2015-03-25,1.16632,1.17278,1.16308,1.17175
2015-03-26,1.17172,1.17544,1.16007,1.16109
2015-03-27,1.16107,1.1634,1.15907,1.16295
2015-03-30,1.16259,1.16721,1.16219,1.16635
2015-03-31,1.16649,1.17509,1.16541,1.17208
2015-04-01,1.17182,1.17642,1.16364,1.16813
2015-04-02,1.16852,1.17061,1.16486,1.16759
2015-04-03,1.16733,1.17024,1.166,1.16727
2015-04-06,1.16795,1.17739,1.16459,1.16775
2015-04-07,1.16757,1.17346,1.16118,1.16452
2015-04-08,1.16556,1.17434,1.16095,1.16186
2015-04-09,1.16156,1.18086,1.16025,1.17682
2015-04-10,1.17756,1.18117,1.16349,1.16639
2015-04-13,1.16575,1.1741,1.1596,1.1721
2015-04-14,1.17262,1.18023,1.16949,1.17745
2015-04-15,1.17744,1.18581,1.17357,1.18361
2015-04-16,1.18356,1.18369,1.17407,1.17646
2015-04-17,1.17704,1.17854,1.17476,1.17853
2015-04-20,1.17869,1.18437,1.17269,1.17674
2015-04-21,1.17727,1.18323,1.17361,1.1784
2015-04-22,1.1791,1.1834,1.17803,1.18185
2015-04-23,1.18225,1.18755,1.16925,1.17582
2015-04-24,1.17574,1.17886,1.17487,1.1784
2015-04-27,1.17789,1.18234,1.1765,1.17781
2015-04-28,1.17729,1.17942,1.16602,1.16798
2015-04-29,1.16827,1.19473,1.16591,1.18543
2015-04-30,1.18476,1.18648,1.17779,1.17944
2015-05-01,1.17889,1.19037,1.17834,1.1868
2015-05-04,1.18722,1.19204,1.17675,1.18231
2015-05-05,1.18263,1.18884,1.17935,1.18217
2015-05-06,1.18145,1.18446,1.17988,1.18377
2015-05-07,1.18353,1.18658,1.18023,1.18648
2015-05-08,1.18771,1.19984,1.17987,1.19604
2015-05-11,1.19657,1.20223,1.19456,1.19566
2015-05-12,1.19583,1.21092,1.19494,1.20666
2015-05-13,1.20738,1.20788,1.20583,1.20752
2015-05-14,1.20757,1.21274,1.19549,1.2015
2015-05-15,1.20141,1.20834,1.20048,1.20502
2015-05-18,1.20473,1.20913,1.19598,1.20126
2015-05-19,1.20107,1.2123,1.19692,1.21095
2015-05-20,1.21081,1.21692,1.21023,1.21559
2015-05-21,1.21568,1.22314,1.2124,1.22124
2015-05-22,1.22125,1.22535,1.21355,1.21429
2015-05-25,1.21384,1.21818,1.21084,1.21699
2015-05-26,1.21717,1.22028,1.19786,1.19918
2015-05-27,1.19909,1.20022,1.1924,1.19572
2015-05-28,1.19543,1.20262,1.18804,1.19081
2015-05-29,1.19102,1.19191,1.17993,1.18401
2015-06-01,1.18438,1.19194,1.1781,1.19029
2015-06-02,1.19033,1.19463,1.17705,1.1847
2015-06-03,1.18477,1.18741,1.17364,1.17588
2015-06-04,1.17692,1.18561,1.16932,1.18534
2015-06-05,1.18516,1.18862,1.18274,1.18389
2015-06-08,1.18398,1.1916,1.18368,1.18555
2015-06-09,1.18511,1.18786,1.17926,1.17944
2015-06-10,1.17891,1.18469,1.1718,1.18371
2015-06-11,1.18316,1.1847,1.18162,1.18427
2015-06-12,1.18471,1.19918,1.18296,1.19583
2015-06-15,1.19557,1.196,1.19333,1.19399
2015-06-16,1.19439,1.19514,1.19339,1.19355
2015-06-17,1.19364,1.20213,1.19095,1.20037
2015-06-18,1.1998,1.2039,1.19898,1.20179
2015-06-19,1.20167,1.20782,1.19359,1.19462
2015-06-22,1.19486,1.19539,1.19305,1.19399
2015-06-23,1.19392,1.19684,1.19259,1.19366
2015-06-24,1.19395,1.20146,1.1907,1.20073
2015-06-25,1.20018,1.20141,1.19107,1.19266
2015-06-26,1.19322,1.19587,1.18588,1.19082
2015-06-29,1.19126,1.19288,1.18494,1.18675
2015-06-30,1.18714,1.19146,1.18229,1.18499
2015-07-01,1.18493,1.18549,1.18036,1.18099
2015-07-02,1.18091,1.18291,1.17199,1.17613
2015-07-03,1.17647,1.18402,1.17578,1.1816
2015-07-06,1.18197,1.18381,1.18116,1.18191
2015-07-07,1.18165,1.18968,1.18123,1.18621
2015-07-08,1.1866,1.18922,1.17938,1.17953
2015-07-09,1.1794,1.18182,1.1762,1.17675
2015-07-10,1.1767,1.18732,1.16906,1.18696
2015-07-13,1.18655,1.19107,1.18256,1.18597
2015-07-14,1.18592,1.18885,1.18442,1.18499
2015-07-15,1.18445,1.19813,1.18328,1.18698
2015-07-16,1.18713,1.19577,1.18583,1.18947
2015-07-17,1.19019,1.19631,1.18572,1.1922
2015-07-20,1.19196,1.19458,1.1884,1.18967
2015-07-21,1.18926,1.19149,1.17961,1.18209
2015-07-22,1.18192,1.18238,1.17652,1.17957
2015-07-23,1.18009,1.18288,1.17044,1.17246
2015-07-24,1.17257,1.18064,1.16988,1.17473
2015-07-27,1.17544,1.17773,1.16514,1.16589
2015-07-28,1.16578,1.1682,1.15741,1.16146
2015-07-29,1.16085,1.17355,1.15663,1.17106
2015-07-30,1.17097,1.17271,1.16791,1.16878
2015-07-31,1.1692,1.17125,1.16627,1.16837
2015-08-03,1.16802,1.17493,1.16522,1.16644
2015-08-04,1.16656,1.17293,1.16023,1.17171
2015-08-05,1.1721,1.18343,1.16997,1.18033
2015-08-06,1.18046,1.18349,1.17605,1.17868
2015-08-07,1.17932,1.18124,1.16906,1.17227
2015-08-10,1.17254,1.17742,1.17086,1.17417
2015-08-11,1.17372,1.17987,1.17068,1.17599
2015-08-12,1.17631,1.17999,1.17338,1.17951
2015-08-13,1.17949,1.18186,1.1759,1.18087
2015-08-14,1.18159,1.18565,1.17739,1.18199
2015-08-17,1.18217,1.18653,1.18195,1.18513
2015-08-18,1.18548,1.18903,1.17617,1.17617
2015-08-19,1.17534,1.18089,1.17164,1.18004
2015-08-20,1.18044,1.18372,1.17042,1.17247
2015-08-21,1.17187,1.17857,1.17097,1.17509
2015-08-24,1.17551,1.17622,1.17348,1.17531
2015-08-25,1.17629,1.17634,1.16736,1.17023
2015-08-26,1.1699,1.17223,1.16118,1.16608
2015-08-27,1.16589,1.16722,1.1522,1.15372
2015-08-28,1.15365,1.16066,1.14571,1.15878
2015-08-31,1.15937,1.16653,1.15013,1.15033
2015-09-01,1.15102,1.15755,1.14796,1.14988
2015-09-02,1.14994,1.16921,1.14409,1.16778
2015-09-03,1.1681,1.16878,1.1662,1.16847
2015-09-04,1.16813,1.17306,1.15537,1.15772
2015-09-07,1.15726,1.15935,1.15353,1.15387
2015-09-08,1.15282,1.15499,1.14633,1.14772
2015-09-09,1.14777,1.16515,1.14051,1.16147
2015-09-10,1.16165,1.17981,1.16015,1.17404
2015-09-11,1.17416,1.18076,1.16499,1.17015
2015-09-14,1.171,1.19701,1.1691,1.19351
2015-09-15,1.19332,1.19934,1.18722,1.1878
2015-09-16,1.18802,1.19307,1.18509,1.19091
2015-09-17,1.19122,1.1923,1.1808,1.18426
2015-09-18,1.18353,1.18484,1.17299,1.17321
2015-09-21,1.17273,1.17928,1.17058,1.17839
2015-09-22,1.17817,1.18298,1.17554,1.17939
2015-09-23,1.17909,1.19017,1.17883,1.18985
2015-09-24,1.18981,1.19089,1.18564,1.18874
2015-09-25,1.18858,1.19472,1.18701,1.19049
2015-09-28,1.18957,1.19187,1.18659,1.19068
2015-09-29,1.19118,1.19486,1.18835,1.19084
2015-09-30,1.19031,1.19093,1.18548,1.18651
2015-10-01,1.18748,1.19107,1.17693,1.1811
2015-10-02,1.18107,1.18703,1.17823,1.18463
2015-10-05,1.18448,1.18728,1.17858,1.1802
2015-10-06,1.17985,1.18453,1.17469,1.18167
2015-10-07,1.181,1.1865,1.17722,1.186
2015-10-08,1.18574,1.2037,1.18424,1.19796
2015-10-09,1.19796,1.1991,1.17629,1.17764
2015-10-12,1.17733,1.17743,1.16982,1.17473
2015-10-13,1.17467,1.17978,1.17167,1.17328
2015-10-14,1.17376,1.18569,1.16556,1.18471
2015-10-15,1.18579,1.18613,1.16815,1.18055
2015-10-16,1.18085,1.18711,1.17948,1.18624
2015-10-19,1.18632,1.19675,1.18598,1.19659
2015-10-20,1.19669,1.20341,1.19079,1.19339
2015-10-21,1.19348,1.20415,1.18803,1.20394
2015-10-22,1.20404,1.21197,1.1975,1.20948
2015-10-23,1.20882,1.2118,1.19545,1.19897
2015-10-26,1.19901,1.20203,1.18757,1.18877
2015-10-27,1.18832,1.19142,1.17846,1.18649
2015-10-28,1.18619,1.18857,1.17064,1.17323
2015-10-29,1.17348,1.17473,1.16116,1.16566
2015-10-30,1.16563,1.1795,1.15954,1.17889
2015-11-02,1.17837,1.18304,1.17423,1.1748
2015-11-03,1.17487,1.18354,1.17079,1.17866
2015-11-04,1.17909,1.19046,1.17584,1.18569
2015-11-05,1.18555,1.18638,1.17989,1.18177
2015-11-06,1.18258,1.18655,1.18069,1.18356
2015-11-09,1.18312,1.18917,1.18214,1.18709
2015-11-10,1.18689,1.191,1.18546,1.18725
2015-11-11,1.18722,1.19084,1.17618,1.17683
2015-11-12,1.17612,1.1786,1.16722,1.17086
2015-11-13,1.17098,1.17873,1.17047,1.17746
2015-11-16,1.1779,1.17914,1.16878,1.17159
2015-11-17,1.17168,1.17752,1.16821,1.17628
2015-11-18,1.17633,1.17876,1.17248,1.17628
2015-11-19,1.17603,1.17826,1.17559,1.17704
2015-11-20,1.17691,1.1797,1.16745,1.17908
2015-11-23,1.17908,1.17926,1.16651,1.17383
2015-11-24,1.17383,1.1769,1.16988,1.17048
2015-11-25,1.17022,1.17261,1.15849,1.16696
2015-11-26,1.16697,1.16704,1.15975,1.1621
2015-11-27,1.1615,1.16432,1.14212,1.14742
2015-11-30,1.14776,1.15022,1.14531,1.14581
2015-12-01,1.14525,1.15143,1.14347,1.15087
2015-12-02,1.15163,1.16088,1.14563,1.14596
2015-12-03,1.14586,1.15472,1.13582,1.1416
2015-12-04,1.14154,1.14656,1.13739,1.13805
2015-12-07,1.13788,1.14304,1.12885,1.13397
2015-12-08,1.13381,1.13389,1.12942,1.13311
2015-12-09,1.13292,1.13421,1.12558,1.12901
2015-12-10,1.1288,1.13378,1.12238,1.13327
2015-12-11,1.13396,1.14,1.13106,1.13569
2015-12-14,1.13592,1.15173,1.1298,1.14411
2015-12-15,1.14427,1.14549,1.13597,1.1398
2015-12-16,1.14003,1.14762,1.13791,1.14556
2015-12-17,1.14529,1.14682,1.13385,1.13893
2015-12-18,1.13888,1.14525,1.13799,1.14277
2015-12-21,1.14252,1.14629,1.1384,1.14173
2015-12-22,1.14186,1.14561,1.14067,1.14481
2015-12-23,1.14464,1.14982,1.13809,1.13878
2015-12-24,1.13939,1.14074,1.13844,1.14048
2015-12-25,1.14052,1.1422,1.13673,1.14142
2015-12-28,1.14175,1.14404,1.13238,1.13376
2015-12-29,1.13338,1.13684,1.12341,1.12595
2015-12-30,1.1257,1.13083,1.1248,1.13009
2015-12-31,1.13096,1.14433,1.12684,1.1429
2016-01-01,1.14242,1.14415,1.13519,1.13865
2016-01-04,1.13864,1.14953,1.13744,1.14623
2016-01-05,1.14592,1.14623,1.13994,1.14257
2016-01-06,1.14217,1.14344,1.1389,1.14231
2016-01-07,1.14253,1.14985,1.13774,1.14641
2016-01-08,1.147,1.15119,1.14572,1.14992
2016-01-11,1.14991,1.15254,1.14503,1.14659
2016-01-12,1.14644,1.15116,1.14599,1.14928
2016-01-13,1.14949,1.15057,1.14428,1.1466
2016-01-14,1.14722,1.16139,1.14559,1.16049
2016-01-15,1.1613,1.16808,1.15441,1.15533
2016-01-18,1.15621,1.16332,1.15103,1.15364
2016-01-19,1.15351,1.15624,1.15084,1.15188
2016-01-20,1.15117,1.16183,1.15078,1.16004
2016-01-21,1.1596,1.15963,1.14964,1.1529
2016-01-22,1.15285,1.15839,1.15188,1.1564
2016-01-25,1.15679,1.16454,1.15656,1.15829
2016-01-26,1.15841,1.15905,1.15684,1.15738
2016-01-27,1.157,1.16308,1.14936,1.15874
2016-01-28,1.15894,1.16576,1.15722,1.16462
2016-01-29,1.16421,1.16759,1.15775,1.16607
2016-02-01,1.16525,1.16558,1.15878,1.16423
2016-02-02,1.16423,1.16676,1.16213,1.16484
2016-02-03,1.16504,1.17086,1.15483,1.15761
2016-02-04,1.15678,1.17125,1.15636,1.16543
2016-02-05,1.16542,1.16558,1.15444,1.15576
2016-02-08,1.15556,1.16457,1.13744,1.14508
2016-02-09,1.14573,1.15338,1.13545,1.13846
2016-02-10,1.13833,1.13962,1.12399,1.13021
2016-02-11,1.13059,1.14221,1.12925,1.13625
2016-02-12,1.13553,1.14697,1.13385,1.13744
2016-02-15,1.1378,1.13915,1.12792,1.13076
2016-02-16,1.13091,1.13231,1.12616,1.12816
2016-02-17,1.12809,1.12886,1.1228,1.12827
2016-02-18,1.12805,1.13352,1.12267,1.13095
2016-02-19,1.13086,1.13422,1.12198,1.12416
2016-02-22,1.12446,1.1294,1.12064,1.12403
2016-02-23,1.1241,1.13062,1.12406,1.12732
2016-02-24,1.12798,1.1335,1.12604,1.13205
2016-02-25,1.13238,1.14073,1.11688,1.12108
2016-02-26,1.12096,1.12653,1.1146,1.12579
2016-02-29,1.12562,1.1347,1.11539,1.1169
2016-03-01,1.11662,1.1233,1.11176,1.12152
2016-03-02,1.12153,1.12423,1.10443,1.10647
2016-03-03,1.10642,1.10985,1.09821,1.10318
2016-03-04,1.10302,1.10856,1.10002,1.10034
2016-03-07,1.09985,1.10702,1.09756,1.10474
2016-03-08,1.10465,1.11083,1.10137,1.10963
2016-03-09,1.11068,1.11812,1.10826,1.10898
2016-03-10,1.10874,1.10938,1.09582,1.09892
2016-03-11,1.09947,1.10896,1.09247,1.10707
2016-03-14,1.10776,1.10964,1.10065,1.10831
2016-03-15,1.10889,1.11291,1.10887,1.11154
2016-03-16,1.11138,1.11211,1.10176,1.10641
2016-03-17,1.1062,1.10681,1.09362,1.09794
2016-03-18,1.09766,1.10005,1.09726,1.09917
2016-03-21,1.0987,1.10322,1.09751,1.10181
2016-03-22,1.10289,1.10562,1.09646,1.09888
2016-03-23,1.09892,1.10615,1.09839,1.10271
2016-03-24,1.10302,1.10939,1.10269,1.10805
2016-03-25,1.10811,1.10988,1.10601,1.10638
2016-03-28,1.10635,1.10899,1.10376,1.10402
2016-03-29,1.10411,1.10915,1.10355,1.10633
2016-03-30,1.10656,1.10762,1.09519,1.09665
2016-03-31,1.09625,1.10035,1.0931,1.09988
2016-04-01,1.10012,1.10912,1.09694,1.10802
2016-04-04,1.10828,1.11652,1.10474,1.10619
2016-04-05,1.10692,1.112,1.10293,1.10534
2016-04-06,1.10419,1.12383,1.09824,1.11927
2016-04-07,1.11941,1.12242,1.11922,1.12127
2016-04-08,1.12088,1.12904,1.11929,1.12553
2016-04-11,1.12568,1.12599,1.11649,1.11954
2016-04-12,1.1195,1.1319,1.11807,1.12084
2016-04-13,1.12137,1.12358,1.11394,1.11434
2016-04-14,1.11391,1.11515,1.10353,1.10867
2016-04-15,1.10842,1.11315,1.08862,1.09578
2016-04-18,1.0957,1.09906,1.0837,1.08444
2016-04-19,1.08458,1.09812,1.08047,1.09398
2016-04-20,1.09424,1.11025,1.09158,1.10153
2016-04-21,1.10075,1.1059,1.097,1.10331
2016-04-22,1.10277,1.11787,1.09605,1.11144
2016-04-25,1.11214,1.1155,1.10244,1.10419
2016-04-26,1.10461,1.10481,1.08906,1.09563
2016-04-27,1.09558,1.09871,1.08517,1.09352
2016-04-28,1.09393,1.09783,1.08618,1.08879
2016-04-29,1.08877,1.10791,1.08803,1.10051
2016-05-02,1.10016,1.10443,1.09609,1.09951
2016-05-03,1.09921,1.09926,1.08224,1.08592
2016-05-04,1.08587,1.09865,1.08525,1.09423
2016-05-05,1.09399,1.09715,1.07433,1.0795
2016-05-06,1.07928,1.08614,1.06646,1.06959
2016-05-09,1.06977,1.08089,1.06946,1.07348
2016-05-10,1.07321,1.08605,1.06785,1.0825
2016-05-11,1.08261,1.08662,1.06655,1.06884
2016-05-12,1.06837,1.07165,1.06009,1.06554
2016-05-13,1.06573,1.06598,1.06364,1.06514
2016-05-16,1.06516,1.08113,1.05531,1.07761
2016-05-17,1.07758,1.08345,1.07573,1.07884
2016-05-18,1.07896,1.08275,1.05435,1.06184
2016-05-19,1.06166,1.06828,1.05892,1.06584
2016-05-20,1.06558,1.07307,1.05004,1.05571
2016-05-23,1.0552,1.05818,1.04854,1.05018
2016-05-24,1.05052,1.06515,1.04543,1.06391
2016-05-25,1.0642,1.06468,1.05355,1.05901
2016-05-26,1.05977,1.06923,1.04766,1.06662
2016-05-27,1.066,1.07488,1.0565,1.06413
2016-05-30,1.06463,1.07219,1.06211,1.06661
2016-05-31,1.06669,1.06766,1.05849,1.06118
2016-06-01,1.06155,1.06797,1.05581,1.05624
2016-06-02,1.05608,1.06086,1.04744,1.05166
2016-06-03,1.05172,1.05687,1.05006,1.05134
2016-06-06,1.05082,1.07303,1.04478,1.06389
2016-06-07,1.06414,1.06922,1.05626,1.06767
2016-06-08,1.06846,1.07311,1.06077,1.06658
2016-06-09,1.06579,1.06913,1.06167,1.06421
2016-06-10,1.06408,1.0651,1.06247,1.06271
2016-06-13,1.06244,1.07407,1.05708,1.07138
2016-06-14,1.07161,1.07664,1.05772,1.06392
2016-06-15,1.06419,1.07079,1.06245,1.06633
2016-06-16,1.06683,1.06926,1.06297,1.06754
2016-06-17,1.06666,1.08431,1.06417,1.08247
2016-06-20,1.08196,1.08429,1.06454,1.07447
2016-06-21,1.07428,1.0757,1.05432,1.05922
2016-06-22,1.05854,1.06097,1.05192,1.05758
2016-06-23,1.05739,1.06046,1.05706,1.05729
2016-06-24,1.0575,1.0613,1.03965,1.05098
2016-06-27,1.05046,1.06772,1.04829,1.06176
2016-06-28,1.0619,1.06609,1.05321,1.06341
2016-06-29,1.06307,1.06533,1.056,1.05607
2016-06-30,1.05515,1.06778,1.05438,1.06533
2016-07-01,1.06584,1.08515,1.06279,1.08043
2016-07-04,1.08007,1.08647,1.0754,1.07915
2016-07-05,1.07966,1.08712,1.07344,1.08577
2016-07-06,1.0856,1.0991,1.08253,1.0944
2016-07-07,1.09428,1.09599,1.07897,1.08682
2016-07-08,1.08684,1.08989,1.0859,1.08638
2016-07-11,1.08657,1.08835,1.07931,1.08367
2016-07-12,1.08386,1.09756,1.08265,1.09204
2016-07-13,1.09219,1.09483,1.08799,1.08959
2016-07-14,1.09061,1.09176,1.0842,1.08603
2016-07-15,1.08559,1.08725,1.07795,1.07937
2016-07-18,1.07946,1.09291,1.07363,1.08716
2016-07-19,1.08706,1.09541,1.08374,1.08392
2016-07-20,1.08408,1.08814,1.07835,1.0866
2016-07-21,1.08646,1.08913,1.07555,1.07971
2016-07-22,1.07943,1.08816,1.07395,1.08522
2016-07-25,1.08531,1.08931,1.08059,1.08374
2016-07-26,1.08366,1.08697,1.08091,1.08574
2016-07-27,1.08563,1.09065,1.08504,1.08627
2016-07-28,1.0852,1.09334,1.08272,1.08806
2016-07-29,1.0885,1.098,1.08646,1.09472
2016-08-01,1.09486,1.09675,1.09244,1.09597
2016-08-02,1.09612,1.10577,1.09087,1.10249
2016-08-03,1.10187,1.10401,1.10077,1.10356
2016-08-04,1.10295,1.1039,1.09598,1.09903
2016-08-05,1.09814,1.10572,1.09389,1.09453
2016-08-08,1.09404,1.09586,1.09198,1.09316
2016-08-09,1.09357,1.09583,1.08552,1.09016
2016-08-10,1.0901,1.09598,1.0887,1.09373
2016-08-11,1.09431,1.10019,1.09141,1.09956
2016-08-12,1.09946,1.10314,1.09704,1.09953
2016-08-15,1.09946,1.10284,1.09223,1.0962
2016-08-16,1.09681,1.10547,1.09427,1.10398
2016-08-17,1.1034,1.10605,1.10263,1.10359
2016-08-18,1.10352,1.10585,1.0922,1.09487
2016-08-19,1.09464,1.10961,1.09142,1.10701
2016-08-22,1.10725,1.11349,1.10385,1.11196
2016-08-23,1.1117,1.11415,1.09997,1.10033
2016-08-24,1.10062,1.10167,1.09558,1.09786
2016-08-25,1.09789,1.10595,1.09379,1.10095
2016-08-26,1.10019,1.10128,1.08894,1.09531
2016-08-29,1.09449,1.09933,1.08954,1.09295
2016-08-30,1.09334,1.0944,1.06493,1.07168
2016-08-31,1.07146,1.07167,1.06649,1.06932
2016-09-01,1.06962,1.07855,1.06688,1.06889
2016-09-02,1.06881,1.07569,1.05834,1.06107
2016-09-05,1.06154,1.06154,1.05795,1.05814
2016-09-06,1.05784,1.06137,1.04872,1.04917
2016-09-07,1.04977,1.05824,1.04334,1.04581
2016-09-08,1.04601,1.05104,1.04296,1.04859
2016-09-09,1.04903,1.05416,1.04825,1.04937
2016-09-12,1.04968,1.05525,1.04866,1.05378
2016-09-13,1.05329,1.06368,1.05216,1.06239
2016-09-14,1.06191,1.06808,1.0565,1.06131
2016-09-15,1.06145,1.07352,1.05008,1.05404
2016-09-16,1.05423,1.05714,1.05023,1.05403
2016-09-19,1.05406,1.05687,1.04297,1.05005
2016-09-20,1.04951,1.0728,1.04586,1.07229
2016-09-21,1.07238,1.07573,1.05199,1.05525
2016-09-22,1.0552,1.05566,1.0494,1.05318
2016-09-23,1.05312,1.0609,1.037,1.04339
2016-09-26,1.04332,1.05436,1.04125,1.05298
2016-09-27,1.05279,1.0577,1.05069,1.05661
2016-09-28,1.05618,1.0566,1.04179,1.04734
2016-09-29,1.04751,1.05501,1.04284,1.04675
2016-09-30,1.04699,1.04832,1.04289,1.04744
2016-10-03,1.04702,1.05175,1.04319,1.04567
2016-10-04,1.0454,1.04661,1.03732,1.03834
2016-10-05,1.03785,1.03982,1.03014,1.03176
2016-10-06,1.03194,1.03582,1.02383,1.02569
2016-10-07,1.02619,1.03687,1.02479,1.03296
2016-10-10,1.03275,1.03382,1.01964,1.02025
2016-10-11,1.02018,1.02139,1.01655,1.02075
2016-10-12,1.0207,1.02178,1.00331,1.00507
2016-10-13,1.00561,1.00803,1.00147,1.00255
2016-10-14,1.00225,1.0034,0.99355,0.99586
2016-10-17,0.99542,1.01691,0.99002,1.01523
2016-10-18,1.01529,1.01709,1.00117,1.00569
2016-10-19,1.00531,1.01431,1.00013,1.00902
2016-10-20,1.00863,1.01306,1.00161,1.00337
2016-10-21,1.00395,1.0103,0.98994,0.99116
2016-10-24,0.99071,0.99501,0.98285,0.98859
2016-10-25,0.9888,0.99324,0.98469,0.99202
2016-10-26,0.99146,0.99315,0.97588,0.97775
2016-10-27,0.97801,0.98377,0.97079,0.9815
2016-10-28,0.9817,0.98419,0.98168,0.9829
2016-10-31,0.9823,0.99643,0.97596,0.98798
2016-11-01,0.98777,0.9907,0.97501,0.97826
2016-11-02,0.97841,0.99448,0.97195,0.99102
2016-11-03,0.99171,1.00464,0.98492,0.9968
2016-11-04,0.9963,1.009,0.99586,1.0067
2016-11-07,1.00602,1.01376,1.00063,1.01226
2016-11-08,1.01228,1.01887,1.01135,1.01822
2016-11-09,1.0182,1.02134,1.00997,1.012
2016-11-10,1.01168,1.01896,1.00848,1.01734
2016-11-11,1.01751,1.0205,1.00568,1.00693
2016-11-14,1.00675,1.01355,0.99799,1.00883
2016-11-15,1.00933,1.01519,1.00373,1.00524
2016-11-16,1.00573,1.00852,1.00415,1.00684
2016-11-17,1.00632,1.01521,1.0006,1.01202
2016-11-18,1.01258,1.01607,1.00776,1.01438
2016-11-21,1.01391,1.02152,1.00884,1.01548
2016-11-22,1.01587,1.02501,1.01047,1.01743
2016-11-23,1.01762,1.02078,1.0146,1.01921
2016-11-24,1.01938,1.02209,1.00308,1.01026
2016-11-25,1.01094,1.01358,1.00768,1.00937
2016-11-28,1.00892,1.01876,1.00663,1.01543
2016-11-29,1.01548,1.01665,1.00663,1.00774
2016-11-30,1.00712,1.01001,1.00028,1.00994
2016-12-01,1.01017,1.01154,1.00416,1.00859
2016-12-02,1.00884,1.01453,1.00348,1.00644
2016-12-05,1.00623,1.00852,1.00531,1.00688
2016-12-06,1.00658,1.01243,1.00289,1.00585
2016-12-07,1.00571,1.01237,1.00509,1.01204
2016-12-08,1.01157,1.01949,1.00811,1.01698
2016-12-09,1.01737,1.01852,1.00908,1.01164
2016-12-12,1.01156,1.01266,1.00755,1.00792
2016-12-13,1.00809,1.01028,1.00313,1.00706
2016-12-14,1.0078,1.00855,0.99993,1.00437
2016-12-15,1.00436,1.00892,1.0042,1.00562
2016-12-16,1.00529,1.01245,1.00292,1.00987
2016-12-19,1.00959,1.00987,1.00841,1.00941
2016-12-20,1.01002,1.01367,1.0069,1.01239
2016-12-21,1.01174,1.02722,1.00877,1.02398
2016-12-22,1.02371,1.02717,1.02129,1.02545
2016-12-23,1.02584,1.03176,1.02187,1.0284
2016-12-26,1.02793,1.02994,1.02534,1.02941
2016-12-27,1.02927,1.02933,1.02665,1.0288
2016-12-28,1.02927,1.03238,1.02296,1.02444
2016-12-29,1.02424,1.0266,1.01818,1.02384
2016-12-30,1.0243,1.02743,1.02044,1.02725
2017-01-02,1.02751,1.03051,1.02528,1.0286
2017-01-03,1.02876,1.03149,1.02681,1.03112
2017-01-04,1.03102,1.03539,1.03028,1.03465
2017-01-05,1.03482,1.0374,1.03203,1.03234
2017-01-06,1.03314,1.0344,1.02967,1.0309
2017-01-09,1.03092,1.03308,1.02538,1.02701
2017-01-10,1.02693,1.02779,1.01642,1.02367
2017-01-11,1.02382,1.03235,1.02065,1.03051
2017-01-12,1.03027,1.03154,1.02508,1.03087
2017-01-13,1.03204,1.03229,1.02632,1.02688
2017-01-16,1.02755,1.03203,1.0221,1.03002
2017-01-17,1.02944,1.03393,1.02661,1.02819
2017-01-18,1.02865,1.03076,1.02103,1.02213
2017-01-19,1.02158,1.02185,1.01974,1.02054
2017-01-20,1.02127,1.02725,1.01723,1.02407
2017-01-23,1.02448,1.02884,1.02223,1.02545
2017-01-24,1.02582,1.03036,1.02504,1.0255
2017-01-25,1.02554,1.02652,1.01738,1.02511
2017-01-26,1.02525,1.02766,1.01894,1.01954
2017-01-27,1.01967,1.02294,1.01655,1.02244
2017-01-30,1.02209,1.02424,1.00877,1.01498
2017-01-31,1.01487,1.01708,1.0139,1.01615
2017-02-01,1.01616,1.03232,1.01293,1.02939
2017-02-02,1.02826,1.03151,1.016,1.01932
2017-02-03,1.01872,1.02734,1.01099,1.02641
2017-02-06,1.02611,1.03544,1.02164,1.03113
2017-02-07,1.03136,1.03337,1.02813,1.02899
2017-02-08,1.02856,1.03523,1.02489,1.03196
2017-02-09,1.03163,1.03856,1.02783,1.02824
2017-02-10,1.02792,1.03252,1.02621,1.02783
2017-02-13,1.02802,1.03346,1.02519,1.03225
2017-02-14,1.03239,1.03323,1.02849,1.02881
2017-02-15,1.02861,1.03101,1.02458,1.03043
2017-02-16,1.03111,1.03843,1.0278,1.03625
2017-02-17,1.03578,1.03836,1.03472,1.03604
2017-02-20,1.03613,1.03991,1.03475,1.0372
2017-02-21,1.03669,1.03836,1.02534,1.02772
2017-02-22,1.02765,1.0299,1.02034,1.02488
2017-02-23,1.0249,1.0335,1.01804,1.02226
2017-02-24,1.02237,1.03394,1.01917,1.03027
2017-02-27,1.03006,1.0314,1.02719,1.02785
2017-02-28,1.02845,1.02888,1.02206,1.02819
2017-03-01,1.02813,1.02828,1.02536,1.02686
2017-03-02,1.02694,1.02949,1.02401,1.02921
2017-03-03,1.02794,1.0296,1.02291,1.02918
2017-03-06,1.02911,1.0346,1.02582,1.02875
2017-03-07,1.0296,1.0299,1.02741,1.02792
2017-03-08,1.02917,1.03498,1.02877,1.03288
2017-03-09,1.03235,1.03506,1.02405,1.02883
2017-03-10,1.02836,1.03427,1.02143,1.02145
2017-03-13,1.02153,1.02411,1.02101,1.02289
2017-03-14,1.02286,1.03243,1.02235,1.02764
2017-03-15,1.02685,1.0324,1.02095,1.02122
2017-03-16,1.02105,1.02493,1.01654,1.01846
2017-03-17,1.0185,1.02064,1.01491,1.01726
2017-03-20,1.01631,1.02159,1.01404,1.01934
2017-03-21,1.01945,1.02505,1.01185,1.01786
2017-03-22,1.01768,1.02015,1.01212,1.01401
2017-03-23,1.01409,1.02199,1.00798,1.02032
2017-03-24,1.02075,1.02659,1.01845,1.02311
2017-03-27,1.0238,1.02726,1.01749,1.02032
2017-03-28,1.01988,1.0261,1.01177,1.0203
2017-03-29,1.02074,1.0298,1.01774,1.02612
2017-03-30,1.02607,1.02826,1.01889,1.0229
2017-03-31,1.02286,1.04075,1.0225,1.03742
2017-04-03,1.03753,1.04382,1.03575,1.03669
2017-04-04,1.0371,1.04339,1.03253,1.04141
2017-04-05,1.04189,1.04475,1.03562,1.03916
2017-04-06,1.03885,1.05221,1.03829,1.04466
2017-04-07,1.04472,1.04696,1.0389,1.04153
2017-04-10,1.04216,1.0544,1.04146,1.04657
2017-04-11,1.04598,1.05761,1.03839,1.05133
2017-04-12,1.05138,1.05314,1.04716,1.05073
2017-04-13,1.05132,1.05501,1.03809,1.04121
2017-04-14,1.0408,1.0438,1.03088,1.0365
2017-04-17,1.03637,1.04293,1.03503,1.03657
2017-04-18,1.03747,1.04452,1.03625,1.03817
2017-04-19,1.0377,1.03859,1.02766,1.02817
2017-04-20,1.02842,1.03852,1.02171,1.03564
2017-04-21,1.03588,1.03998,1.03202,1.03935
2017-04-24,1.03966,1.04976,1.03706,1.04424
2017-04-25,1.0436,1.04718,1.03692,1.04344
2017-04-26,1.04363,1.04459,1.03614,1.04041
2017-04-27,1.0399,1.04951,1.03654,1.04579
2017-04-28,1.04614,1.05635,1.04427,1.04907
2017-05-01,1.04843,1.05342,1.0321,1.03709
2017-05-02,1.03807,1.05499,1.0347,1.05132
2017-05-03,1.05051,1.05495,1.04958,1.05116
2017-05-04,1.05107,1.0604,1.04969,1.0524
2017-05-05,1.0516,1.05177,1.04613,1.04955
2017-05-08,1.04948,1.062,1.04784,1.05893
2017-05-09,1.0594,1.06457,1.05607,1.05941
2017-05-10,1.05892,1.06508,1.05687,1.06211
2017-05-11,1.06171,1.06525,1.0609,1.0636
2017-05-12,1.06408,1.06619,1.05402,1.0579
2017-05-15,1.05741,1.06525,1.04536,1.05549
2017-05-16,1.0555,1.06013,1.05077,1.05139
2017-05-17,1.05112,1.05912,1.04311,1.05546
2017-05-18,1.05509,1.06788,1.05501,1.06214
2017-05-19,1.0624,1.06586,1.05567,1.05829
2017-05-22,1.0584,1.0585,1.049,1.05467
2017-05-23,1.05482,1.05979,1.05018,1.05885
2017-05-24,1.05856,1.06028,1.05509,1.05521
2017-05-25,1.05496,1.06455,1.05232,1.05775
2017-05-26,1.05773,1.0596,1.04846,1.04886
2017-05-29,1.04968,1.06267,1.04761,1.05418
2017-05-30,1.05342,1.05891,1.05029,1.05259
2017-05-31,1.05274,1.06049,1.05091,1.05805
2017-06-01,1.05849,1.06013,1.04762,1.05118
2017-06-02,1.05154,1.05256,1.04398,1.0498
2017-06-05,1.05001,1.05095,1.04603,1.04674
2017-06-06,1.04626,1.04828,1.04208,1.04612
2017-06-07,1.04634,1.0515,1.04484,1.0503
2017-06-08,1.0502,1.05898,1.04232,1.05869
2017-06-09,1.05865,1.07164,1.05465,1.06572
2017-06-12,1.06533,1.07062,1.05679,1.05762
2017-06-13,1.05822,1.07877,1.05411,1.07366
2017-06-14,1.07421,1.08416,1.0634,1.06551
2017-06-15,1.06495,1.06925,1.05949,1.06054
2017-06-16,1.06025,1.06125,1.04937,1.05383
2017-06-19,1.05428,1.0653,1.05327,1.05742
2017-06-20,1.05706,1.06,1.04599,1.05406
2017-06-21,1.05447,1.06387,1.05272,1.06367
2017-06-22,1.0638,1.06955,1.06317,1.06916
2017-06-23,1.06933,1.07635,1.06549,1.07272
2017-06-26,1.07199,1.08193,1.06947,1.08148
2017-06-27,1.08158,1.09587,1.08122,1.09373
2017-06-28,1.09383,1.09501,1.09159,1.09386
2017-06-29,1.09379,1.0957,1.08582,1.09138
2017-06-30,1.09184,1.09488,1.08662,1.08787
2017-07-03,1.0883,1.09278,1.08416,1.08717
2017-07-04,1.08761,1.08943,1.0803,1.08398
2017-07-05,1.08409,1.08844,1.08001,1.08134
2017-07-06,1.08126,1.08168,1.0724,1.07411
2017-07-07,1.07376,1.07842,1.06437,1.06457
2017-07-10,1.06481,1.06643,1.05811,1.06029
2017-07-11,1.06023,1.06217,1.05233,1.0554
2017-07-12,1.0556,1.06313,1.05386,1.0569
2017-07-13,1.05711,1.0622,1.05479,1.06118
2017-07-14,1.06138,1.0664,1.05895,1.06382
2017-07-17,1.06418,1.06665,1.04761,1.05585
2017-07-18,1.0555,1.06854,1.0516,1.0682
2017-07-19,1.06747,1.07616,1.0649,1.07452
2017-07-20,1.0739,1.08227,1.07104,1.07965
2017-07-21,1.07961,1.09329,1.07255,1.08926
2017-07-24,1.08931,1.10319,1.0889,1.09639
2017-07-25,1.09626,1.10185,1.09513,1.10062
2017-07-26,1.10102,1.10538,1.09591,1.10426
2017-07-27,1.10379,1.10803,1.10031,1.10553
2017-07-28,1.10529,1.11445,1.10305,1.10348
2017-07-31,1.10288,1.10903,1.093,1.09906
2017-08-01,1.09868,1.09894,1.08827,1.09229
2017-08-02,1.09216,1.09458,1.08852,1.09019
2017-08-03,1.08997,1.09797,1.08241,1.09767
2017-08-04,1.09718,1.11528,1.0922,1.10734
2017-08-07,1.10727,1.11371,1.0922,1.102
2017-08-08,1.10256,1.10835,1.0904,1.10758
2017-08-09,1.10703,1.11066,1.09202,1.10264
2017-08-10,1.10265,1.11423,1.0975,1.1123
2017-08-11,1.11224,1.11728,1.10869,1.11396
2017-08-14,1.11418,1.11799,1.10592,1.1087
2017-08-15,1.10781,1.11154,1.1008,1.10758
2017-08-16,1.10882,1.11039,1.09481,1.09769
2017-08-17,1.09649,1.09995,1.0948,1.09733
2017-08-18,1.0973,1.09934,1.08721,1.08958
2017-08-21,1.08978,1.09218,1.08554,1.08907
2017-08-22,1.0885,1.09346,1.0755,1.07612
2017-08-23,1.07564,1.08083,1.06853,1.07365
2017-08-24,1.07402,1.0792,1.07331,1.07658
2017-08-25,1.07642,1.07746,1.07096,1.07157
2017-08-28,1.07131,1.07649,1.06945,1.07373
2017-08-29,1.07358,1.08221,1.07028,1.07029
2017-08-30,1.07077,1.07731,1.06551,1.06848
2017-08-31,1.06916,1.07116,1.06824,1.07048
2017-09-01,1.07083,1.07714,1.05663,1.05889
2017-09-04,1.05912,1.06173,1.05266,1.05647
2017-09-05,1.05656,1.05944,1.05416,1.05788
2017-09-06,1.05778,1.05997,1.04775,1.05178
2017-09-07,1.05137,1.05602,1.04271,1.04481
2017-09-08,1.0451,1.04565,1.03904,1.04408
2017-09-11,1.04362,1.04555,1.03568,1.03744
2017-09-12,1.03812,1.04337,1.02206,1.02514
2017-09-13,1.02465,1.03324,1.01734,1.02726
2017-09-14,1.02694,1.03471,1.02533,1.0259
2017-09-15,1.02592,1.03669,1.024,1.03466
2017-09-18,1.03476,1.03601,1.02901,1.03431
2017-09-19,1.03371,1.03745,1.02442,1.02559
2017-09-20,1.02555,1.04256,1.01951,1.03917
2017-09-21,1.03919,1.04373,1.02508,1.02529
2017-09-22,1.02582,1.03109,1.02498,1.02865
2017-09-25,1.02845,1.03513,1.02552,1.03443
2017-09-26,1.03404,1.04331,1.02635,1.02703
2017-09-27,1.02743,1.02974,1.0119,1.01692
2017-09-28,1.01628,1.02573,1.00245,1.01162
2017-09-29,1.01199,1.01545,1.00259,1.0027
2017-10-02,1.00269,1.0072,0.99065,0.99285
2017-10-03,0.99315,0.99489,0.98335,0.98581
2017-10-04,0.98632,0.98791,0.98358,0.98744
2017-10-05,0.98775,0.98921,0.97402,0.97715
2017-10-06,0.97753,0.99123,0.97348,0.9875
2017-10-09,0.98799,0.98907,0.98398,0.98399
2017-10-10,0.98426,0.98989,0.97366,0.97771
2017-10-11,0.97811,0.97907,0.97424,0.97607
2017-10-12,0.97586,0.97748,0.96791,0.97223
2017-10-13,0.97261,0.97769,0.96936,0.97584
2017-10-16,0.976,0.99065,0.97227,0.98763
2017-10-17,0.98749,0.99091,0.98621,0.98952
2017-10-18,0.99029,0.99208,0.98269,0.98516
2017-10-19,0.98458,0.99075,0.98183,0.98895
2017-10-20,0.98874,0.9935,0.98449,0.99095
2017-10-23,0.99089,0.99351,0.97521,0.98107
2017-10-24,0.98061,0.98069,0.97586,0.97644
2017-10-25,0.97654,0.97944,0.97411,0.97423
2017-10-26,0.97489,0.97578,0.96937,0.97441
2017-10-27,0.97488,0.98754,0.96986,0.98376
2017-10-30,0.98475,0.99686,0.98423,0.99547
2017-10-31,0.9948,0.9955,0.98878,0.99106
2017-11-01,0.99112,0.99969,0.98488,0.99543
2017-11-02,0.99501,0.99586,0.98187,0.98304
2017-11-03,0.98311,0.98318,0.98071,0.98206
2017-11-06,0.98194,0.9915,0.97793,0.98646
2017-11-07,0.98674,0.99375,0.96896,0.97438
2017-11-08,0.97477,0.98729,0.97434,0.98065
2017-11-09,0.98093,0.99514,0.97994,0.99316
2017-11-10,0.99284,0.9955,0.99073,0.99142
2017-11-13,0.9914,0.99144,0.98335,0.98579
2017-11-14,0.98647,0.98821,0.97191,0.98162
2017-11-15,0.9818,0.98532,0.97583,0.97947
2017-11-16,0.97929,0.9799,0.97692,0.97816
2017-11-17,0.97792,0.99339,0.97388,0.9836
2017-11-20,0.98279,0.98557,0.97424,0.97475
2017-11-21,0.97528,0.98953,0.95329,0.95877
2017-11-22,0.95882,0.96159,0.94012,0.94085
2017-11-23,0.94112,0.94696,0.93475,0.94658
2017-11-24,0.94625,0.96454,0.94124,0.96149
2017-11-27,0.96124,0.96513,0.95669,0.96391
2017-11-28,0.96433,0.97462,0.95231,0.9718
2017-11-29,0.97164,0.97321,0.97136,0.97138
2017-11-30,0.97121,0.9817,0.9661,0.97565
2017-12-01,0.97574,0.97763,0.96471,0.97108
2017-12-04,0.97046,0.97528,0.96885,0.97368
2017-12-05,0.97365,0.98449,0.971,0.97657
2017-12-06,0.97702,0.98638,0.97328,0.97378
2017-12-07,0.97302,0.97833,0.97104,0.97448
2017-12-08,0.97395,0.97949,0.97113,0.97839
2017-12-11,0.97846,0.98362,0.97195,0.98083
2017-12-12,0.98085,0.98299,0.97616,0.97839
2017-12-13,0.97841,0.9794,0.96787,0.96973
2017-12-14,0.96916,0.97482,0.96057,0.96164
2017-12-15,0.9621,0.97078,0.95751,0.96857
2017-12-18,0.969,0.97059,0.96545,0.96768
2017-12-19,0.96684,0.97921,0.96416,0.97456
2017-12-20,0.9745,0.9787,0.97165,0.97617
2017-12-21,0.9765,0.99143,0.97392,0.98747
2017-12-22,0.98815,0.98881,0.98405,0.98656
2017-12-25,0.98656,0.99295,0.98172,0.98967
2017-12-26,0.99056,0.99521,0.98916,0.99186
2017-12-27,0.99162,1.00143,0.99108,0.99559
2017-12-28,0.99616,0.99634,0.9873,0.98909
2017-12-29,0.98869,0.99545,0.98481,0.9929
2018-01-01,0.99288,0.99532,0.98956,0.99264
2018-01-02,0.99224,1.00397,0.98872,1.00146
2018-01-03,1.00232,1.00414,0.98785,0.99383
2018-01-04,0.99353,0.99761,0.97925,0.98522
2018-01-05,0.98551,0.98773,0.9786,0.98348
2018-01-08,0.983,0.98904,0.97421,0.97675
2018-01-09,0.97618,0.98134,0.97191,0.97714
2018-01-10,0.97704,0.97881,0.96494,0.96606
2018-01-11,0.96615,0.97484,0.96248,0.96986
2018-01-12,0.96998,0.97491,0.95859,0.95967
2018-01-15,0.95924,0.9733,0.95726,0.96327
2018-01-16,0.96316,0.96978,0.95754,0.95899
2018-01-17,0.95951,0.97491,0.9595,0.97237
2018-01-18,0.97262,0.98105,0.97156,0.97442
2018-01-19,0.97478,0.97556,0.96684,0.9693
2018-01-22,0.96917,0.97193,0.96767,0.96877
2018-01-23,0.9688,0.97448,0.95955,0.96317
2018-01-24,0.96268,0.97443,0.96165,0.97412
2018-01-25,0.97456,0.97559,0.97117,0.97244
2018-01-26,0.97204,0.97938,0.96468,0.97406
2018-01-29,0.97419,0.98291,0.96756,0.9828
2018-01-30,0.98335,0.98614,0.9801,0.98042
2018-01-31,0.98035,0.98157,0.97288,0.97473
2018-02-01,0.97479,0.97537,0.96759,0.9701
2018-02-02,0.96993,0.97369,0.96247,0.96512
2018-02-05,0.96507,0.9713,0.96302,0.97055
2018-02-06,0.97067,0.98366,0.96426,0.97972
2018-02-07,0.97897,0.99025,0.97814,0.98429
2018-02-08,0.98459,0.98946,0.97537,0.9875
2018-02-09,0.98735,0.99099,0.98332,0.98369
2018-02-12,0.98406,0.98724,0.97513,0.97797
2018-02-13,0.97755,0.98009,0.97554,0.97902
2018-02-14,0.97937,0.99653,0.97702,0.98868
2018-02-15,0.98892,0.99505,0.97725,0.993
2018-02-16,0.99343,1.00142,0.99064,0.9947
2018-02-19,0.99481,0.99751,0.99086,0.9928
2018-02-20,0.99253,1.00414,0.98647,0.98955
2018-02-21,0.98903,1.00196,0.98739,0.99829
2018-02-22,0.99908,1.00761,0.99123,0.99293
2018-02-23,0.99378,1.00062,0.99117,0.99226
2018-02-26,0.9916,0.99512,0.9901,0.99352
2018-02-27,0.99351,1.00978,0.99178,1.00822
2018-02-28,1.00843,1.02485,1.00838,1.02418
2018-03-01,1.02432,1.02987,1.00706,1.01503
2018-03-02,1.01478,1.01547,1.00238,1.00293
2018-03-05,1.00255,1.01154,0.99048,0.99612
2018-03-06,0.9959,0.99971,0.99115,0.9991
2018-03-07,0.99878,1.00461,0.9985,1.00377
2018-03-08,1.00353,1.00355,0.99524,0.9982
2018-03-09,0.99862,1.00069,0.98338,0.99351
2018-03-12,0.99284,1.01839,0.98835,1.01629
2018-03-13,1.01647,1.01917,1.01057,1.01873
2018-03-14,1.01836,1.02125,1.01042,1.01098
2018-03-15,1.01052,1.01822,1.00614,1.01364
2018-03-16,1.01367,1.01785,1.00715,1.01471
2018-03-19,1.01451,1.01653,1.01044,1.01278
2018-03-20,1.01325,1.01855,0.99682,0.9973
2018-03-21,0.99665,1.01033,0.99352,1.00868
2018-03-22,1.00876,1.01041,1.00253,1.0058
2018-03-23,1.00561,1.00849,1.00448,1.00511
2018-03-26,1.00566,1.00602,0.99934,1.00272
2018-03-27,1.00325,1.00696,0.9862,0.99124
2018-03-28,0.99135,0.99953,0.9849,0.98801
2018-03-29,0.98834,0.99515,0.98723,0.9893
2018-03-30,0.98945,0.99422,0.97589,0.98663
2018-04-02,0.98666,0.98738,0.9792,0.98033
2018-04-03,0.9806,0.99072,0.97815,0.98879
2018-04-04,0.98861,0.98877,0.97753,0.9797
2018-04-05,0.97942,0.98021,0.97349,0.9741
2018-04-06,0.97341,0.97422,0.9698,0.97166
2018-04-09,0.97152,0.99422,0.97004,0.98798
2018-04-10,0.98822,0.99213,0.97515,0.97783
2018-04-11,0.97744,0.98324,0.97398,0.98096
2018-04-12,0.98038,0.98249,0.97262,0.97859
2018-04-13,0.97867,0.98865,0.97701,0.98616
2018-04-16,0.98635,0.98989,0.98032,0.98182
2018-04-17,0.98222,0.98299,0.97549,0.97775
2018-04-18,0.97783,0.98789,0.9731,0.98659
2018-04-19,0.98671,0.99027,0.98377,0.98903
2018-04-20,0.98899,0.99351,0.98787,0.99106
2018-04-23,0.99095,1.00043,0.98215,0.99587
2018-04-24,0.99612,0.99998,0.99023,0.9914
2018-04-25,0.99124,1.00338,0.99067,1.00198
2018-04-26,1.00186,1.00787,0.98839,0.99562
2018-04-27,0.99532,0.99687,0.99434,0.99459
2018-04-30,0.99536,0.99614,0.99239,0.99377
2018-05-01,0.9936,0.99669,0.98404,0.98679
2018-05-02,0.98689,0.99664,0.98422,0.99246
2018-05-03,0.99223,0.99595,0.98758,0.99457
2018-05-04,0.99472,1.00254,0.99393,0.99767
2018-05-07,0.99768,1.00184,0.99151,0.99191
2018-05-08,0.99216,0.99823,0.98861,0.99277
2018-05-09,0.99244,0.99289,0.97839,0.98276
2018-05-10,0.98303,0.98671,0.97254,0.97286
2018-05-11,0.97314,0.98174,0.97183,0.97711
2018-05-14,0.97659,0.98476,0.97543,0.98399
2018-05-15,0.98448,0.98921,0.9836,0.98588
2018-05-16,0.98584,0.9882,0.98386,0.98447
2018-05-17,0.9846,0.99495,0.98036,0.98987
2018-05-18,0.9898,0.99054,0.98809,0.98812
2018-05-21,0.9879,0.9942,0.98608,0.99237
2018-05-22,0.99244,1.00347,0.98948,0.99871
2018-05-23,0.99881,0.99983,0.99448,0.99909
2018-05-24,0.99987,1.00969,0.99643,1.00894
2018-05-25,1.00996,1.01659,1.00576,1.00603
2018-05-28,1.00549,1.00689,0.99961,1.00069
2018-05-29,1.00098,1.0059,0.99787,1.0028
2018-05-30,1.00308,1.00403,0.99901,1.00132
2018-05-31,1.00133,1.00466,0.98866,0.99159
2018-06-01,0.99164,0.99267,0.98018,0.98514
2018-06-04,0.98563,0.99311,0.98088,0.99126
2018-06-05,0.9916,1.00132,0.98921,0.99536
2018-06-06,0.99545,1.00382,0.99539,0.99771
2018-06-07,0.99738,0.99992,0.99019,0.99284
2018-06-08,0.99327,1.00067,0.988,0.99956
2018-06-11,0.99961,0.99961,0.98824,0.98833
2018-06-12,0.98774,0.98819,0.98036,0.98448
2018-06-13,0.9848,0.98974,0.98252,0.98705
2018-06-14,0.98666,0.9867,0.97784,0.98447
2018-06-15,0.98459,0.98838,0.97687,0.97723
2018-06-18,0.97724,0.98127,0.96202,0.9663
2018-06-19,0.96647,0.97611,0.96285,0.97206
2018-06-20,0.97193,0.97712,0.9667,0.96973
2018-06-21,0.97011,0.97951,0.965,0.975
2018-06-22,0.97454,0.98589,0.97429,0.9827
2018-06-25,0.98311,0.98411,0.97431,0.97989
2018-06-26,0.98001,0.98109,0.97829,0.97868
2018-06-27,0.97888,0.97951,0.97522,0.97712
2018-06-28,0.97733,0.98271,0.97628,0.98166
2018-06-29,0.98131,0.98591,0.97949,0.98586
2018-07-02,0.98647,0.99158,0.9803,0.98505
2018-07-03,0.98505,0.99589,0.97917,0.97977
2018-07-04,0.97934,0.98347,0.97934,0.98165
2018-07-05,0.98167,0.98342,0.98058,0.98304
2018-07-06,0.98279,0.98301,0.96872,0.97637
2018-07-09,0.97613,0.981,0.97436,0.98007
2018-07-10,0.97979,0.98147,0.97011,0.97138
2018-07-11,0.97136,0.97766,0.96825,0.97662
2018-07-12,0.97727,0.97846,0.96771,0.96945
2018-07-13,0.96912,0.97468,0.96848,0.97433
2018-07-16,0.97478,0.97667,0.97256,0.97465
2018-07-17,0.97472,0.97596,0.96984,0.97456
2018-07-18,0.97484,0.98032,0.96918,0.97357
2018-07-19,0.97412,0.97782,0.9734,0.97697
2018-07-20,0.97636,0.97886,0.97216,0.97267
2018-07-23,0.97312,0.9764,0.97224,0.97425
2018-07-24,0.97413,0.97545,0.96956,0.97503
2018-07-25,0.97499,0.97781,0.97245,0.97369
2018-07-26,0.97388,0.98255,0.96866,0.98095
2018-07-27,0.98035,0.99046,0.97242,0.98616
2018-07-30,0.98672,0.98825,0.97874,0.9806
2018-07-31,0.98044,0.9925,0.97812,0.99165
2018-08-01,0.99208,0.99332,0.98674,0.99136
2018-08-02,0.99168,1.00237,0.98747,0.99989
2018-08-03,0.99975,1.00322,0.995,0.99713
2018-08-06,0.99678,0.99997,0.98981,0.99537
2018-08-07,0.99546,0.99761,0.98606,0.99041
2018-08-08,0.99005,0.99595,0.98323,0.99047
2018-08-09,0.98986,0.99528,0.98704,0.99259
2018-08-10,0.99274,0.99437,0.98775,0.99276
2018-08-13,0.99273,1.00216,0.99163,0.99824
2018-08-14,0.99868,1.00297,0.99828,0.99981
2018-08-15,0.99978,1.01009,0.99818,1.00793
2018-08-16,1.00765,1.01106,1.00388,1.01028
2018-08-17,1.01023,1.0167,1.00995,1.01112
2018-08-20,1.01102,1.01294,1.00284,1.00607
2018-08-21,1.00647,1.00943,1.00197,1.00396
2018-08-22,1.00373,1.00648,1.002,1.00644
2018-08-23,1.00651,1.00771,1.00154,1.00513
2018-08-24,1.00491,1.00892,0.99925,1.00103
2018-08-27,1.0006,1.01333,0.99656,1.00719
2018-08-28,1.00747,1.01164,1.00185,1.00296
2018-08-29,1.00327,1.00374,0.99988,1.00172
2018-08-30,1.00152,1.00704,0.99637,0.9986
2018-08-31,0.99857,1.00685,0.99484,1.00592
2018-09-03,1.00626,1.00752,0.99633,1.00519
2018-09-04,1.00471,1.02017,1.00358,1.01801
2018-09-05,1.01802,1.02998,1.01433,1.02782
2018-09-06,1.02865,1.03024,1.0263,1.02819
2018-09-07,1.02864,1.02945,1.02223,1.02671
2018-09-10,1.02655,1.03002,1.02621,1.02833
2018-09-11,1.02842,1.02848,1.01747,1.01993
2018-09-12,1.02046,1.03734,1.01647,1.03158
2018-09-13,1.03191,1.03388,1.02644,1.03099
2018-09-14,1.03053,1.03556,1.02019,1.02375
2018-09-17,1.02424,1.02575,1.01953,1.02036
2018-09-18,1.02045,1.02322,1.01331,1.0137
2018-09-19,1.01364,1.01513,1.01168,1.01233
2018-09-20,1.01271,1.01622,1.00867,1.01089
2018-09-21,1.01104,1.02487,1.00802,1.02174
2018-09-24,1.02176,1.03527,1.01468,1.03326
2018-09-25,1.03369,1.04629,1.02998,1.04071
2018-09-26,1.04104,1.04893,1.03736,1.03993
2018-09-27,1.0393,1.04087,1.03202,1.0349
2018-09-28,1.03528,1.03789,1.03169,1.0324
2018-10-01,1.03326,1.03646,1.02691,1.02728
2018-10-02,1.02736,1.02917,1.01677,1.02361
2018-10-03,1.02306,1.03006,1.01497,1.0274
2018-10-04,1.02724,1.03246,1.02384,1.02879
2018-10-05,1.02881,1.02927,1.01943,1.02424
2018-10-08,1.02395,1.02729,1.0207,1.02621
2018-10-09,1.02535,1.03655,1.02047,1.03588
2018-10-10,1.03556,1.06101,1.02876,1.05873
2018-10-11,1.05895,1.06518,1.05693,1.0624
2018-10-12,1.06234,1.06529,1.06057,1.06173
2018-10-15,1.0617,1.06553,1.05639,1.05716
2018-10-16,1.05723,1.06946,1.05479,1.06754
2018-10-17,1.06769,1.07956,1.06022,1.07092
2018-10-18,1.07082,1.07196,1.06837,1.07087
2018-10-19,1.07092,1.07329,1.06893,1.06909
2018-10-22,1.06933,1.07916,1.06623,1.0742
2018-10-23,1.07384,1.07701,1.07196,1.07314
2018-10-24,1.07241,1.08294,1.07029,1.08211
2018-10-25,1.08227,1.08985,1.07938,1.08152
2018-10-26,1.08225,1.08425,1.07682,1.08015
2018-10-29,1.08043,1.08896,1.07965,1.08245
2018-10-30,1.0823,1.09017,1.08061,1.09009
2018-10-31,1.09,1.09037,1.08116,1.0812
2018-11-01,1.08099,1.08736,1.08033,1.08434
2018-11-02,1.08451,1.08857,1.07983,1.08152
2018-11-05,1.08228,1.08497,1.07503,1.08009
2018-11-06,1.08063,1.09047,1.07861,1.09005
2018-11-07,1.09067,1.09371,1.0821,1.08281
2018-11-08,1.08288,1.0841,1.07039,1.07684
2018-11-09,1.0768,1.08916,1.0746,1.08549
2018-11-12,1.08503,1.0938,1.07853,1.09001
2018-11-13,1.09065,1.10591,1.09044,1.10051
2018-11-14,1.10036,1.10314,1.09513,1.10108
2018-11-15,1.10168,1.10836,1.09484,1.09578
2018-11-16,1.09542,1.09945,1.08974,1.08989
2018-11-19,1.08948,1.10067,1.08615,1.09567
2018-11-20,1.09502,1.10392,1.09462,1.10093
2018-11-21,1.10103,1.10462,1.09818,1.09841
2018-11-22,1.09807,1.10417,1.08824,1.09416
2018-11-23,1.09433,1.10065,1.0912,1.09209
2018-11-26,1.09197,1.1025,1.08723,1.0947
2018-11-27,1.0944,1.10534,1.0851,1.10153
2018-11-28,1.10177,1.11069,1.09719,1.10907
2018-11-29,1.10908,1.11234,1.09257,1.10082
2018-11-30,1.10071,1.1022,1.09248,1.09285
2018-12-03,1.09283,1.09874,1.08922,1.09573
2018-12-04,1.09638,1.09703,1.09004,1.09006
2018-12-05,1.08979,1.09721,1.08943,1.09325
2018-12-06,1.09306,1.09701,1.09196,1.09508
2018-12-07,1.09535,1.10192,1.09067,1.09395
2018-12-10,1.09432,1.10349,1.09322,1.10032
2018-12-11,1.10073,1.10724,1.09714,1.10431
2018-12-12,1.10425,1.1093,1.10168,1.1052
2018-12-13,1.10509,1.10534,1.09032,1.09532
2018-12-14,1.09589,1.09753,1.09365,1.09718
2018-12-17,1.09685,1.10535,1.09619,1.10393
2018-12-18,1.10422,1.1084,1.09512,1.0959
2018-12-19,1.09559,1.10462,1.09528,1.10214
2018-12-20,1.10217,1.10748,1.10148,1.10469
2018-12-21,1.10506,1.10902,1.09917,1.10732
2018-12-24,1.10735,1.10798,1.09966,1.09974
2018-12-25,1.0999,1.10709,1.09471,1.10654
2018-12-26,1.10659,1.10935,1.09998,1.10166
2018-12-27,1.10216,1.10268,1.09467,1.0948
2018-12-28,1.09441,1.09463,1.09256,1.09409
2018-12-31,1.09407,1.09962,1.08804,1.09743
2019-01-01,1.09767,1.10142,1.09733,1.09853
2019-01-02,1.09878,1.10288,1.0976,1.09845
2019-01-03,1.09838,1.10465,1.08981,1.09444
2019-01-04,1.09466,1.09881,1.09436,1.09593
2019-01-07,1.096,1.10405,1.09361,1.10268
2019-01-08,1.10391,1.11036,1.10099,1.10696
2019-01-09,1.10793,1.11703,1.1061,1.10903
2019-01-10,1.10838,1.12269,1.10695,1.11641
2019-01-11,1.11611,1.12405,1.11023,1.11385
2019-01-14,1.11369,1.11949,1.10983,1.11673
2019-01-15,1.11668,1.1182,1.10753,1.10917
2019-01-16,1.10945,1.12152,1.10859,1.11972
2019-01-17,1.11935,1.12899,1.11819,1.12746
2019-01-18,1.12765,1.13502,1.12741,1.12888
2019-01-21,1.12977,1.13184,1.12314,1.12572
2019-01-22,1.12571,1.13027,1.11995,1.1298
2019-01-23,1.13012,1.13099,1.12104,1.12241
2019-01-24,1.12184,1.12219,1.10865,1.10994
2019-01-25,1.11058,1.11762,1.10711,1.11409
2019-01-28,1.11439,1.11706,1.10924,1.11144
2019-01-29,1.11143,1.11305,1.10274,1.11144
2019-01-30,1.11113,1.12103,1.11083,1.11462
2019-01-31,1.11433,1.1212,1.11397,1.11908
2019-02-01,1.11844,1.1201,1.10949,1.11261
2019-02-04,1.11247,1.11323,1.10541,1.10966
2019-02-05,1.10983,1.11145,1.1053,1.10674
2019-02-06,1.10654,1.11406,1.10453,1.11037
2019-02-07,1.10983,1.11101,1.10304,1.10603
2019-02-08,1.10665,1.11902,1.10472,1.11763
2019-02-11,1.11815,1.12358,1.1173,1.11857
2019-02-12,1.11839,1.11957,1.10843,1.11137
2019-02-13,1.11134,1.12128,1.11072,1.11807
2019-02-14,1.11865,1.12097,1.11075,1.11251
2019-02-15,1.11232,1.12388,1.11049,1.12225
2019-02-18,1.12227,1.13093,1.11759,1.11812
2019-02-19,1.1179,1.12351,1.11237,1.1182
2019-02-20,1.11855,1.127,1.1155,1.12133
2019-02-21,1.12195,1.12441,1.10911,1.11191
2019-02-22,1.11229,1.11322,1.09762,1.10076
2019-02-25,1.10062,1.10657,1.09357,1.1012
2019-02-26,1.10215,1.11105,1.09711,1.09824
2019-02-27,1.09863,1.10166,1.08604,1.08657
2019-02-28,1.08672,1.09096,1.07557,1.07645
2019-03-01,1.07646,1.0938,1.074,1.08313
2019-03-04,1.08291,1.08752,1.07434,1.0814
2019-03-05,1.08186,1.08411,1.07688,1.08198
2019-03-06,1.08152,1.09267,1.07698,1.0881
2019-03-07,1.08794,1.0947,1.08142,1.08156
2019-03-08,1.08186,1.09125,1.08162,1.08902
2019-03-11,1.08894,1.09406,1.08532,1.09107
2019-03-12,1.09078,1.09597,1.09078,1.09458
2019-03-13,1.0944,1.10387,1.09067,1.09976
2019-03-14,1.10011,1.10313,1.09352,1.09373
2019-03-15,1.09392,1.09416,1.08399,1.08746
2019-03-18,1.08711,1.09111,1.08702,1.08804
2019-03-19,1.08764,1.10016,1.08367,1.09909
2019-03-20,1.09927,1.09983,1.09186,1.09524
2019-03-21,1.09523,1.09815,1.09498,1.09678
2019-03-22,1.096,1.09644,1.08847,1.09136
2019-03-25,1.09116,1.11115,1.08884,1.10498
2019-03-26,1.10542,1.11558,1.10446,1.11085
2019-03-27,1.11163,1.11363,1.10474,1.10651
2019-03-28,1.1068,1.10914,1.10139,1.10259
2019-03-29,1.103,1.10621,1.08977,1.09519
2019-04-01,1.09501,1.09693,1.09079,1.09284
2019-04-02,1.09281,1.09534,1.09212,1.09284
2019-04-03,1.09306,1.09354,1.086,1.08634
2019-04-04,1.08612,1.0917,1.08361,1.08852
2019-04-05,1.08858,1.09133,1.0826,1.0858
2019-04-08,1.08575,1.09035,1.08266,1.08495
2019-04-09,1.08434,1.09299,1.07768,1.09177
2019-04-10,1.09197,1.09643,1.0891,1.09325
2019-04-11,1.09362,1.10398,1.09207,1.10035
2019-04-12,1.1008,1.10093,1.09132,1.09413
2019-04-15,1.09384,1.10271,1.09246,1.10226
2019-04-16,1.10262,1.10887,1.09452,1.09532
2019-04-17,1.09463,1.1084,1.09265,1.10045
2019-04-18,1.09987,1.10643,1.09699,1.09854
2019-04-19,1.09834,1.1066,1.08507,1.09422
2019-04-22,1.09437,1.10255,1.09191,1.10092
2019-04-23,1.10037,1.10651,1.09994,1.10522
2019-04-24,1.10573,1.10926,1.0934,1.1044
2019-04-25,1.10402,1.11494,1.10138,1.11192
2019-04-26,1.11198,1.11602,1.10321,1.10348
2019-04-29,1.10294,1.10836,1.09925,1.10676
2019-04-30,1.10662,1.10725,1.09149,1.09872
2019-05-01,1.0982,1.10144,1.09712,1.09719
2019-05-02,1.09668,1.09747,1.08837,1.09293
2019-05-03,1.09321,1.0984,1.08907,1.09514
2019-05-06,1.09467,1.10581,1.09402,1.10044
2019-05-07,1.09994,1.11094,1.09731,1.10073
2019-05-08,1.10129,1.115,1.09571,1.11259
2019-05-09,1.11264,1.11744,1.0983,1.10525
2019-05-10,1.10465,1.12371,1.09823,1.11647
2019-05-13,1.1164,1.12488,1.10395,1.10483
2019-05-14,1.10462,1.11004,1.10438,1.10933
2019-05-15,1.10901,1.11075,1.10052,1.10345
2019-05-16,1.10392,1.10863,1.10313,1.10499
2019-05-17,1.10588,1.10916,1.10107,1.1066
2019-05-20,1.10722,1.11124,1.09963,1.10112
2019-05-21,1.10106,1.10694,1.09988,1.10525
2019-05-22,1.10514,1.11143,1.10512,1.11044
2019-05-23,1.11057,1.11479,1.10838,1.11236
2019-05-24,1.11211,1.12478,1.11017,1.11773
2019-05-27,1.11859,1.12453,1.11174,1.11494
2019-05-28,1.11436,1.13,1.10898,1.1243
2019-05-29,1.1248,1.13236,1.11888,1.12883
2019-05-30,1.12809,1.13127,1.12106,1.1212
2019-05-31,1.12153,1.12364,1.11335,1.11451
2019-06-03,1.11403,1.12253,1.112,1.11615
2019-06-04,1.11634,1.11927,1.10916,1.10924
2019-06-05,1.10895,1.1119,1.09576,1.09777
2019-06-06,1.09796,1.10921,1.09362,1.09585
2019-06-07,1.09591,1.10493,1.09404,1.0948
2019-06-10,1.09504,1.09555,1.09168,1.09182
2019-06-11,1.09211,1.10948,1.08838,1.1046
2019-06-12,1.10466,1.10509,1.09701,1.09807
2019-06-13,1.0974,1.11062,1.09502,1.1101
2019-06-14,1.10985,1.11222,1.09511,1.09966
2019-06-17,1.09896,1.11493,1.09472,1.11131
2019-06-18,1.11133,1.11472,1.10758,1.10761
2019-06-19,1.10764,1.11158,1.10062,1.10283
2019-06-20,1.10216,1.12212,1.09838,1.1106
2019-06-21,1.11141,1.11471,1.10043,1.10759
2019-06-24,1.1076,1.11954,1.10447,1.11116
2019-06-25,1.11105,1.11969,1.10275,1.11551
2019-06-26,1.11507,1.11861,1.11338,1.11821
2019-06-27,1.11776,1.12338,1.10333,1.10637
2019-06-28,1.10674,1.10773,1.07986,1.0851
2019-07-01,1.08504,1.08581,1.08051,1.08086
2019-07-02,1.08166,1.08467,1.0685,1.08284
2019-07-03,1.08305,1.10313,1.07846,1.09162
2019-07-04,1.09157,1.09198,1.08249,1.08535
2019-07-05,1.08564,1.09423,1.08486,1.08913
2019-07-08,1.08947,1.08949,1.07614,1.07756
2019-07-09,1.07727,1.08706,1.07685,1.08524
2019-07-10,1.08584,1.09826,1.07933,1.08414
2019-07-11,1.0839,1.09639,1.08323,1.09635
2019-07-12,1.09629,1.09909,1.0934,1.09343
2019-07-15,1.09362,1.09713,1.08688,1.09201
2019-07-16,1.09173,1.10784,1.09124,1.10269
2019-07-17,1.10273,1.10859,1.10146,1.10594
2019-07-18,1.10551,1.12247,1.10293,1.12066
2019-07-19,1.1206,1.12867,1.11981,1.12279
2019-07-22,1.12292,1.12386,1.11718,1.119
2019-07-23,1.11869,1.12195,1.11066,1.11449
2019-07-24,1.11386,1.1195,1.10968,1.11902
2019-07-25,1.11875,1.12605,1.11349,1.12519
2019-07-26,1.12559,1.12642,1.11433,1.12022
2019-07-29,1.12072,1.13328,1.12064,1.12921
2019-07-30,1.12997,1.13746,1.12671,1.13706
2019-07-31,1.13722,1.14001,1.13637,1.13693
2019-08-01,1.13597,1.1382,1.1267,1.12829
2019-08-02,1.12831,1.13383,1.11198,1.11738
2019-08-05,1.11732,1.1235,1.11197,1.11301
2019-08-06,1.11304,1.11968,1.10598,1.10957
2019-08-07,1.11004,1.11562,1.09855,1.10028
2019-08-08,1.10063,1.10349,1.09671,1.10348
2019-08-09,1.10338,1.11533,1.09714,1.11056
2019-08-12,1.11068,1.11246,1.10085,1.10336
2019-08-13,1.10277,1.10603,1.09031,1.09303
2019-08-14,1.09315,1.09736,1.07793,1.07951
2019-08-15,1.07913,1.08025,1.06275,1.06848
2019-08-16,1.06868,1.07656,1.05901,1.06206
2019-08-19,1.06251,1.06675,1.05672,1.06532
2019-08-20,1.06554,1.07169,1.05711,1.06379
2019-08-21,1.06458,1.0784,1.06255,1.07105
2019-08-22,1.0712,1.07361,1.05731,1.06828
2019-08-23,1.06791,1.0698,1.05834,1.06468
2019-08-26,1.06544,1.0775,1.06335,1.07382
2019-08-27,1.07432,1.08249,1.06659,1.07714
2019-08-28,1.07716,1.07966,1.07579,1.07904
2019-08-29,1.07868,1.09472,1.07094,1.08725
2019-08-30,1.08719,1.08763,1.07693,1.07815
2019-09-02,1.07704,1.07847,1.07493,1.07643
2019-09-03,1.07712,1.101,1.0744,1.09511
2019-09-04,1.09473,1.09473,1.08936,1.093
2019-09-05,1.09349,1.09623,1.08869,1.09239
2019-09-06,1.09253,1.09745,1.08608,1.08984
2019-09-09,1.09,1.09564,1.08513,1.09526
2019-09-10,1.09464,1.09719,1.08009,1.08415
2019-09-11,1.08377,1.09383,1.07805,1.0922
2019-09-12,1.09189,1.10885,1.08365,1.10228
2019-09-13,1.10147,1.10721,1.09526,1.09952
2019-09-16,1.09948,1.10995,1.09905,1.10254
2019-09-17,1.10235,1.10618,1.09542,1.10295
2019-09-18,1.10252,1.10738,1.09025,1.10341
2019-09-19,1.10327,1.11585,1.10259,1.10707
2019-09-20,1.1069,1.10815,1.09605,1.10053
2019-09-23,1.10113,1.10282,1.09471,1.09509
2019-09-24,1.09484,1.1,1.08737,1.09986
2019-09-25,1.1001,1.10413,1.08661,1.09132
2019-09-26,1.09087,1.09681,1.08484,1.09109
2019-09-27,1.09154,1.09829,1.09,1.09409
2019-09-30,1.09406,1.10008,1.09302,1.09793
2019-10-01,1.09765,1.10007,1.08884,1.0895
2019-10-02,1.08943,1.09712,1.08132,1.09204
2019-10-03,1.09173,1.09176,1.08243,1.0867
2019-10-04,1.0861,1.08979,1.08521,1.08528
2019-10-07,1.08552,1.08762,1.07537,1.07629
2019-10-08,1.07633,1.08232,1.07108,1.07157
2019-10-09,1.07076,1.07416,1.06709,1.06761
2019-10-10,1.06721,1.07028,1.06413,1.06898
2019-10-11,1.0695,1.07356,1.06654,1.07308
2019-10-14,1.07339,1.07956,1.06894,1.07666
2019-10-15,1.07721,1.08102,1.07407,1.07698
2019-10-16,1.07642,1.07964,1.07109,1.07219
2019-10-17,1.07282,1.07465,1.06009,1.0651
2019-10-18,1.06523,1.07289,1.05653,1.06335
2019-10-21,1.06286,1.06393,1.05537,1.05631
2019-10-22,1.05663,1.05892,1.04974,1.0552
2019-10-23,1.05508,1.05545,1.04192,1.04908
2019-10-24,1.04915,1.05726,1.04021,1.04551
2019-10-25,1.04511,1.05171,1.03583,1.03623
2019-10-28,1.03582,1.03864,1.02422,1.02926
2019-10-29,1.02972,1.03212,1.02936,1.02978
2019-10-30,1.02937,1.0438,1.02799,1.03365
2019-10-31,1.03364,1.03472,1.02917,1.03121
2019-11-01,1.03189,1.03299,1.02818,1.03136
2019-11-04,1.03135,1.03716,1.02607,1.03378
2019-11-05,1.03423,1.03828,1.03403,1.03671
2019-11-06,1.03626,1.04371,1.03563,1.04327
2019-11-07,1.04357,1.04623,1.03897,1.04537
2019-11-08,1.04557,1.0559,1.0439,1.05245
2019-11-11,1.05187,1.06126,1.0516,1.06121
2019-11-12,1.06074,1.06423,1.05406,1.06318
2019-11-13,1.06249,1.06661,1.05607,1.05934
2019-11-14,1.05944,1.06372,1.05735,1.06303
2019-11-15,1.06296,1.07552,1.06239,1.07197
2019-11-18,1.07176,1.07527,1.06837,1.07138
2019-11-19,1.07091,1.07327,1.06732,1.07154
2019-11-20,1.07228,1.07288,1.06519,1.06676
2019-11-21,1.06623,1.07067,1.06546,1.06644
2019-11-22,1.0667,1.06983,1.0631,1.06855
2019-11-25,1.06905,1.07854,1.0633,1.07394
2019-11-26,1.07377,1.0811,1.06744,1.06928
2019-11-27,1.06878,1.07124,1.06717,1.07025
2019-11-28,1.07016,1.07446,1.0671,1.06739
2019-11-29,1.06703,1.06741,1.06158,1.06311
2019-12-02,1.06385,1.07684,1.06239,1.07229
2019-12-03,1.07263,1.07864,1.05949,1.06216
2019-12-04,1.06179,1.07582,1.06053,1.07184
2019-12-05,1.07241,1.07425,1.06431,1.06801
2019-12-06,1.06822,1.0803,1.06567,1.07579
2019-12-09,1.07537,1.0945,1.07474,1.09136
2019-12-10,1.09128,1.10225,1.08813,1.09473
2019-12-11,1.09417,1.09436,1.08068,1.08496
2019-12-12,1.0848,1.0858,1.08075,1.08462
2019-12-13,1.0849,1.10263,1.07598,1.10046
2019-12-16,1.10061,1.10616,1.08488,1.08693
2019-12-17,1.08664,1.08906,1.07828,1.08066
2019-12-18,1.08073,1.08203,1.07263,1.07574
2019-12-19,1.07582,1.08574,1.07073,1.08435
2019-12-20,1.08407,1.08841,1.08255,1.0856
2019-12-23,1.08573,1.0881,1.08547,1.08732
2019-12-24,1.08709,1.0889,1.07504,1.08096
2019-12-25,1.08159,1.08912,1.07538,1.07674
2019-12-26,1.07789,1.08345,1.07083,1.0795
2019-12-27,1.07947,1.08245,1.06831,1.07228
2019-12-30,1.07155,1.07437,1.05267,1.0595
2019-12-31,1.0595,1.06204,1.05373,1.05693
2020-01-01,1.05637,1.06173,1.05532,1.06004
2020-01-02,1.06017,1.06715,1.05898,1.06409
2020-01-03,1.06396,1.066,1.06284,1.06438
2020-01-06,1.06389,1.06712,1.0599,1.06597
2020-01-07,1.06623,1.06947,1.05706,1.06268
2020-01-08,1.06373,1.0656,1.04868,1.04974
2020-01-09,1.04981,1.05846,1.04962,1.05653
2020-01-10,1.05644,1.06987,1.05206,1.06047
2020-01-13,1.06025,1.07274,1.05296,1.07213
2020-01-14,1.07187,1.08112,1.05763,1.06579
2020-01-15,1.06605,1.07168,1.06315,1.07143
2020-01-16,1.07165,1.07507,1.07079,1.0736
2020-01-17,1.07394,1.08159,1.06911,1.07696
2020-01-20,1.07691,1.08703,1.07349,1.08511
2020-01-21,1.08499,1.09287,1.07284,1.07647
2020-01-22,1.07546,1.08073,1.073,1.07477
2020-01-23,1.07495,1.0812,1.07314,1.07508
2020-01-24,1.07485,1.08157,1.06717,1.0695
2020-01-27,1.06986,1.07253,1.05872,1.05934
2020-01-28,1.05915,1.06176,1.05802,1.06121
2020-01-29,1.06105,1.06279,1.05391,1.0541
2020-01-30,1.0535,1.06897,1.05295,1.06517
2020-01-31,1.06537,1.07781,1.05978,1.07493
2020-02-03,1.07416,1.07858,1.06877,1.07349
2020-02-04,1.07343,1.07541,1.06631,1.06843
2020-02-05,1.06835,1.07158,1.06209,1.06608
2020-02-06,1.06655,1.06922,1.06284,1.06917
2020-02-07,1.06907,1.07035,1.06644,1.06837
2020-02-10,1.06877,1.07378,1.06752,1.06789
2020-02-11,1.06713,1.07203,1.06425,1.07022
2020-02-12,1.06959,1.07939,1.06782,1.07769
2020-02-13,1.07803,1.0791,1.07652,1.07759
2020-02-14,1.07731,1.07809,1.07214,1.07616
2020-02-17,1.07563,1.0895,1.06933,1.08313
2020-02-18,1.08278,1.08323,1.0764,1.08137
2020-02-19,1.08059,1.08663,1.07405,1.08246
2020-02-20,1.08168,1.09158,1.07853,1.09015
2020-02-21,1.08969,1.09361,1.07559,1.07811
2020-02-24,1.07827,1.08152,1.07367,1.07376
2020-02-25,1.0732,1.0818,1.07306,1.07769
2020-02-26,1.07769,1.08267,1.0766,1.08136
2020-02-27,1.08169,1.08252,1.07495,1.07901
2020-02-28,1.07839,1.08043,1.07488,1.07566
2020-03-02,1.07538,1.0789,1.07359,1.0774
2020-03-03,1.07703,1.08456,1.07233,1.07915
2020-03-04,1.08036,1.08542,1.07752,1.08036
2020-03-05,1.08047,1.09232,1.07661,1.08755
2020-03-06,1.0877,1.09214,1.08752,1.09135
2020-03-09,1.0911,1.09194,1.07662,1.08208
2020-03-10,1.08227,1.08424,1.07688,1.08032
2020-03-11,1.08034,1.08938,1.07767,1.08387
2020-03-12,1.0833,1.08556,1.08026,1.08208
2020-03-13,1.08195,1.08469,1.07963,1.08362
2020-03-16,1.08398,1.08923,1.08327,1.08762
2020-03-17,1.08716,1.09723,1.0862,1.08696
2020-03-18,1.08691,1.08989,1.08084,1.08218
2020-03-19,1.08237,1.08591,1.08236,1.08343
2020-03-20,1.08291,1.08937,1.0768,1.08748
2020-03-23,1.08676,1.10089,1.07979,1.09897
2020-03-24,1.09992,1.10166,1.09696,1.10051
2020-03-25,1.1006,1.10442,1.09211,1.09442
2020-03-26,1.09394,1.09937,1.08937,1.08969
2020-03-27,1.08941,1.09161,1.08684,1.08709
2020-03-30,1.08723,1.09013,1.0855,1.08664
2020-03-31,1.08672,1.0872,1.07908,1.08251
2020-04-01,1.08288,1.09651,1.08259,1.08773
2020-04-02,1.08804,1.09093,1.08317,1.08375
2020-04-03,1.08381,1.08569,1.07595,1.07756
2020-04-06,1.07782,1.08342,1.07617,1.08316
2020-04-07,1.08359,1.08726,1.08186,1.08702
2020-04-08,1.08688,1.08954,1.08133,1.08443
2020-04-09,1.08432,1.08754,1.07563,1.07618
2020-04-10,1.07581,1.07803,1.07486,1.07596
2020-04-13,1.07601,1.07862,1.07344,1.0747
2020-04-14,1.07458,1.0771,1.06586,1.0729
2020-04-15,1.07265,1.0752,1.05819,1.0652
2020-04-16,1.06475,1.06852,1.05947,1.06043
2020-04-17,1.06095,1.06374,1.05743,1.06083
2020-04-20,1.06016,1.06158,1.05198,1.05634
2020-04-21,1.05645,1.067,1.05037,1.06213
2020-04-22,1.06125,1.06258,1.05901,1.06063
2020-04-23,1.0607,1.06347,1.0565,1.0614
2020-04-24,1.06148,1.06189,1.05491,1.05571
2020-04-27,1.0553,1.06484,1.05131,1.06449
2020-04-28,1.06357,1.06543,1.06257,1.06529
2020-04-29,1.06545,1.06651,1.06214,1.06577
2020-04-30,1.06561,1.06895,1.06091,1.061
2020-05-01,1.05956,1.06355,1.05763,1.06179
2020-05-04,1.06149,1.06208,1.05449,1.06009
2020-05-05,1.05993,1.0618,1.05478,1.05647
2020-05-06,1.05699,1.05935,1.05569,1.05884
2020-05-07,1.05896,1.06193,1.05653,1.06095
2020-05-08,1.061,1.06185,1.05839,1.05997
2020-05-11,1.05989,1.07077,1.05587,1.07016
2020-05-12,1.07014,1.08152,1.06435,1.08138
2020-05-13,1.08194,1.08783,1.0809,1.08708
2020-05-14,1.08689,1.09363,1.08389,1.09299
2020-05-15,1.09227,1.09337,1.08214,1.08529
2020-05-18,1.08552,1.09378,1.07766,1.08814
2020-05-19,1.08755,1.09049,1.08499,1.08753
2020-05-20,1.08753,1.08969,1.07932,1.08331
2020-05-21,1.08302,1.08783,1.07919,1.0856
2020-05-22,1.08554,1.09128,1.08238,1.08489
2020-05-25,1.08485,1.09198,1.08198,1.09111
2020-05-26,1.09072,1.09641,1.08931,1.0946
2020-05-27,1.09501,1.11309,1.09353,1.10366
2020-05-28,1.10425,1.10909,1.10222,1.10535
2020-05-29,1.10592,1.11445,1.10042,1.10981
2020-06-01,1.10991,1.11167,1.10603,1.10947
2020-06-02,1.10926,1.11556,1.1039,1.1086
2020-06-03,1.10861,1.11147,1.10282,1.10433
2020-06-04,1.10419,1.10695,1.09741,1.10219
2020-06-05,1.10199,1.10226,1.09304,1.09999
2020-06-08,1.09978,1.10455,1.09734,1.10407
2020-06-09,1.10398,1.1042,1.09555,1.10053
2020-06-10,1.1008,1.1018,1.09754,1.10116
2020-06-11,1.10111,1.10353,1.09276,1.09453
2020-06-12,1.09493,1.09535,1.09135,1.09529
2020-06-15,1.09527,1.10219,1.09278,1.09569
2020-06-16,1.09616,1.10147,1.09189,1.09778
2020-06-17,1.09696,1.10112,1.09299,1.10037
2020-06-18,1.1006,1.1096,1.09815,1.10438
2020-06-19,1.10405,1.10629,1.09341,1.09594
2020-06-22,1.09622,1.10158,1.09167,1.09482
2020-06-23,1.09482,1.10533,1.0881,1.10237
2020-06-24,1.10171,1.10186,1.0982,1.09845
2020-06-25,1.09781,1.09924,1.09243,1.09337
2020-06-26,1.09392,1.0958,1.09322,1.09448
2020-06-29,1.09411,1.10049,1.09064,1.09704
2020-06-30,1.09681,1.09758,1.09138,1.0969
2020-07-01,1.09642,1.10395,1.08945,1.09257
2020-07-02,1.0924,1.10056,1.09191,1.09718
2020-07-03,1.0974,1.09766,1.08951,1.09199
2020-07-06,1.09201,1.11134,1.08746,1.10478
2020-07-07,1.10496,1.11889,1.09929,1.11293
2020-07-08,1.11263,1.11864,1.11057,1.11635
2020-07-09,1.11658,1.121,1.1139,1.11659
2020-07-10,1.11664,1.12486,1.11463,1.12356
2020-07-13,1.1234,1.13932,1.12339,1.13093
2020-07-14,1.1306,1.13342,1.12914,1.12971
2020-07-15,1.12935,1.14255,1.12422,1.13416
2020-07-16,1.13397,1.15254,1.13389,1.14636
2020-07-17,1.14678,1.14919,1.12615,1.13323
2020-07-20,1.13272,1.13627,1.11003,1.12056
2020-07-21,1.12068,1.12464,1.10813,1.11012
2020-07-22,1.1105,1.1156,1.10201,1.11454
2020-07-23,1.11418,1.11725,1.10726,1.11044
2020-07-24,1.11042,1.11743,1.09921,1.11267
2020-07-27,1.11273,1.11758,1.09439,1.10105
2020-07-28,1.10096,1.10381,1.09964,1.10175
2020-07-29,1.10253,1.10683,1.09979,1.10576
2020-07-30,1.1056,1.10604,1.08528,1.08589
2020-07-31,1.086,1.0897,1.07882,1.08545
2020-08-03,1.0852,1.08703,1.08148,1.08564
2020-08-04,1.08538,1.09674,1.08438,1.09143
2020-08-05,1.09123,1.10063,1.08804,1.09608
2020-08-06,1.09612,1.10315,1.08955,1.09647
2020-08-07,1.0964,1.107,1.09428,1.10033
2020-08-10,1.10053,1.10379,1.09585,1.09689
2020-08-11,1.09721,1.10134,1.09469,1.10112
2020-08-12,1.10158,1.1019,1.09043,1.09441
2020-08-13,1.09452,1.0973,1.08175,1.08899
2020-08-14,1.08936,1.09247,1.08018,1.0805
2020-08-17,1.08063,1.08578,1.07513,1.07551
2020-08-18,1.07583,1.07765,1.07416,1.07554
2020-08-19,1.07489,1.08269,1.07271,1.0797
2020-08-20,1.07975,1.09401,1.07364,1.08891
2020-08-21,1.08905,1.09248,1.08372,1.08498
2020-08-24,1.08429,1.08804,1.0801,1.08627
2020-08-25,1.08616,1.08887,1.08561,1.08781
2020-08-26,1.088,1.09793,1.08564,1.09373
2020-08-27,1.09437,1.09938,1.09134,1.09282
2020-08-28,1.09262,1.09645,1.0892,1.09441
2020-08-31,1.09395,1.09662,1.093,1.09627
2020-09-01,1.0966,1.09738,1.0954,1.09595
2020-09-02,1.09626,1.10317,1.09609,1.09826
2020-09-03,1.09894,1.1017,1.09494,1.10031
2020-09-04,1.1003,1.10705,1.09945,1.10322
2020-09-07,1.10336,1.10696,1.10073,1.1041
2020-09-08,1.10384,1.10517,1.09579,1.10068
2020-09-09,1.10071,1.10509,1.09586,1.09783
2020-09-10,1.09788,1.09892,1.09174,1.09321
2020-09-11,1.09315,1.10218,1.09184,1.09912
2020-09-14,1.09893,1.10786,1.09875,1.09996
2020-09-15,1.09978,1.10131,1.09689,1.09783
2020-09-16,1.09746,1.09826,1.09565,1.09814
2020-09-17,1.09745,1.09821,1.09349,1.09356
2020-09-18,1.09357,1.0967,1.09091,1.09346
2020-09-21,1.09278,1.09548,1.09269,1.09487
2020-09-22,1.09554,1.09623,1.09028,1.09156
2020-09-23,1.09323,1.09369,1.08164,1.08335
2020-09-24,1.08308,1.08473,1.07753,1.07848
2020-09-25,1.07817,1.08121,1.07782,1.08077
2020-09-28,1.08127,1.08365,1.07655,1.07831
2020-09-29,1.0789,1.08082,1.07354,1.07585
2020-09-30,1.07569,1.0858,1.07272,1.08577
2020-10-01,1.08639,1.10101,1.08348,1.09669
2020-10-02,1.09652,1.10079,1.09137,1.09271
2020-10-05,1.09156,1.09876,1.09032,1.09706
2020-10-06,1.09716,1.10265,1.09447,1.1024
2020-10-07,1.10286,1.10972,1.10192,1.10652
2020-10-08,1.10708,1.10858,1.10487,1.10555
2020-10-09,1.10581,1.11109,1.10445,1.11006
2020-10-12,1.10985,1.11449,1.10511,1.11419
2020-10-13,1.11501,1.11797,1.10393,1.10864
2020-10-14,1.10882,1.10885,1.10277,1.10563
2020-10-15,1.1064,1.12009,1.10625,1.11462
2020-10-16,1.11412,1.11825,1.11316,1.1155
2020-10-19,1.11488,1.11814,1.11006,1.11307
2020-10-20,1.1126,1.11297,1.111,1.11271
2020-10-21,1.11266,1.11376,1.09895,1.10435
2020-10-22,1.10432,1.10449,1.10126,1.10165
2020-10-23,1.10125,1.10346,1.09774,1.10009
2020-10-26,1.09977,1.1117,1.09909,1.10812
2020-10-27,1.10823,1.11855,1.10569,1.11504
2020-10-28,1.11482,1.11852,1.11374,1.11381
2020-10-29,1.11412,1.11481,1.10707,1.1098
2020-10-30,1.11018,1.11934,1.10735,1.11861
2020-11-02,1.1192,1.12357,1.11173,1.12339
2020-11-03,1.12393,1.12459,1.12113,1.12208
2020-11-04,1.12289,1.12866,1.1225,1.1239
2020-11-05,1.12395,1.13047,1.12242,1.12492
2020-11-06,1.12521,1.1296,1.11604,1.11788
2020-11-09,1.11839,1.1292,1.11833,1.12398
2020-11-10,1.12377,1.13079,1.11982,1.12173
2020-11-11,1.12258,1.12446,1.11209,1.11525
2020-11-12,1.11488,1.12055,1.11155,1.1198
2020-11-13,1.12018,1.12627,1.11926,1.12208
2020-11-16,1.12195,1.13341,1.12166,1.1302
2020-11-17,1.12946,1.13513,1.1137,1.11834
2020-11-18,1.11855,1.13387,1.11649,1.12983
2020-11-19,1.12927,1.135,1.12438,1.12519
2020-11-20,1.1257,1.12742,1.11878,1.12207
2020-11-23,1.12223,1.12461,1.11586,1.11825
2020-11-24,1.1179,1.1186,1.1103,1.11321
2020-11-25,1.1139,1.11657,1.1115,1.11228
2020-11-26,1.11255,1.11724,1.10852,1.11439
2020-11-27,1.11392,1.11578,1.11191,1.11571
2020-11-30,1.11568,1.1177,1.11217,1.11287
2020-12-01,1.11368,1.11584,1.1084,1.11116
2020-12-02,1.11149,1.11546,1.10769,1.11024
2020-12-03,1.11094,1.12221,1.11003,1.1194
2020-12-04,1.11941,1.12067,1.11408,1.11682
2020-12-07,1.11668,1.12398,1.11411,1.11989
2020-12-08,1.11925,1.12519,1.1186,1.12198
2020-12-09,1.12192,1.13591,1.1204,1.13312
2020-12-10,1.13278,1.1449,1.13098,1.14275
2020-12-11,1.14301,1.14339,1.14198,1.14336
2020-12-14,1.14354,1.15495,1.14129,1.15107
2020-12-15,1.15131,1.15269,1.15095,1.15179
2020-12-16,1.15198,1.15438,1.14933,1.15359
2020-12-17,1.15296,1.15667,1.1511,1.15466
2020-12-18,1.15445,1.16558,1.15382,1.1644
2020-12-21,1.16331,1.17287,1.15689,1.17176
2020-12-22,1.17136,1.17921,1.16948,1.17626
2020-12-23,1.17609,1.17741,1.17579,1.17581
2020-12-24,1.17538,1.17962,1.17144,1.1769
2020-12-25,1.17706,1.17715,1.17531,1.17678
2020-12-28,1.17766,1.18094,1.17609,1.1787
2020-12-29,1.17863,1.17936,1.17481,1.17664
2020-12-30,1.17697,1.17915,1.17463,1.17756
2020-12-31,1.1771,1.17715,1.17014,1.17188
2021-01-01,1.17171,1.17177,1.168,1.1707
2021-01-04,1.17072,1.17402,1.16557,1.16798
2021-01-05,1.16808,1.16993,1.16778,1.1688
2021-01-06,1.16955,1.16962,1.16811,1.16947
2021-01-07,1.16981,1.17249,1.16237,1.1638
2021-01-08,1.1637,1.16372,1.15585,1.15981
2021-01-11,1.15987,1.16571,1.15888,1.16443
2021-01-12,1.16428,1.16634,1.16077,1.16269
2021-01-13,1.1626,1.16501,1.16138,1.16341
2021-01-14,1.16345,1.16547,1.15752,1.15887
2021-01-15,1.15935,1.16459,1.15158,1.15484
2021-01-18,1.1555,1.15775,1.15089,1.15727
2021-01-19,1.15803,1.15815,1.15577,1.1579
2021-01-20,1.1577,1.1626,1.15244,1.16154
2021-01-21,1.16176,1.16287,1.15477,1.15829
2021-01-22,1.15915,1.16134,1.14802,1.15545
2021-01-25,1.15613,1.15766,1.14728,1.14872
2021-01-26,1.14802,1.15016,1.14421,1.14804
2021-01-27,1.14794,1.14966,1.14643,1.14793
2021-01-28,1.14829,1.1529,1.14137,1.15248
2021-01-29,1.15313,1.16157,1.14832,1.14915
2021-02-01,1.14949,1.1542,1.14034,1.14162
2021-02-02,1.14129,1.14171,1.13778,1.14126
2021-02-03,1.14096,1.14363,1.13618,1.13758
2021-02-04,1.13789,1.14674,1.13773,1.14205
2021-02-05,1.14197,1.14394,1.14095,1.14184
2021-02-08,1.1426,1.14515,1.13545,1.13906
2021-02-09,1.13874,1.14281,1.13155,1.14106
2021-02-10,1.14022,1.14618,1.13171,1.14542
2021-02-11,1.14541,1.15021,1.14112,1.1474
2021-02-12,1.1471,1.1531,1.14393,1.1474
2021-02-15,1.14845,1.15254,1.14272,1.14351
2021-02-16,1.14343,1.14861,1.13693,1.13929
2021-02-17,1.13833,1.14024,1.13019,1.13318
2021-02-18,1.13336,1.1382,1.13081,1.13475
2021-02-19,1.13443,1.1433,1.12961,1.13941
2021-02-22,1.13925,1.14673,1.13657,1.14546
2021-02-23,1.14542,1.15316,1.14336,1.14823
2021-02-24,1.14864,1.14924,1.13983,1.13985
2021-02-25,1.13978,1.14251,1.13713,1.13938
2021-02-26,1.13919,1.14631,1.1387,1.14454
2021-03-01,1.14439,1.14585,1.138,1.14171
2021-03-02,1.14189,1.14335,1.13021,1.13625
2021-03-03,1.13616,1.14123,1.13128,1.13471
2021-03-04,1.13481,1.13934,1.13365,1.1358
2021-03-05,1.13674,1.13831,1.133,1.13823
2021-03-08,1.13795,1.13989,1.13334,1.1339
2021-03-09,1.13384,1.13487,1.1215,1.12245
2021-03-10,1.1215,1.12835,1.12013,1.12439
2021-03-11,1.12479,1.1277,1.12442,1.12556
2021-03-12,1.12576,1.13594,1.12448,1.13112
2021-03-15,1.13188,1.13237,1.12397,1.1245
2021-03-16,1.12485,1.12662,1.11614,1.12346
2021-03-17,1.12309,1.12581,1.1229,1.12299
2021-03-18,1.12253,1.13245,1.12134,1.12723
2021-03-19,1.12747,1.13674,1.12211,1.13141
2021-03-22,1.13156,1.13273,1.12237,1.126
2021-03-23,1.12681,1.13464,1.12541,1.13348
2021-03-24,1.13357,1.14738,1.12638,1.14394
2021-03-25,1.1442,1.14732,1.13801,1.14648
2021-03-26,1.14715,1.14749,1.14225,1.14722
2021-03-29,1.14742,1.1497,1.14631,1.14909
2021-03-30,1.14945,1.15112,1.14531,1.14709
2021-03-31,1.14663,1.15008,1.14309,1.14744
2021-04-01,1.14796,1.1494,1.14141,1.14178
2021-04-02,1.14214,1.14271,1.13263,1.13974
2021-04-05,1.13991,1.1512,1.13847,1.14672
2021-04-06,1.14731,1.14898,1.14336,1.14532
2021-04-07,1.14547,1.15438,1.14523,1.15108
2021-04-08,1.15161,1.15368,1.14887,1.14949
2021-04-09,1.14994,1.15139,1.14788,1.15051
2021-04-12,1.15049,1.15192,1.14039,1.14567
2021-04-13,1.1456,1.15709,1.14414,1.15709
2021-04-14,1.15683,1.15924,1.1478,1.14925
2021-04-15,1.14866,1.15243,1.1458,1.1524
2021-04-16,1.15232,1.15293,1.14591,1.14922
2021-04-19,1.14927,1.15372,1.14789,1.15231
2021-04-20,1.15248,1.15958,1.15107,1.15408
2021-04-21,1.154,1.15775,1.14751,1.14804
2021-04-22,1.14811,1.15013,1.13946,1.14554
2021-04-23,1.14541,1.14632,1.14447,1.14537
2021-04-26,1.14547,1.15496,1.14407,1.14845
2021-04-27,1.14838,1.15758,1.14173,1.15537
2021-04-28,1.15596,1.16222,1.15391,1.15864
2021-04-29,1.15885,1.16241,1.14736,1.14994
2021-04-30,1.15117,1.15404,1.14545,1.15397
2021-05-03,1.15343,1.15716,1.1527,1.1567
2021-05-04,1.15687,1.16712,1.15472,1.1656
2021-05-05,1.16594,1.17214,1.16083,1.16549
2021-05-06,1.16478,1.17385,1.16386,1.17009
2021-05-07,1.17019,1.18275,1.16946,1.17586
2021-05-10,1.17623,1.18107,1.1712,1.17224
2021-05-11,1.17227,1.17737,1.17001,1.1713
2021-05-12,1.17065,1.17333,1.16923,1.17255
2021-05-13,1.17216,1.17588,1.16139,1.16147
2021-05-14,1.16119,1.16489,1.15834,1.16414
2021-05-17,1.16386,1.17254,1.16194,1.1715
2021-05-18,1.17188,1.17566,1.15675,1.15843
2021-05-19,1.15833,1.15884,1.14377,1.149
2021-05-20,1.14883,1.15025,1.13475,1.14131
2021-05-21,1.14107,1.14215,1.1256,1.13074
2021-05-24,1.13101,1.13122,1.12857,1.12877
2021-05-25,1.12874,1.13428,1.12608,1.1305
2021-05-26,1.12998,1.13474,1.12905,1.12909
2021-05-27,1.12916,1.13055,1.12445,1.12457
2021-05-28,1.12454,1.12487,1.11662,1.12211
2021-05-31,1.12159,1.12197,1.1179,1.11982
2021-06-01,1.12048,1.12542,1.11144,1.11314
2021-06-02,1.11344,1.11625,1.11242,1.11276
2021-06-03,1.11347,1.11566,1.11178,1.11363
2021-06-04,1.11397,1.11788,1.11029,1.11047
2021-06-07,1.11124,1.11822,1.11048,1.11117
2021-06-08,1.11059,1.11868,1.11047,1.11686
2021-06-09,1.11652,1.12258,1.11297,1.11726
2021-06-10,1.11724,1.11951,1.115,1.11888
2021-06-11,1.11869,1.12094,1.11864,1.11866
2021-06-14,1.11867,1.12248,1.11404,1.11422
2021-06-15,1.11366,1.12446,1.10848,1.11972
2021-06-16,1.11913,1.11918,1.10515,1.10954
2021-06-17,1.10879,1.12096,1.10692,1.11932
2021-06-18,1.11952,1.12408,1.11186,1.11526
2021-06-21,1.11568,1.12148,1.11471,1.1188
2021-06-22,1.11969,1.12522,1.11679,1.12262
2021-06-23,1.12315,1.12873,1.11941,1.1246
2021-06-24,1.12542,1.12625,1.11917,1.12091
2021-06-25,1.12135,1.12406,1.11339,1.11345
2021-06-28,1.11314,1.12087,1.11292,1.11903
2021-06-29,1.11987,1.12497,1.11289,1.12492
2021-06-30,1.12438,1.13558,1.11958,1.13307
2021-07-01,1.13242,1.13406,1.12541,1.12668
2021-07-02,1.12647,1.13646,1.12179,1.13063
2021-07-05,1.13075,1.13094,1.10916,1.11359
2021-07-06,1.11339,1.11507,1.10318,1.10496
2021-07-07,1.10505,1.10994,1.093,1.09841
2021-07-08,1.09795,1.10524,1.09376,1.09935
2021-07-09,1.10037,1.10098,1.08606,1.09456
2021-07-12,1.09428,1.10109,1.09304,1.09673
2021-07-13,1.09705,1.1064,1.09563,1.10514
2021-07-14,1.1052,1.1098,1.09048,1.09193
2021-07-15,1.09147,1.09747,1.0899,1.09648
2021-07-16,1.09674,1.09827,1.09497,1.09763
2021-07-19,1.09721,1.10502,1.09311,1.09573
2021-07-20,1.09556,1.09991,1.09265,1.09674
2021-07-21,1.09719,1.10511,1.09054,1.09968
2021-07-22,1.09931,1.10915,1.09294,1.10697
2021-07-23,1.10667,1.11314,1.10596,1.11116
2021-07-26,1.11128,1.11224,1.10384,1.10407
2021-07-27,1.10419,1.10601,1.08546,1.08992
2021-07-28,1.08974,1.09808,1.08735,1.09375
2021-07-29,1.09359,1.10636,1.08243,1.1043
2021-07-30,1.10432,1.11112,1.10363,1.10759
2021-08-02,1.10736,1.10957,1.08954,1.10103
2021-08-03,1.10102,1.10334,1.08841,1.09029
2021-08-04,1.0903,1.09044,1.08883,1.0904
2021-08-05,1.09089,1.09749,1.08611,1.09704
2021-08-06,1.09787,1.10238,1.09151,1.09447
2021-08-09,1.09464,1.09742,1.08087,1.08562
2021-08-10,1.0853,1.09232,1.07821,1.09066
2021-08-11,1.0909,1.09889,1.09021,1.09517
2021-08-12,1.0947,1.10391,1.09398,1.09508
2021-08-13,1.09597,1.0997,1.09306,1.0961
2021-08-16,1.09621,1.10031,1.08936,1.09309
2021-08-17,1.09334,1.09917,1.09151,1.09713
2021-08-18,1.09662,1.09709,1.08835,1.08879
2021-08-19,1.08851,1.0936,1.08733,1.09324
2021-08-20,1.09309,1.09828,1.08802,1.09792
2021-08-23,1.09861,1.10186,1.08784,1.09166
2021-08-24,1.09187,1.09391,1.08324,1.08547
2021-08-25,1.08535,1.0908,1.08003,1.08085
2021-08-26,1.0807,1.08686,1.0786,1.08505
2021-08-27,1.08453,1.0862,1.07411,1.0755
2021-08-30,1.07611,1.08338,1.06624,1.06921
2021-08-31,1.06887,1.08223,1.06834,1.07595
2021-09-01,1.07616,1.08208,1.07559,1.07649
2021-09-02,1.07643,1.08272,1.07195,1.07912
2021-09-03,1.07901,1.07928,1.07332,1.07497
2021-09-06,1.07541,1.07592,1.07124,1.07307
2021-09-07,1.0729,1.08172,1.07111,1.07943
2021-09-08,1.07963,1.0809,1.07236,1.07649
2021-09-09,1.07701,1.08122,1.0695,1.07819
2021-09-10,1.07879,1.07919,1.074,1.07476
2021-09-13,1.07408,1.07429,1.06678,1.07003
2021-09-14,1.0697,1.07371,1.05821,1.05965
2021-09-15,1.05945,1.06252,1.05261,1.05391
2021-09-16,1.05367,1.05697,1.05162,1.05223
2021-09-17,1.05274,1.05952,1.04737,1.05884
2021-09-20,1.05835,1.06019,1.05595,1.0596
2021-09-21,1.05904,1.0595,1.05567,1.05714
2021-09-22,1.05645,1.05959,1.04441,1.05158
2021-09-23,1.05109,1.05872,1.04457,1.05391
2021-09-24,1.05407,1.06423,1.05039,1.06042
2021-09-27,1.06024,1.06298,1.05761,1.06026
2021-09-28,1.06011,1.06277,1.05539,1.06229
2021-09-29,1.06221,1.06509,1.05889,1.06447
2021-09-30,1.06494,1.06805,1.06129,1.065
2021-10-01,1.06543,1.06926,1.05682,1.05721
2021-10-04,1.05669,1.05823,1.05513,1.05706
2021-10-05,1.0573,1.05818,1.04745,1.05376
2021-10-06,1.05428,1.05753,1.05124,1.05324
2021-10-07,1.05351,1.05665,1.04912,1.05064
2021-10-08,1.05056,1.05463,1.03625,1.04226
2021-10-11,1.04277,1.04649,1.03449,1.03674
2021-10-12,1.0365,1.04678,1.0364,1.04549
2021-10-13,1.04535,1.05341,1.04248,1.05252
2021-10-14,1.05219,1.05674,1.05016,1.05154
2021-10-15,1.0512,1.0534,1.04338,1.04767
2021-10-18,1.04749,1.05526,1.0456,1.05375
2021-10-19,1.05387,1.05535,1.04807,1.04816
2021-10-20,1.04835,1.05213,1.04382,1.04456
2021-10-21,1.04445,1.05164,1.04415,1.04771
2021-10-22,1.04698,1.05524,1.04614,1.05009
2021-10-25,1.04935,1.05101,1.0489,1.05039
2021-10-26,1.05053,1.05215,1.04569,1.04582
2021-10-27,1.04515,1.05129,1.04447,1.04913
2021-10-28,1.04898,1.05272,1.0447,1.04565
2021-10-29,1.046,1.04739,1.04056,1.04618
2021-11-01,1.04626,1.05012,1.04208,1.04895
2021-11-02,1.04941,1.05534,1.0463,1.05489
2021-11-03,1.05503,1.05681,1.05267,1.05639
2021-11-04,1.05633,1.05986,1.05351,1.05674
2021-11-05,1.05627,1.05717,1.04957,1.05322
2021-11-08,1.05395,1.06241,1.051,1.05716
2021-11-09,1.0576,1.06466,1.05699,1.06405
2021-11-10,1.06453,1.06625,1.06255,1.06467
2021-11-11,1.06414,1.06528,1.05952,1.06292
2021-11-12,1.06207,1.06443,1.05904,1.06159
2021-11-15,1.06104,1.06623,1.06078,1.06409
2021-11-16,1.06439,1.06551,1.05888,1.06025
2021-11-17,1.05999,1.06166,1.05821,1.06074
2021-11-18,1.05985,1.06475,1.05731,1.06119
2021-11-19,1.06127,1.06492,1.05842,1.06128
2021-11-22,1.061,1.06763,1.05172,1.05334
2021-11-23,1.05306,1.05686,1.04863,1.04974
2021-11-24,1.04912,1.05076,1.0484,1.04869
2021-11-25,1.04886,1.05075,1.0452,1.04946
2021-11-26,1.04984,1.05159,1.04802,1.04851
2021-11-29,1.04804,1.05427,1.04324,1.05167
2021-11-30,1.0519,1.05301,1.0443,1.04719
2021-12-01,1.04778,1.04943,1.04159,1.04207
2021-12-02,1.04209,1.04444,1.03519,1.03719
2021-12-03,1.03704,1.04667,1.03113,1.04613
2021-12-06,1.04664,1.05069,1.04387,1.0476
2021-12-07,1.04793,1.05641,1.04751,1.05267
2021-12-08,1.05205,1.05255,1.04952,1.05118
2021-12-09,1.05182,1.05295,1.04595,1.04971
2021-12-10,1.04935,1.05186,1.04557,1.04566
2021-12-13,1.045,1.04693,1.03946,1.04035
2021-12-14,1.04068,1.04221,1.02629,1.03153
2021-12-15,1.03163,1.03408,1.02882,1.03212
2021-12-16,1.03264,1.03759,1.02727,1.03257
2021-12-17,1.03215,1.03741,1.03004,1.03507
2021-12-20,1.03531,1.04231,1.03423,1.03971
2021-12-21,1.03986,1.04461,1.0378,1.03878
2021-12-22,1.03865,1.0391,1.03673,1.03753
2021-12-23,1.03787,1.04036,1.03481,1.03626
2021-12-24,1.03626,1.04054,1.02774,1.03263
2021-12-27,1.03231,1.03813,1.03132,1.03558
2021-12-28,1.03595,1.03812,1.03356,1.03542
2021-12-29,1.03583,1.03894,1.03037,1.03777
2021-12-30,1.037,1.03834,1.03273,1.03417
2021-12-31,1.034,1.03645,1.02329,1.03006
2022-01-03,1.02996,1.03137,1.02824,1.02991
2022-01-04,1.02997,1.0384,1.02702,1.03499
2022-01-05,1.03577,1.03689,1.02745,1.02943
2022-01-06,1.02934,1.03474,1.02787,1.03125
2022-01-07,1.03162,1.03497,1.02363,1.02987
2022-01-10,1.03008,1.03166,1.02173,1.02212
2022-01-11,1.0222,1.02272,1.01572,1.01859
2022-01-12,1.01877,1.02256,1.01461,1.02022
2022-01-13,1.01977,1.02716,1.01853,1.02482
2022-01-14,1.02533,1.03179,1.01966,1.03111
2022-01-17,1.03066,1.03446,1.0295,1.03322
2022-01-18,1.03271,1.03628,1.03093,1.03305
2022-01-19,1.03246,1.03872,1.02951,1.03549
2022-01-20,1.03528,1.05053,1.03195,1.0461
2022-01-21,1.04555,1.05134,1.03017,1.03594
2022-01-24,1.03597,1.04118,1.02849,1.03814
2022-01-25,1.03845,1.04203,1.03612,1.03727
2022-01-26,1.03727,1.05944,1.03629,1.05882
2022-01-27,1.05865,1.07248,1.05265,1.06987
2022-01-28,1.07084,1.07831,1.07048,1.07402
2022-01-31,1.07416,1.07501,1.0722,1.07227
2022-02-01,1.07316,1.07684,1.06749,1.07533
2022-02-02,1.0748,1.08168,1.071,1.07415
2022-02-03,1.07354,1.0784,1.06707,1.06852
2022-02-04,1.06908,1.07136,1.06662,1.0703
2022-02-07,1.06974,1.07863,1.06753,1.0773
2022-02-08,1.07802,1.0825,1.06814,1.0735
2022-02-09,1.07342,1.07474,1.06934,1.07359
2022-02-10,1.0739,1.07472,1.06404,1.06465
2022-02-11,1.06441,1.06641,1.06305,1.06315
2022-02-14,1.06298,1.06652,1.05666,1.0598
2022-02-15,1.06018,1.06501,1.05928,1.06102
2022-02-16,1.06082,1.06422,1.05829,1.06405
2022-02-17,1.06419,1.06815,1.05882,1.05987
2022-02-18,1.06025,1.06211,1.0552,1.05776
2022-02-21,1.0578,1.06646,1.05445,1.06338
2022-02-22,1.06376,1.06862,1.06221,1.06391
2022-02-23,1.06465,1.07188,1.0636,1.06592
2022-02-24,1.065,1.06732,1.05957,1.06264
2022-02-25,1.06303,1.0746,1.05949,1.07293
2022-02-28,1.07237,1.07827,1.06831,1.07821
2022-03-01,1.07893,1.08185,1.0739,1.08152
2022-03-02,1.0811,1.0842,1.07887,1.07948
2022-03-03,1.07983,1.08413,1.06861,1.08258
2022-03-04,1.08275,1.08646,1.07466,1.07875
2022-03-07,1.07873,1.09013,1.07836,1.08473
2022-03-08,1.08424,1.0893,1.07868,1.08278
2022-03-09,1.08288,1.08627,1.07189,1.07192
2022-03-10,1.07221,1.07398,1.06414,1.06944
2022-03-11,1.07005,1.07364,1.06383,1.06433
2022-03-14,1.06399,1.07002,1.05743,1.06769
2022-03-15,1.06808,1.07169,1.06524,1.06707
2022-03-16,1.06763,1.07019,1.06253,1.06274
2022-03-17,1.06333,1.0691,1.05734,1.06254
2022-03-18,1.06231,1.06267,1.05528,1.05586
2022-03-21,1.05614,1.05796,1.048,1.04842
2022-03-22,1.04843,1.05769,1.04326,1.05082
2022-03-23,1.0511,1.0616,1.05023,1.05249
2022-03-24,1.05256,1.05342,1.04953,1.05326
2022-03-25,1.05369,1.05568,1.04951,1.05106
2022-03-28,1.05145,1.05431,1.04579,1.0491
2022-03-29,1.04894,1.05417,1.0402,1.04032
2022-03-30,1.04067,1.04242,1.0278,1.03173
2022-03-31,1.03176,1.04658,1.0289,1.04344
2022-04-01,1.0427,1.05473,1.03707,1.04987
2022-04-04,1.04982,1.05627,1.04308,1.05607
2022-04-05,1.05609,1.05611,1.04202,1.04591
2022-04-06,1.046,1.04713,1.03691,1.03826
2022-04-07,1.03817,1.03846,1.02959,1.03136
2022-04-08,1.0318,1.03639,1.02966,1.03508
2022-04-11,1.03493,1.0355,1.02999,1.03409
2022-04-12,1.0342,1.04206,1.03392,1.03677
2022-04-13,1.03707,1.03891,1.03604,1.03605
2022-04-14,1.03616,1.04065,1.02892,1.03857
2022-04-15,1.03827,1.04479,1.03711,1.03751
2022-04-18,1.03767,1.03938,1.0274,1.0303
2022-04-19,1.03025,1.03602,1.02972,1.03088
2022-04-20,1.03103,1.04031,1.02841,1.03732
2022-04-21,1.03737,1.0417,1.03274,1.04139
2022-04-22,1.0415,1.04322,1.02742,1.032
2022-04-25,1.03262,1.04499,1.0307,1.0396
2022-04-26,1.04015,1.04083,1.03713,1.03795
2022-04-27,1.03821,1.03853,1.03057,1.03717
2022-04-28,1.03753,1.0377,1.0334,1.03719
2022-04-29,1.03756,1.03982,1.0294,1.03449
2022-05-02,1.03408,1.03495,1.02483,1.02709
2022-05-03,1.0274,1.03767,1.02498,1.03609
2022-05-04,1.03571,1.04117,1.02964,1.03539
2022-05-05,1.03527,1.03915,1.01801,1.02305
2022-05-06,1.0232,1.03125,1.02241,1.03054
2022-05-09,1.03092,1.04186,1.02577,1.04071
2022-05-10,1.04019,1.04689,1.03931,1.04403
2022-05-11,1.04421,1.04727,1.04047,1.04238
2022-05-12,1.04223,1.0425,1.03713,1.0406
2022-05-13,1.04077,1.04208,1.03107,1.03143
2022-05-16,1.03193,1.0367,1.02714,1.03063
2022-05-17,1.03003,1.03224,1.02644,1.03039
2022-05-18,1.03052,1.03269,1.02487,1.02992
2022-05-19,1.02968,1.035,1.02959,1.03277
2022-05-20,1.03298,1.04372,1.03012,1.03923
2022-05-23,1.03967,1.04734,1.03919,1.04487
2022-05-24,1.04474,1.0523,1.0321,1.03337
2022-05-25,1.03347,1.03453,1.02142,1.02287
2022-05-26,1.02317,1.02822,1.00607,1.00613
2022-05-27,1.00577,1.00584,0.98942,0.99421
2022-05-30,0.99364,0.99836,0.99178,0.99649
2022-05-31,0.99685,1.00448,0.9916,1.00428
2022-06-01,1.00394,1.00474,0.99646,1.00083
2022-06-02,1.00059,1.0158,0.99912,1.01109
2022-06-03,1.01074,1.01244,0.99963,1.00408
2022-06-06,1.00377,1.01363,0.99904,1.01104
2022-06-07,1.01134,1.01665,1.01096,1.01205
2022-06-08,1.01153,1.01806,1.00629,1.00771
2022-06-09,1.00768,1.02043,1.00276,1.01365
2022-06-10,1.01339,1.03039,1.0075,1.02841
2022-06-13,1.02826,1.03598,1.02283,1.03452
2022-06-14,1.03446,1.03979,1.02381,1.02483
2022-06-15,1.02509,1.02773,1.01008,1.01264
2022-06-16,1.01274,1.01675,1.00943,1.01055
2022-06-17,1.01131,1.01259,1.00178,1.00586
2022-06-20,1.00569,1.01401,1.00532,1.00652
2022-06-21,1.00634,1.00765,1.00005,1.0032
2022-06-22,1.00326,1.00559,1.0004,1.00308
2022-06-23,1.00329,1.01303,0.99995,1.01138
2022-06-24,1.011,1.01179,1.00527,1.00714
2022-06-27,1.00631,1.00683,1.00356,1.00543
2022-06-28,1.00561,1.02091,1.0033,1.01219
2022-06-29,1.01214,1.02104,1.00871,1.01355
2022-06-30,1.01324,1.01738,1.01171,1.01621
2022-07-01,1.01554,1.02091,1.01334,1.01961
2022-07-04,1.01949,1.02243,1.01854,1.01877
2022-07-05,1.01894,1.02583,1.01754,1.02302
2022-07-06,1.0229,1.03133,1.01928,1.02244
2022-07-07,1.02183,1.0352,1.0181,1.03024
2022-07-08,1.0305,1.04407,1.02473,1.0422
2022-07-11,1.04184,1.04611,1.03893,1.04518
2022-07-12,1.04494,1.06073,1.04113,1.0542
2022-07-13,1.05388,1.05535,1.0413,1.04666
2022-07-14,1.04647,1.0473,1.03505,1.03857
2022-07-15,1.03905,1.05499,1.03796,1.05496
2022-07-18,1.05478,1.0644,1.05196,1.05903
2022-07-19,1.05909,1.06929,1.05735,1.06868
2022-07-20,1.06883,1.07364,1.06312,1.06483
2022-07-21,1.06477,1.06798,1.05825,1.06111
2022-07-22,1.06109,1.068,1.05393,1.0631
2022-07-25,1.06313,1.07385,1.05864,1.06985
2022-07-26,1.06984,1.08597,1.06749,1.08495
2022-07-27,1.0849,1.1041,1.08475,1.09523
2022-07-28,1.09522,1.10325,1.09286,1.09889
2022-07-29,1.09906,1.1017,1.09461,1.10084
2022-08-01,1.10067,1.10208,1.09701,1.09761
2022-08-02,1.09798,1.09937,1.08924,1.09361
2022-08-03,1.09347,1.09675,1.0842,1.08533
2022-08-04,1.08518,1.09703,1.08499,1.09319
2022-08-05,1.09292,1.09885,1.08511,1.09853
2022-08-08,1.09847,1.10186,1.0918,1.0919
2022-08-09,1.09154,1.09341,1.07763,1.0824
2022-08-10,1.08202,1.08876,1.0777,1.08434
2022-08-11,1.08407,1.09071,1.08269,1.08955
2022-08-12,1.08963,1.09469,1.08748,1.09251
2022-08-15,1.09214,1.10988,1.08331,1.09671
2022-08-16,1.09632,1.10913,1.09356,1.10276
2022-08-17,1.10278,1.10372,1.08453,1.09012
2022-08-18,1.08935,1.09314,1.05877,1.07074
2022-08-19,1.07027,1.08528,1.06686,1.07754
2022-08-22,1.07668,1.08047,1.05862,1.06091
2022-08-23,1.06138,1.07005,1.05463,1.0686
2022-08-24,1.0685,1.07157,1.04819,1.05763
2022-08-25,1.05676,1.05931,1.05281,1.05758
2022-08-26,1.05722,1.05769,1.04956,1.05499
2022-08-29,1.05532,1.05895,1.04171,1.04914
2022-08-30,1.04915,1.0563,1.03258,1.03601
2022-08-31,1.036,1.05238,1.02616,1.04877
2022-09-01,1.04912,1.05701,1.03958,1.05349
2022-09-02,1.05401,1.05838,1.05027,1.05459
2022-09-05,1.05523,1.06852,1.05373,1.0647
2022-09-06,1.06518,1.06702,1.05157,1.06255
2022-09-07,1.06301,1.06693,1.0599,1.06046
2022-09-08,1.06042,1.06652,1.0553,1.0558
2022-09-09,1.05565,1.07085,1.0507,1.06697
2022-09-12,1.06732,1.06748,1.06176,1.06605
2022-09-13,1.06536,1.07989,1.06138,1.07111
2022-09-14,1.07039,1.07261,1.0558,1.05996
2022-09-15,1.0606,1.06554,1.03604,1.04314
2022-09-16,1.04381,1.04911,1.0286,1.02991
2022-09-19,1.02964,1.03069,1.01853,1.0222
2022-09-20,1.02292,1.02864,1.01926,1.02852
2022-09-21,1.02911,1.05032,1.02355,1.04566
2022-09-22,1.04575,1.07259,1.042,1.06399
2022-09-23,1.06391,1.07016,1.06267,1.06578
2022-09-26,1.06541,1.07125,1.05565,1.05577
2022-09-27,1.05583,1.06221,1.04479,1.046
2022-09-28,1.04672,1.05672,1.04628,1.05037
2022-09-29,1.05034,1.07264,1.04153,1.07229
2022-09-30,1.07213,1.08045,1.06449,1.07317
2022-10-03,1.07317,1.07995,1.06178,1.06812
2022-10-04,1.06795,1.08189,1.06517,1.07504
2022-10-05,1.07516,1.07924,1.0661,1.06991
2022-10-06,1.07032,1.07836,1.0671,1.07168
2022-10-07,1.07216,1.07422,1.0522,1.06295
2022-10-10,1.06292,1.06528,1.04944,1.05287
2022-10-11,1.05273,1.06053,1.03686,1.03927
2022-10-12,1.03912,1.05103,1.03713,1.04952
2022-10-13,1.04942,1.06186,1.04882,1.05389
2022-10-14,1.05397,1.06661,1.05289,1.06019
2022-10-17,1.06049,1.09328,1.05263,1.08802
2022-10-18,1.08864,1.09314,1.08286,1.08535
2022-10-19,1.0858,1.10019,1.08282,1.09683
2022-10-20,1.09657,1.10436,1.07277,1.07452
2022-10-21,1.07494,1.09152,1.07322,1.0856
2022-10-24,1.08631,1.10724,1.07864,1.10333
2022-10-25,1.10303,1.1118,1.08918,1.09916
2022-10-26,1.09884,1.10709,1.08735,1.10109
2022-10-27,1.10119,1.1132,1.09582,1.10719
2022-10-28,1.10726,1.12403,1.10005,1.11102
2022-10-31,1.11057,1.12313,1.10505,1.12098
2022-11-01,1.12057,1.12359,1.11908,1.11911
2022-11-02,1.11901,1.12279,1.10113,1.10132
2022-11-03,1.10203,1.10926,1.09306,1.10294
2022-11-04,1.10264,1.12223,1.10116,1.11348
2022-11-07,1.11381,1.12761,1.11331,1.12323
2022-11-08,1.12403,1.13506,1.12024,1.12561
2022-11-09,1.12565,1.13192,1.11773,1.12121
2022-11-10,1.12061,1.13168,1.11985,1.12888
2022-11-11,1.12903,1.14413,1.12843,1.13236
2022-11-14,1.13178,1.14088,1.12474,1.13078
2022-11-15,1.13141,1.13462,1.1282,1.12885
2022-11-16,1.12955,1.1394,1.11041,1.12212
2022-11-17,1.12175,1.12516,1.12078,1.12314
2022-11-18,1.12282,1.124,1.12093,1.12325
2022-11-21,1.1232,1.12602,1.12035,1.12403
2022-11-22,1.1237,1.13736,1.12197,1.13725
2022-11-23,1.13791,1.13932,1.12289,1.13053
2022-11-24,1.1303,1.1311,1.11649,1.1223
2022-11-25,1.12284,1.14515,1.11724,1.13294
2022-11-28,1.13289,1.14441,1.11431,1.11596
2022-11-29,1.11602,1.1249,1.10356,1.11172
2022-11-30,1.11112,1.13719,1.1108,1.12902
2022-12-01,1.12932,1.13219,1.12698,1.13046
2022-12-02,1.13125,1.13766,1.12613,1.13595
2022-12-05,1.1357,1.14043,1.11468,1.11697
2022-12-06,1.11627,1.1205,1.11008,1.11948
2022-12-07,1.1196,1.13116,1.11804,1.12451
2022-12-08,1.12383,1.14105,1.11953,1.13709
2022-12-09,1.13645,1.14747,1.13307,1.14166
2022-12-12,1.14108,1.16833,1.13331,1.15689
2022-12-13,1.15671,1.15919,1.15229,1.15597
2022-12-14,1.15541,1.17253,1.14952,1.16352
2022-12-15,1.1635,1.16693,1.14969,1.15458
2022-12-16,1.15518,1.15887,1.15161,1.15508
2022-12-19,1.15458,1.16711,1.15255,1.15902
2022-12-20,1.15809,1.16926,1.15507,1.16406
2022-12-21,1.1638,1.16706,1.14922,1.16049
2022-12-22,1.161,1.16685,1.15034,1.15293
2022-12-23,1.15258,1.16715,1.15222,1.16188
2022-12-26,1.16177,1.19262,1.15599,1.18595
2022-12-27,1.18555,1.18626,1.17768,1.18528
2022-12-28,1.18401,1.19177,1.17789,1.17889
2022-12-29,1.17932,1.17942,1.16591,1.16613
2022-12-30,1.16639,1.17072,1.15661,1.15937
2023-01-02,1.1594,1.16495,1.14687,1.14953
2023-01-03,1.14942,1.15094,1.13668,1.14015
2023-01-04,1.1401,1.15632,1.13962,1.15035
2023-01-05,1.15042,1.16006,1.14948,1.15774
2023-01-06,1.15812,1.15815,1.14968,1.15141
2023-01-09,1.15038,1.15554,1.1477,1.15116
2023-01-10,1.15131,1.15457,1.14702,1.15244
2023-01-11,1.15223,1.15225,1.14562,1.15008
2023-01-12,1.14997,1.15132,1.13899,1.14571
2023-01-13,1.14563,1.14707,1.14286,1.14401
2023-01-16,1.14465,1.1476,1.13093,1.13671
2023-01-17,1.13634,1.13636,1.12221,1.12971
2023-01-18,1.13014,1.13433,1.12809,1.13362
2023-01-19,1.13368,1.13679,1.11841,1.12794
2023-01-20,1.12804,1.13166,1.12476,1.13046
2023-01-23,1.12999,1.13312,1.12405,1.12613
2023-01-24,1.12591,1.12659,1.12197,1.12281
2023-01-25,1.12265,1.12896,1.10836,1.11717
2023-01-26,1.11672,1.1261,1.11223,1.12555
2023-01-27,1.12543,1.14398,1.11578,1.13731
2023-01-30,1.13765,1.13846,1.1217,1.12235
2023-01-31,1.12338,1.12567,1.11914,1.12067
2023-02-01,1.12053,1.12249,1.11863,1.12138
2023-02-02,1.12081,1.13515,1.11692,1.12804
2023-02-03,1.1278,1.13761,1.12501,1.13119
2023-02-06,1.13142,1.1335,1.12328,1.12384
2023-02-07,1.12385,1.12976,1.11897,1.12688
2023-02-08,1.12774,1.13203,1.11835,1.12273
2023-02-09,1.12244,1.12804,1.11818,1.11821
2023-02-10,1.1177,1.11828,1.11046,1.11068
2023-02-13,1.11086,1.11799,1.10077,1.1036
2023-02-14,1.10284,1.10889,1.10138,1.10305
2023-02-15,1.10357,1.1061,1.10062,1.10129
2023-02-16,1.1022,1.10227,1.09253,1.09578
2023-02-17,1.09577,1.0979,1.08712,1.08945
2023-02-20,1.08921,1.09089,1.08324,1.08717
2023-02-21,1.08704,1.09058,1.08066,1.09054
2023-02-22,1.09069,1.09149,1.08239,1.0862
2023-02-23,1.08626,1.09299,1.08442,1.09279
2023-02-24,1.09352,1.09965,1.08992,1.09725
2023-02-27,1.09682,1.10582,1.09495,1.10139
2023-02-28,1.10086,1.10272,1.09609,1.09808
2023-03-01,1.09879,1.10513,1.09607,1.09612
2023-03-02,1.09626,1.11116,1.08934,1.10827
2023-03-03,1.10796,1.11842,1.10385,1.11409
2023-03-06,1.11404,1.11689,1.11263,1.11439
2023-03-07,1.11513,1.11764,1.10584,1.10968
2023-03-08,1.10927,1.11787,1.10891,1.11539
2023-03-09,1.11549,1.12861,1.11523,1.12649
2023-03-10,1.12643,1.12945,1.12249,1.12484
2023-03-13,1.12476,1.13179,1.12204,1.13079
2023-03-14,1.13102,1.1357,1.11697,1.11785
2023-03-15,1.11746,1.11864,1.10458,1.10838
2023-03-16,1.10833,1.11395,1.10591,1.11273
2023-03-17,1.11353,1.12274,1.11116,1.12085
2023-03-20,1.12126,1.13762,1.11404,1.13315
2023-03-21,1.13281,1.14056,1.13151,1.13675
2023-03-22,1.13723,1.14902,1.13316,1.14111
2023-03-23,1.14099,1.14283,1.12703,1.12707
2023-03-24,1.12692,1.13825,1.12558,1.13383
2023-03-27,1.13409,1.13747,1.13239,1.1361
2023-03-28,1.1357,1.13672,1.12562,1.13311
2023-03-29,1.13297,1.13878,1.1271,1.12737
2023-03-30,1.12733,1.13376,1.12585,1.13293
2023-03-31,1.13286,1.13546,1.12684,1.12798
2023-04-03,1.12805,1.13107,1.12597,1.12886
2023-04-04,1.12872,1.13362,1.12832,1.13227
2023-04-05,1.13228,1.13254,1.12454,1.12906
2023-04-06,1.12938,1.13085,1.11813,1.12094
2023-04-07,1.12108,1.12479,1.11859,1.12109
2023-04-10,1.12081,1.13464,1.12017,1.12941
2023-04-11,1.12917,1.14113,1.12851,1.13982
2023-04-12,1.13995,1.14442,1.13977,1.14116
2023-04-13,1.14035,1.14343,1.13611,1.14095
2023-04-14,1.14124,1.1426,1.13729,1.1419
2023-04-17,1.14248,1.14526,1.1344,1.1428
2023-04-18,1.14278,1.15322,1.1408,1.1458
2023-04-19,1.14534,1.14952,1.13953,1.144
2023-04-20,1.14343,1.14773,1.14129,1.14592
2023-04-21,1.14565,1.14656,1.14104,1.14477
2023-04-24,1.14461,1.14731,1.13827,1.14121
2023-04-25,1.1413,1.14197,1.13819,1.14121
2023-04-26,1.14185,1.14335,1.13551,1.13638
2023-04-27,1.13704,1.13859,1.13343,1.1373
2023-04-28,1.13735,1.13963,1.13448,1.13804
2023-05-01,1.13721,1.14228,1.13703,1.14067
2023-05-02,1.14081,1.14393,1.13709,1.1436
2023-05-03,1.14373,1.14834,1.14242,1.14584
2023-05-04,1.14666,1.1601,1.14491,1.15893
2023-05-05,1.15928,1.16014,1.14527,1.14987
2023-05-08,1.14979,1.15132,1.14632,1.15011
2023-05-09,1.15093,1.15234,1.14737,1.1486
2023-05-10,1.14799,1.14948,1.14199,1.14829
2023-05-11,1.14774,1.15507,1.14337,1.14969
2023-05-12,1.15003,1.15011,1.13368,1.13885
2023-05-15,1.13827,1.14332,1.13721,1.14161
2023-05-16,1.14211,1.14272,1.13123,1.13282
2023-05-17,1.13294,1.13652,1.12661,1.12889
2023-05-18,1.1288,1.13989,1.12284,1.1341
2023-05-19,1.13518,1.13959,1.13281,1.13591
2023-05-22,1.13627,1.13982,1.12799,1.13858
2023-05-23,1.13918,1.1496,1.13479,1.13921
2023-05-24,1.13927,1.14597,1.13852,1.14304
2023-05-25,1.14346,1.14891,1.14337,1.14846
2023-05-26,1.14851,1.15081,1.14229,1.14643
2023-05-29,1.14571,1.14759,1.14006,1.14335
2023-05-30,1.14377,1.1509,1.14125,1.14954
2023-05-31,1.14943,1.1535,1.14496,1.14913
2023-06-01,1.14841,1.14956,1.146,1.14719
2023-06-02,1.14669,1.16585,1.1457,1.16221
2023-06-05,1.1627,1.16792,1.15744,1.15886
2023-06-06,1.15952,1.16315,1.15731,1.16204
2023-06-07,1.16205,1.16548,1.15501,1.1602
2023-06-08,1.15969,1.16789,1.15861,1.16332
2023-06-09,1.16309,1.16398,1.15788,1.15977
2023-06-12,1.16036,1.16655,1.15962,1.16147
2023-06-13,1.16127,1.16344,1.14764,1.14785
2023-06-14,1.14702,1.14831,1.13736,1.1401
2023-06-15,1.1399,1.1433,1.13726,1.13825
2023-06-16,1.13843,1.14466,1.13028,1.14246
2023-06-19,1.14155,1.14413,1.13918,1.13975
2023-06-20,1.13948,1.14142,1.13529,1.13548
2023-06-21,1.13595,1.14313,1.1279,1.13802
2023-06-22,1.13863,1.14444,1.12752,1.13018
2023-06-23,1.1304,1.1343,1.12708,1.1291
2023-06-26,1.12859,1.13161,1.12725,1.13022
2023-06-27,1.13016,1.13588,1.12715,1.1313
2023-06-28,1.13193,1.13253,1.12817,1.12907
2023-06-29,1.12957,1.13105,1.12042,1.1214
2023-06-30,1.12099,1.13565,1.11812,1.12959
2023-07-03,1.12925,1.13565,1.12698,1.12856
2023-07-04,1.12883,1.12939,1.10966,1.11243
2023-07-05,1.11168,1.11914,1.1108,1.11689
2023-07-06,1.11711,1.1176,1.11245,1.11758
2023-07-07,1.11742,1.13555,1.11432,1.12969
2023-07-10,1.12913,1.13909,1.11996,1.13394
2023-07-11,1.13484,1.13605,1.13011,1.13122
2023-07-12,1.13169,1.14215,1.11749,1.12395
2023-07-13,1.12395,1.12717,1.10385,1.10858
2023-07-14,1.10896,1.11325,1.09984,1.10474
2023-07-17,1.10432,1.10751,1.09717,1.10083
2023-07-18,1.10077,1.10267,1.09737,1.09857
2023-07-19,1.0981,1.10685,1.09785,1.10452
2023-07-20,1.10514,1.11011,1.10087,1.10689
2023-07-21,1.10649,1.10705,1.09645,1.10304
2023-07-24,1.10343,1.10385,1.1003,1.10084
2023-07-25,1.10118,1.1059,1.09885,1.10353
2023-07-26,1.10351,1.1036,1.09967,1.10153
2023-07-27,1.10085,1.10247,1.09061,1.09222
2023-07-28,1.09298,1.09402,1.08838,1.08853
2023-07-31,1.08797,1.0948,1.08553,1.08859
2023-08-01,1.08898,1.09564,1.08799,1.09448
2023-08-02,1.09493,1.09726,1.08761,1.09294
2023-08-03,1.0938,1.09495,1.08857,1.09025
2023-08-04,1.08919,1.09533,1.08777,1.08858
2023-08-07,1.08858,1.08905,1.079,1.082
2023-08-08,1.08173,1.09104,1.07783,1.08793
2023-08-09,1.08816,1.09634,1.08683,1.09627
2023-08-10,1.09661,1.0988,1.091,1.09672
2023-08-11,1.09698,1.10132,1.09398,1.09696
2023-08-14,1.09753,1.10389,1.09343,1.09397
2023-08-15,1.09431,1.09726,1.08779,1.09302
2023-08-16,1.09227,1.09345,1.08025,1.0865
2023-08-17,1.08676,1.09013,1.0861,1.08932
2023-08-18,1.08943,1.09783,1.08675,1.09594
2023-08-21,1.09566,1.09807,1.0906,1.0919
2023-08-22,1.09226,1.09896,1.09203,1.09822
2023-08-23,1.09776,1.10531,1.09268,1.09286
2023-08-24,1.09271,1.09936,1.08438,1.08734
2023-08-25,1.08728,1.10106,1.08659,1.09778
2023-08-28,1.09752,1.10234,1.09639,1.09656
2023-08-29,1.09669,1.10154,1.08899,1.09809
2023-08-30,1.09818,1.09938,1.08177,1.08807
2023-08-31,1.08808,1.09161,1.08369,1.08515
2023-09-01,1.08529,1.09102,1.07272,1.07713
2023-09-04,1.07747,1.08072,1.07387,1.07997
2023-09-05,1.07928,1.08994,1.07456,1.08823
2023-09-06,1.08869,1.08939,1.08244,1.08562
2023-09-07,1.08553,1.09506,1.08168,1.0884
2023-09-08,1.08888,1.1017,1.08848,1.09366
2023-09-11,1.09388,1.10238,1.09336,1.09644
2023-09-12,1.09646,1.1014,1.09523,1.10025
2023-09-13,1.10104,1.10285,1.10099,1.10162
2023-09-14,1.10148,1.11236,1.09778,1.09878
2023-09-15,1.09938,1.10484,1.0935,1.10231
2023-09-18,1.10324,1.10853,1.10151,1.10782
2023-09-19,1.10826,1.11585,1.10769,1.11429
2023-09-20,1.11444,1.12178,1.11235,1.11668
2023-09-21,1.11609,1.11893,1.11167,1.11836
2023-09-22,1.11805,1.1202,1.11491,1.11659
2023-09-25,1.11667,1.1217,1.10542,1.10824
2023-09-26,1.10862,1.11153,1.10831,1.10886
2023-09-27,1.10872,1.11175,1.10726,1.10916
2023-09-28,1.10956,1.11684,1.10882,1.11503
2023-09-29,1.11549,1.11826,1.11505,1.11806
2023-10-02,1.11752,1.11959,1.11105,1.11269
2023-10-03,1.11265,1.11476,1.10602,1.11049
2023-10-04,1.11042,1.11319,1.10831,1.10858
2023-10-05,1.10831,1.10911,1.10478,1.10714
2023-10-06,1.10768,1.1091,1.09785,1.10523
2023-10-09,1.10494,1.11274,1.10217,1.10652
2023-10-10,1.10615,1.11282,1.10365,1.10527
2023-10-11,1.10556,1.1292,1.10447,1.12476
2023-10-12,1.12561,1.1274,1.12039,1.12202
2023-10-13,1.12222,1.12577,1.11761,1.12502
2023-10-16,1.12556,1.13054,1.11838,1.12526
2023-10-17,1.12501,1.13206,1.12044,1.12151
2023-10-18,1.12168,1.1328,1.11759,1.12959
2023-10-19,1.13012,1.13409,1.12424,1.12881
2023-10-20,1.12889,1.13441,1.12204,1.12756
2023-10-23,1.12822,1.12832,1.12291,1.124
2023-10-24,1.124,1.12705,1.11371,1.11394
2023-10-25,1.11396,1.1243,1.10305,1.10579
2023-10-26,1.10595,1.1061,1.10063,1.10267
2023-10-27,1.10271,1.11295,1.09908,1.10867
2023-10-30,1.10852,1.11091,1.09286,1.09651
2023-10-31,1.09589,1.11233,1.09397,1.10552
2023-11-01,1.10492,1.10627,1.10479,1.10534
2023-11-02,1.10553,1.12315,1.10474,1.11121
2023-11-03,1.1117,1.11811,1.10895,1.11769
2023-11-06,1.11848,1.11925,1.11094,1.11272
2023-11-07,1.11229,1.11332,1.10426,1.11172
2023-11-08,1.1116,1.11733,1.10661,1.109
2023-11-09,1.10905,1.11526,1.10685,1.11232
2023-11-10,1.11277,1.12816,1.10921,1.12604
2023-11-13,1.12644,1.13277,1.12169,1.13269
2023-11-14,1.13292,1.1334,1.12635,1.12931
2023-11-15,1.12926,1.13413,1.12873,1.13229
2023-11-16,1.13172,1.13278,1.12608,1.1316
2023-11-17,1.13118,1.1336,1.13094,1.13243
2023-11-20,1.13283,1.1381,1.1326,1.13452
2023-11-21,1.13401,1.14205,1.13378,1.13684
2023-11-22,1.1372,1.14527,1.13557,1.13606
2023-11-23,1.1351,1.13902,1.12791,1.13655
2023-11-24,1.13584,1.14321,1.13189,1.13848
2023-11-27,1.13878,1.14116,1.13614,1.139
2023-11-28,1.13947,1.14356,1.1364,1.1422
2023-11-29,1.14168,1.14524,1.13961,1.14355
2023-11-30,1.1431,1.15038,1.13573,1.14496
2023-12-01,1.14522,1.15166,1.1368,1.14276
2023-12-04,1.14206,1.14956,1.13548,1.14532
2023-12-05,1.14488,1.14754,1.13621,1.13867
2023-12-06,1.13905,1.1421,1.13215,1.13392
2023-12-07,1.1338,1.13778,1.12389,1.1248
2023-12-08,1.12495,1.13049,1.11826,1.12974
2023-12-11,1.12937,1.12977,1.12721,1.12798
2023-12-12,1.12765,1.13229,1.12221,1.12512
2023-12-13,1.12598,1.13072,1.1232,1.13062
2023-12-14,1.13071,1.1332,1.12887,1.13168
2023-12-15,1.13182,1.13436,1.12203,1.12588
2023-12-18,1.12511,1.12853,1.1206,1.12072
2023-12-19,1.12044,1.12903,1.11937,1.12536
2023-12-20,1.12494,1.14023,1.1228,1.13791
2023-12-21,1.13748,1.1492,1.13535,1.14701
2023-12-22,1.14632,1.14841,1.14056,1.14698
2023-12-25,1.14653,1.14796,1.14349,1.14543
2023-12-26,1.14535,1.1466,1.13617,1.14076
2023-12-27,1.14044,1.14815,1.13721,1.14399
2023-12-28,1.14367,1.15032,1.14256,1.14526
2023-12-29,1.14499,1.1492,1.14133,1.14196
2024-01-01,1.14183,1.14259,1.13947,1.14054
2024-01-02,1.14015,1.1418,1.13732,1.1385
2024-01-03,1.13861,1.14046,1.13336,1.13527
2024-01-04,1.13604,1.14826,1.13592,1.14747
2024-01-05,1.14708,1.15163,1.14372,1.14944
2024-01-08,1.14984,1.15104,1.14371,1.14586
2024-01-09,1.14593,1.14703,1.13777,1.13861
2024-01-10,1.13842,1.14413,1.13776,1.14362
2024-01-11,1.14329,1.14464,1.13798,1.14193
2024-01-12,1.14187,1.15272,1.14085,1.15162
2024-01-15,1.15219,1.15353,1.14819,1.1503
2024-01-16,1.15033,1.1611,1.14986,1.15741
2024-01-17,1.15719,1.16035,1.15269,1.15991
2024-01-18,1.16043,1.16103,1.15338,1.15644
2024-01-19,1.15641,1.15824,1.15047,1.15265
2024-01-22,1.15251,1.15679,1.15128,1.15502
2024-01-23,1.1547,1.15604,1.14502,1.14851
2024-01-24,1.14789,1.14864,1.14168,1.14227
2024-01-25,1.14241,1.14758,1.13758,1.14515
2024-01-26,1.14475,1.15327,1.14058,1.15299
2024-01-29,1.15266,1.15357,1.14941,1.15201
2024-01-30,1.15176,1.16597,1.15157,1.1608
2024-01-31,1.16005,1.16385,1.15577,1.16181
2024-02-01,1.16198,1.16275,1.15737,1.15844
2024-02-02,1.15867,1.16069,1.1516,1.15804
2024-02-05,1.15833,1.16207,1.15708,1.15979
2024-02-06,1.15974,1.16026,1.14584,1.15374
2024-02-07,1.15411,1.15493,1.14634,1.1519
2024-02-08,1.15239,1.15809,1.14725,1.15447
2024-02-09,1.15369,1.15809,1.15011,1.15561
2024-02-12,1.15559,1.16152,1.15554,1.15681
2024-02-13,1.15619,1.15727,1.14218,1.14649
2024-02-14,1.14714,1.15645,1.14697,1.14737
2024-02-15,1.14767,1.14996,1.1364,1.14269
2024-02-16,1.14309,1.15366,1.1403,1.15238
2024-02-19,1.1527,1.16735,1.14957,1.16394
2024-02-20,1.16524,1.16906,1.15845,1.16411
2024-02-21,1.16461,1.16856,1.15123,1.16094
2024-02-22,1.16093,1.16734,1.15905,1.16001
2024-02-23,1.15905,1.16676,1.15678,1.16526
2024-02-26,1.16643,1.18617,1.15921,1.17915
2024-02-27,1.17905,1.18129,1.17567,1.18042
2024-02-28,1.18038,1.1815,1.17158,1.1757
2024-02-29,1.17618,1.17858,1.16676,1.17059
2024-03-01,1.17122,1.17143,1.16641,1.16693
2024-03-04,1.16623,1.16751,1.16165,1.16435
2024-03-05,1.1644,1.17236,1.16076,1.17169
2024-03-06,1.1713,1.17322,1.16904,1.16977
2024-03-07,1.16912,1.1754,1.16897,1.17421
2024-03-08,1.17478,1.17777,1.15647,1.16419
2024-03-11,1.16373,1.16588,1.15777,1.15806
2024-03-12,1.15793,1.16154,1.1507,1.15372
2024-03-13,1.15338,1.16362,1.15211,1.15762
2024-03-14,1.15743,1.15823,1.15385,1.15745
2024-03-15,1.15762,1.15962,1.15059,1.15747
2024-03-18,1.15773,1.16612,1.15394,1.15914
2024-03-19,1.15903,1.16506,1.15402,1.16393
2024-03-20,1.16426,1.17143,1.16359,1.17077
2024-03-21,1.17147,1.17878,1.16621,1.17617
2024-03-22,1.17561,1.17739,1.16738,1.16824
2024-03-25,1.16754,1.16897,1.16108,1.16219
2024-03-26,1.16233,1.16971,1.15925,1.16867
2024-03-27,1.1679,1.16923,1.15935,1.16725
2024-03-28,1.1674,1.17385,1.16297,1.17068
2024-03-29,1.17131,1.1814,1.17047,1.17609
2024-04-01,1.17531,1.17828,1.17106,1.17565
2024-04-02,1.17529,1.18709,1.17147,1.18334
2024-04-03,1.18268,1.19332,1.17322,1.18848
2024-04-04,1.18808,1.19031,1.18175,1.18222
2024-04-05,1.1817,1.18244,1.17111,1.17226
2024-04-08,1.17287,1.17688,1.16435,1.16503
2024-04-09,1.1645,1.17049,1.15801,1.16711
2024-04-10,1.16693,1.17224,1.1607,1.1637
2024-04-11,1.16347,1.16785,1.16098,1.16497
2024-04-12,1.16484,1.17169,1.16276,1.16363
2024-04-15,1.16391,1.16529,1.15267,1.15556
2024-04-16,1.15672,1.16282,1.15488,1.16102
2024-04-17,1.16091,1.17004,1.15073,1.16531
2024-04-18,1.16519,1.16902,1.16382,1.16611
2024-04-19,1.16661,1.16901,1.16045,1.16245
2024-04-22,1.16243,1.17584,1.16149,1.16881
2024-04-23,1.16916,1.1707,1.16711,1.16855
2024-04-24,1.16892,1.16909,1.15918,1.16395
2024-04-25,1.16374,1.169,1.15828,1.15883
2024-04-26,1.15879,1.16539,1.15528,1.16113
2024-04-29,1.16127,1.16405,1.1604,1.16063
2024-04-30,1.16007,1.17074,1.16,1.16806
2024-05-01,1.16727,1.17196,1.1529,1.15929
2024-05-02,1.15959,1.16628,1.15815,1.16545
2024-05-03,1.16504,1.16905,1.16293,1.16606
2024-05-06,1.16582,1.17048,1.16134,1.16819
2024-05-07,1.16804,1.17187,1.16607,1.16683
2024-05-08,1.16731,1.16937,1.16144,1.16657
2024-05-09,1.16715,1.17573,1.16584,1.17347
2024-05-10,1.17348,1.17858,1.1689,1.17071
2024-05-13,1.17055,1.1723,1.16256,1.16449
2024-05-14,1.1651,1.17027,1.16323,1.16964
2024-05-15,1.16923,1.17304,1.16552,1.17195
2024-05-16,1.17212,1.18059,1.17136,1.17299
2024-05-17,1.17297,1.1834,1.17221,1.1812
2024-05-20,1.18054,1.1838,1.17231,1.17345
2024-05-21,1.17218,1.17245,1.16994,1.17167
2024-05-22,1.17158,1.18296,1.171,1.18204
2024-05-23,1.18213,1.18369,1.17744,1.17838
2024-05-24,1.17842,1.18326,1.17571,1.18139
2024-05-27,1.1814,1.19203,1.18058,1.19194
2024-05-28,1.19171,1.19758,1.18763,1.19692
2024-05-29,1.19627,1.19796,1.18737,1.18923
2024-05-30,1.18983,1.20309,1.18773,1.19796
2024-05-31,1.19844,1.2,1.19549,1.19973
2024-06-03,1.19932,1.20271,1.19569,1.1957
2024-06-04,1.19554,1.20523,1.19092,1.20032
2024-06-05,1.20048,1.20461,1.19212,1.19548
2024-06-06,1.19575,1.20139,1.18858,1.19994
2024-06-07,1.19939,1.20356,1.18862,1.19207
2024-06-10,1.19094,1.19387,1.18644,1.18661
2024-06-11,1.18719,1.1875,1.18643,1.18713
2024-06-12,1.18659,1.19046,1.18495,1.18754
2024-06-13,1.1878,1.19201,1.1817,1.1831
2024-06-14,1.18321,1.19887,1.18031,1.19698
2024-06-17,1.19593,1.20102,1.19339,1.19749
2024-06-18,1.1978,1.20341,1.18163,1.18654
2024-06-19,1.18649,1.19767,1.18553,1.19605
2024-06-20,1.19652,1.19764,1.19163,1.19307
2024-06-21,1.19221,1.20361,1.19175,1.19606
2024-06-24,1.19557,1.20235,1.1933,1.19776
2024-06-25,1.19795,1.20058,1.19629,1.19977
2024-06-26,1.1997,1.2016,1.19864,1.20143
2024-06-27,1.20193,1.20389,1.20133,1.20135
2024-06-28,1.20135,1.20894,1.19799,1.20381
2024-07-01,1.20322,1.21951,1.19971,1.21402
2024-07-02,1.21421,1.21637,1.19883,1.20118
2024-07-03,1.20162,1.2053,1.19272,1.19488
2024-07-04,1.19448,1.20091,1.19382,1.19705
2024-07-05,1.19653,1.20148,1.18254,1.18474
2024-07-08,1.18435,1.20029,1.18301,1.1924
2024-07-09,1.19207,1.19358,1.19075,1.1916
2024-07-10,1.19147,1.20097,1.19128,1.19902
2024-07-11,1.19863,1.21251,1.19728,1.21146
2024-07-12,1.2115,1.21268,1.20053,1.20183
2024-07-15,1.20246,1.20791,1.19755,1.1994
2024-07-16,1.20011,1.20182,1.19486,1.19555
2024-07-17,1.19514,1.20264,1.19444,1.20149
2024-07-18,1.20179,1.20227,1.19392,1.19626
2024-07-19,1.19662,1.21233,1.19407,1.20338
2024-07-22,1.20385,1.20402,1.19683,1.19815
2024-07-23,1.19841,1.21155,1.19796,1.20992
2024-07-24,1.21053,1.2149,1.19396,1.19906
2024-07-25,1.1987,1.20506,1.19572,1.20418
2024-07-26,1.2044,1.21623,1.19626,1.2133
2024-07-29,1.21317,1.21365,1.20283,1.20422
2024-07-30,1.20384,1.21379,1.19781,1.20928
2024-07-31,1.20831,1.22337,1.20653,1.22132
2024-08-01,1.22167,1.22191,1.21748,1.21826
2024-08-02,1.21778,1.21886,1.21668,1.21856
2024-08-05,1.21831,1.2196,1.2149,1.21613
2024-08-06,1.21563,1.21685,1.20719,1.21022
2024-08-07,1.21045,1.21885,1.20959,1.21019
2024-08-08,1.21006,1.21407,1.20489,1.2089
2024-08-09,1.20907,1.21123,1.20335,1.21095
2024-08-12,1.21151,1.2125,1.19351,1.19418
2024-08-13,1.19475,1.20448,1.18691,1.19939
2024-08-14,1.19893,1.20115,1.19354,1.19752
2024-08-15,1.19778,1.20561,1.19749,1.20267
2024-08-16,1.20292,1.20995,1.20099,1.20748
2024-08-19,1.20687,1.20783,1.1967,1.20067
2024-08-20,1.20132,1.20273,1.19942,1.19974
2024-08-21,1.19997,1.20917,1.19743,1.20058
2024-08-22,1.20017,1.20168,1.19024,1.19182
2024-08-23,1.19185,1.19423,1.16956,1.1713
2024-08-26,1.1709,1.18082,1.16768,1.17229
2024-08-27,1.17253,1.18417,1.16607,1.18049
2024-08-28,1.18032,1.18945,1.17757,1.187
2024-08-29,1.18712,1.18783,1.18385,1.18441
2024-08-30,1.18411,1.19247,1.17991,1.18486
2024-09-02,1.18517,1.18639,1.17905,1.18186
2024-09-03,1.18236,1.18742,1.17841,1.1852
2024-09-04,1.18509,1.19287,1.1779,1.17915
2024-09-05,1.17945,1.17964,1.16948,1.17297
2024-09-06,1.17252,1.17389,1.16495,1.16603
2024-09-09,1.166,1.16632,1.16305,1.16437
2024-09-10,1.16386,1.16579,1.15882,1.16363
2024-09-11,1.16336,1.16845,1.15863,1.16131
2024-09-12,1.16196,1.16589,1.1575,1.16507
2024-09-13,1.16424,1.1654,1.16055,1.16264
2024-09-16,1.16267,1.1648,1.161,1.16412
2024-09-17,1.16322,1.16624,1.15559,1.16006
2024-09-18,1.16079,1.17159,1.15714,1.16705
2024-09-19,1.16757,1.16972,1.15943,1.16386
2024-09-20,1.1638,1.16442,1.16295,1.16353
2024-09-23,1.16405,1.1672,1.15829,1.15946
2024-09-24,1.15842,1.16145,1.15735,1.16074
2024-09-25,1.16065,1.16093,1.15119,1.15542
2024-09-26,1.15566,1.158,1.15558,1.15798
2024-09-27,1.15786,1.16532,1.15495,1.15956
2024-09-30,1.1586,1.17286,1.15379,1.17042
2024-10-01,1.17057,1.17317,1.16858,1.17244
2024-10-02,1.17336,1.18461,1.17229,1.18224
2024-10-03,1.18145,1.1828,1.1708,1.17282
2024-10-04,1.17301,1.17679,1.16867,1.16925
2024-10-07,1.16942,1.17543,1.16482,1.1754
2024-10-08,1.17613,1.17861,1.14731,1.15699
2024-10-09,1.15678,1.16256,1.14873,1.15695
2024-10-10,1.15705,1.16995,1.15247,1.16471
2024-10-11,1.16301,1.17452,1.15996,1.16885
2024-10-14,1.16948,1.17108,1.1622,1.16627
2024-10-15,1.16563,1.16961,1.157,1.15717
2024-10-16,1.15773,1.15773,1.15187,1.15397
2024-10-17,1.15402,1.16008,1.15173,1.15546
2024-10-18,1.15507,1.16071,1.14663,1.15353
2024-10-21,1.15396,1.15402,1.14843,1.15391
2024-10-22,1.15382,1.16048,1.15217,1.15277
2024-10-23,1.15318,1.16122,1.1465,1.1601
2024-10-24,1.15941,1.16112,1.15463,1.16065
2024-10-25,1.16076,1.1644,1.15513,1.16331
2024-10-28,1.16373,1.18622,1.16143,1.18443
2024-10-29,1.18536,1.19419,1.17361,1.18115
2024-10-30,1.18191,1.18348,1.17324,1.17724
2024-10-31,1.17769,1.18319,1.17425,1.1825
2024-11-01,1.18275,1.21434,1.17657,1.20496
2024-11-04,1.20505,1.21626,1.20177,1.21491
2024-11-05,1.21447,1.21757,1.21377,1.21622
2024-11-06,1.21637,1.21743,1.20546,1.20919
2024-11-07,1.20916,1.21717,1.20008,1.20648
2024-11-08,1.20659,1.21831,1.19531,1.21604
2024-11-11,1.21622,1.21787,1.21528,1.21625
2024-11-12,1.21666,1.21673,1.21304,1.21351
2024-11-13,1.21408,1.21885,1.21381,1.21488
2024-11-14,1.21481,1.22081,1.21091,1.21942
2024-11-15,1.2187,1.21939,1.19962,1.20522
2024-11-18,1.20574,1.21622,1.20568,1.21329
2024-11-19,1.21315,1.2169,1.20727,1.20879
2024-11-20,1.20848,1.20991,1.19958,1.20516
2024-11-21,1.20504,1.21066,1.20406,1.20969
2024-11-22,1.2091,1.21843,1.20516,1.21472
2024-11-25,1.21504,1.21911,1.20148,1.20389
2024-11-26,1.20369,1.20648,1.19261,1.19385
2024-11-27,1.19415,1.19639,1.18708,1.19016
2024-11-28,1.18957,1.191,1.1769,1.18248
2024-11-29,1.18201,1.19589,1.17564,1.1925
2024-12-02,1.19252,1.19653,1.19008,1.1914
2024-12-03,1.19181,1.19637,1.18891,1.19206
2024-12-04,1.19295,1.20303,1.18878,1.19846
2024-12-05,1.19824,1.19969,1.19124,1.19758
2024-12-06,1.19802,1.20639,1.19611,1.20428
2024-12-09,1.20434,1.20862,1.20093,1.20439
2024-12-10,1.20448,1.20804,1.19955,1.20298
2024-12-11,1.20339,1.21163,1.20122,1.20223
2024-12-12,1.2021,1.20915,1.20153,1.20548
2024-12-13,1.20529,1.222,1.20314,1.22111
2024-12-16,1.22108,1.22384,1.20191,1.20359
2024-12-17,1.20322,1.20871,1.19887,1.1995
2024-12-18,1.20079,1.21475,1.19336,1.20991
2024-12-19,1.20897,1.21491,1.19505,1.19972
2024-12-20,1.20025,1.2063,1.1787,1.18266
2024-12-23,1.18196,1.1884,1.17839,1.1871
2024-12-24,1.18791,1.19591,1.17801,1.18471
2024-12-25,1.18402,1.20381,1.18032,1.19567
2024-12-26,1.19659,1.19795,1.18235,1.18436
2024-12-27,1.18513,1.18679,1.17581,1.18335
2024-12-30,1.1831,1.1912,1.18104,1.1883
2024-12-31,1.18832,1.20374,1.1785,1.19871
