Date,Store,Product,Category,Units,UnitPrice
2024-01-01,North,Espresso beans,Coffee,14,9.5
2024-01-01,North,Filter coffee,Coffee,20,5.6
2024-01-01,North,Green tea,Tea,12,4.5
2024-01-01,North,Earl Grey,Tea,11,4.0
2024-01-01,North,Flapjack,Snacks,21,2.2
2024-01-01,North,Almond croissant,Snacks,15,2.8
2024-01-01,Centre,Espresso beans,Coffee,20,9.5
2024-01-01,Centre,Filter coffee,Coffee,22,7.0
2024-01-01,Centre,Green tea,Tea,12,4.5
2024-01-01,Centre,Earl Grey,Tea,19,4.0
2024-01-01,Centre,Flapjack,Snacks,59,1.76
2024-01-01,Centre,Almond croissant,Snacks,33,2.8
2024-01-01,South,Espresso beans,Coffee,6,9.5
2024-01-01,South,Filter coffee,Coffee,29,5.6
2024-01-01,South,Green tea,Tea,5,4.5
2024-01-01,South,Earl Grey,Tea,3,4.0
2024-01-01,South,Flapjack,Snacks,20,2.2
2024-01-01,South,Almond croissant,Snacks,15,2.8
2024-01-02,North,Espresso beans,Coffee,22,9.5
2024-01-02,North,Filter coffee,Coffee,16,7.0
2024-01-02,North,Green tea,Tea,8,3.6
2024-01-02,North,Earl Grey,Tea,15,4.0
2024-01-02,North,Flapjack,Snacks,28,2.2
2024-01-02,North,Almond croissant,Snacks,30,2.8
2024-01-02,Centre,Espresso beans,Coffee,15,9.5
2024-01-02,Centre,Filter coffee,Coffee,20,7.0
2024-01-02,Centre,Green tea,Tea,15,4.5
2024-01-02,Centre,Earl Grey,Tea,9,4.0
2024-01-02,Centre,Flapjack,Snacks,21,2.2
2024-01-02,Centre,Almond croissant,Snacks,34,2.8
2024-01-02,South,Espresso beans,Coffee,10,9.5
2024-01-02,South,Filter coffee,Coffee,14,7.0
2024-01-02,South,Green tea,Tea,8,4.5
2024-01-02,South,Earl Grey,Tea,9,4.0
2024-01-02,South,Flapjack,Snacks,18,2.2
2024-01-02,South,Almond croissant,Snacks,14,2.8
2024-01-03,North,Espresso beans,Coffee,18,9.5
2024-01-03,North,Filter coffee,Coffee,18,7.0
2024-01-03,North,Green tea,Tea,7,4.5
2024-01-03,North,Earl Grey,Tea,15,4.0
2024-01-03,North,Flapjack,Snacks,31,2.2
2024-01-03,North,Almond croissant,Snacks,20,2.8
2024-01-03,Centre,Espresso beans,Coffee,25,9.5
2024-01-03,Centre,Filter coffee,Coffee,33,7.0
2024-01-03,Centre,Green tea,Tea,7,4.5
2024-01-03,Centre,Earl Grey,Tea,20,4.0
2024-01-03,Centre,Flapjack,Snacks,48,2.2
2024-01-03,Centre,Almond croissant,Snacks,31,2.8
2024-01-03,South,Espresso beans,Coffee,12,9.5
2024-01-03,South,Filter coffee,Coffee,11,7.0
2024-01-03,South,Green tea,Tea,6,4.5
2024-01-03,South,Earl Grey,Tea,9,4.0
2024-01-03,South,Flapjack,Snacks,18,2.2
2024-01-03,South,Almond croissant,Snacks,17,2.8
2024-01-04,North,Espresso beans,Coffee,28,9.5
2024-01-04,North,Filter coffee,Coffee,19,7.0
2024-01-04,North,Green tea,Tea,3,4.5
2024-01-04,North,Earl Grey,Tea,15,4.0
2024-01-04,North,Flapjack,Snacks,30,1.76
2024-01-04,North,Almond croissant,Snacks,32,2.8
2024-01-04,Centre,Espresso beans,Coffee,32,9.5
2024-01-04,Centre,Filter coffee,Coffee,28,7.0
2024-01-04,Centre,Green tea,Tea,14,4.5
2024-01-04,Centre,Earl Grey,Tea,19,4.0
2024-01-04,Centre,Flapjack,Snacks,35,2.2
2024-01-04,Centre,Almond croissant,Snacks,32,2.8
2024-01-04,South,Espresso beans,Coffee,9,9.5
2024-01-04,South,Filter coffee,Coffee,24,7.0
2024-01-04,South,Green tea,Tea,4,4.5
2024-01-04,South,Earl Grey,Tea,11,4.0
2024-01-04,South,Flapjack,Snacks,28,2.2
2024-01-04,South,Almond croissant,Snacks,18,2.8
2024-01-05,North,Espresso beans,Coffee,35,7.6
2024-01-05,North,Filter coffee,Coffee,37,5.6
2024-01-05,North,Green tea,Tea,10,4.5
2024-01-05,North,Earl Grey,Tea,15,4.0
2024-01-05,North,Flapjack,Snacks,38,2.2
2024-01-05,North,Almond croissant,Snacks,46,2.24
2024-01-05,Centre,Espresso beans,Coffee,20,9.5
2024-01-05,Centre,Filter coffee,Coffee,35,7.0
2024-01-05,Centre,Green tea,Tea,13,4.5
2024-01-05,Centre,Earl Grey,Tea,32,3.2
2024-01-05,Centre,Flapjack,Snacks,50,2.2
2024-01-05,Centre,Almond croissant,Snacks,37,2.8
2024-01-05,South,Espresso beans,Coffee,10,9.5
2024-01-05,South,Filter coffee,Coffee,18,7.0
2024-01-05,South,Green tea,Tea,8,4.5
2024-01-05,South,Earl Grey,Tea,15,4.0
2024-01-05,South,Flapjack,Snacks,37,1.76
2024-01-05,South,Almond croissant,Snacks,18,2.8
2024-01-06,North,Espresso beans,Coffee,19,9.5
2024-01-06,North,Filter coffee,Coffee,26,7.0
2024-01-06,North,Green tea,Tea,20,4.5
2024-01-06,North,Earl Grey,Tea,14,4.0
2024-01-06,North,Flapjack,Snacks,45,2.2
2024-01-06,North,Almond croissant,Snacks,26,2.8
2024-01-06,Centre,Espresso beans,Coffee,40,9.5
2024-01-06,Centre,Filter coffee,Coffee,44,7.0
2024-01-06,Centre,Green tea,Tea,19,4.5
2024-01-06,Centre,Earl Grey,Tea,24,4.0
2024-01-06,Centre,Flapjack,Snacks,65,2.2
2024-01-06,Centre,Almond croissant,Snacks,60,2.8
2024-01-06,South,Espresso beans,Coffee,11,9.5
2024-01-06,South,Filter coffee,Coffee,17,7.0
2024-01-06,South,Green tea,Tea,8,4.5
2024-01-06,South,Earl Grey,Tea,15,4.0
2024-01-06,South,Flapjack,Snacks,28,2.2
2024-01-06,South,Almond croissant,Snacks,33,2.8
2024-01-07,North,Espresso beans,Coffee,14,9.5
2024-01-07,North,Filter coffee,Coffee,20,7.0
2024-01-07,North,Green tea,Tea,18,4.5
2024-01-07,North,Earl Grey,Tea,16,4.0
2024-01-07,North,Flapjack,Snacks,34,2.2
2024-01-07,North,Almond croissant,Snacks,46,2.24
2024-01-07,Centre,Espresso beans,Coffee,22,9.5
2024-01-07,Centre,Filter coffee,Coffee,26,7.0
2024-01-07,Centre,Green tea,Tea,15,4.5
2024-01-07,Centre,Earl Grey,Tea,18,4.0
2024-01-07,Centre,Flapjack,Snacks,51,2.2
2024-01-07,Centre,Almond croissant,Snacks,39,2.8
2024-01-07,South,Espresso beans,Coffee,11,9.5
2024-01-07,South,Filter coffee,Coffee,19,7.0
2024-01-07,South,Green tea,Tea,2,4.5
2024-01-07,South,Earl Grey,Tea,15,4.0
2024-01-07,South,Flapjack,Snacks,38,2.2
2024-01-07,South,Almond croissant,Snacks,17,2.8
2024-01-08,North,Espresso beans,Coffee,18,9.5
2024-01-08,North,Filter coffee,Coffee,8,7.0
2024-01-08,North,Green tea,Tea,12,4.5
2024-01-08,North,Earl Grey,Tea,17,4.0
2024-01-08,North,Flapjack,Snacks,26,2.2
2024-01-08,North,Almond croissant,Snacks,29,2.8
2024-01-08,Centre,Espresso beans,Coffee,18,9.5
2024-01-08,Centre,Filter coffee,Coffee,30,7.0
2024-01-08,Centre,Green tea,Tea,7,4.5
2024-01-08,Centre,Earl Grey,Tea,26,4.0
2024-01-08,Centre,Flapjack,Snacks,28,2.2
2024-01-08,Centre,Almond croissant,Snacks,31,2.8
2024-01-08,South,Espresso beans,Coffee,16,9.5
2024-01-08,South,Filter coffee,Coffee,13,7.0
2024-01-08,South,Green tea,Tea,7,4.5
2024-01-08,South,Earl Grey,Tea,11,4.0
2024-01-08,South,Flapjack,Snacks,29,1.76
2024-01-08,South,Almond croissant,Snacks,27,2.8
2024-01-09,North,Espresso beans,Coffee,16,9.5
2024-01-09,North,Filter coffee,Coffee,11,7.0
2024-01-09,North,Green tea,Tea,6,4.5
2024-01-09,North,Earl Grey,Tea,9,4.0
2024-01-09,North,Flapjack,Snacks,20,2.2
2024-01-09,North,Almond croissant,Snacks,32,2.8
2024-01-09,Centre,Espresso beans,Coffee,16,9.5
2024-01-09,Centre,Filter coffee,Coffee,18,7.0
2024-01-09,Centre,Green tea,Tea,13,4.5
2024-01-09,Centre,Earl Grey,Tea,12,4.0
2024-01-09,Centre,Flapjack,Snacks,31,2.2
2024-01-09,Centre,Almond croissant,Snacks,35,2.8
2024-01-09,South,Espresso beans,Coffee,10,7.6
2024-01-09,South,Filter coffee,Coffee,17,7.0
2024-01-09,South,Green tea,Tea,11,4.5
2024-01-09,South,Earl Grey,Tea,5,4.0
2024-01-09,South,Flapjack,Snacks,24,2.2
2024-01-09,South,Almond croissant,Snacks,16,2.8
2024-01-10,North,Espresso beans,Coffee,23,9.5
2024-01-10,North,Filter coffee,Coffee,14,7.0
2024-01-10,North,Green tea,Tea,11,4.5
2024-01-10,North,Earl Grey,Tea,17,4.0
2024-01-10,North,Flapjack,Snacks,30,2.2
2024-01-10,North,Almond croissant,Snacks,21,2.8
2024-01-10,Centre,Espresso beans,Coffee,18,9.5
2024-01-10,Centre,Filter coffee,Coffee,21,7.0
2024-01-10,Centre,Green tea,Tea,16,4.5
2024-01-10,Centre,Earl Grey,Tea,14,4.0
2024-01-10,Centre,Flapjack,Snacks,57,1.76
2024-01-10,Centre,Almond croissant,Snacks,31,2.8
2024-01-10,South,Espresso beans,Coffee,13,9.5
2024-01-10,South,Filter coffee,Coffee,20,7.0
2024-01-10,South,Green tea,Tea,12,4.5
2024-01-10,South,Earl Grey,Tea,7,4.0
2024-01-10,South,Flapjack,Snacks,26,2.2
2024-01-10,South,Almond croissant,Snacks,25,2.8
2024-01-11,North,Espresso beans,Coffee,14,9.5
2024-01-11,North,Filter coffee,Coffee,14,7.0
2024-01-11,North,Green tea,Tea,12,3.6
2024-01-11,North,Earl Grey,Tea,13,4.0
2024-01-11,North,Flapjack,Snacks,20,2.2
2024-01-11,North,Almond croissant,Snacks,23,2.8
2024-01-11,Centre,Espresso beans,Coffee,16,9.5
2024-01-11,Centre,Filter coffee,Coffee,26,7.0
2024-01-11,Centre,Green tea,Tea,12,4.5
2024-01-11,Centre,Earl Grey,Tea,18,4.0
2024-01-11,Centre,Flapjack,Snacks,43,2.2
2024-01-11,Centre,Almond croissant,Snacks,43,2.8
2024-01-11,South,Espresso beans,Coffee,13,9.5
2024-01-11,South,Filter coffee,Coffee,19,7.0
2024-01-11,South,Green tea,Tea,8,4.5
2024-01-11,South,Earl Grey,Tea,6,4.0
2024-01-11,South,Flapjack,Snacks,24,2.2
2024-01-11,South,Almond croissant,Snacks,19,2.8
2024-01-12,North,Espresso beans,Coffee,41,7.6
2024-01-12,North,Filter coffee,Coffee,19,7.0
2024-01-12,North,Green tea,Tea,10,4.5
2024-01-12,North,Earl Grey,Tea,16,4.0
2024-01-12,North,Flapjack,Snacks,24,2.2
2024-01-12,North,Almond croissant,Snacks,29,2.8
2024-01-12,Centre,Espresso beans,Coffee,19,9.5
2024-01-12,Centre,Filter coffee,Coffee,35,7.0
2024-01-12,Centre,Green tea,Tea,12,4.5
2024-01-12,Centre,Earl Grey,Tea,14,4.0
2024-01-12,Centre,Flapjack,Snacks,50,2.2
2024-01-12,Centre,Almond croissant,Snacks,41,2.8
2024-01-12,South,Espresso beans,Coffee,19,9.5
2024-01-12,South,Filter coffee,Coffee,9,7.0
2024-01-12,South,Green tea,Tea,7,4.5
2024-01-12,South,Earl Grey,Tea,9,4.0
2024-01-12,South,Flapjack,Snacks,22,2.2
2024-01-12,South,Almond croissant,Snacks,22,2.8
2024-01-13,North,Espresso beans,Coffee,25,9.5
2024-01-13,North,Filter coffee,Coffee,21,7.0
2024-01-13,North,Green tea,Tea,25,4.5
2024-01-13,North,Earl Grey,Tea,12,4.0
2024-01-13,North,Flapjack,Snacks,37,2.2
2024-01-13,North,Almond croissant,Snacks,29,2.8
2024-01-13,Centre,Espresso beans,Coffee,29,9.5
2024-01-13,Centre,Filter coffee,Coffee,41,7.0
2024-01-13,Centre,Green tea,Tea,15,4.5
2024-01-13,Centre,Earl Grey,Tea,20,4.0
2024-01-13,Centre,Flapjack,Snacks,64,2.2
2024-01-13,Centre,Almond croissant,Snacks,51,2.8
2024-01-13,South,Espresso beans,Coffee,13,9.5
2024-01-13,South,Filter coffee,Coffee,24,7.0
2024-01-13,South,Green tea,Tea,6,4.5
2024-01-13,South,Earl Grey,Tea,12,4.0
2024-01-13,South,Flapjack,Snacks,29,2.2
2024-01-13,South,Almond croissant,Snacks,22,2.8
2024-01-14,North,Espresso beans,Coffee,22,9.5
2024-01-14,North,Filter coffee,Coffee,20,7.0
2024-01-14,North,Green tea,Tea,14,4.5
2024-01-14,North,Earl Grey,Tea,14,4.0
2024-01-14,North,Flapjack,Snacks,26,2.2
2024-01-14,North,Almond croissant,Snacks,25,2.8
2024-01-14,Centre,Espresso beans,Coffee,32,9.5
2024-01-14,Centre,Filter coffee,Coffee,44,7.0
2024-01-14,Centre,Green tea,Tea,22,4.5
2024-01-14,Centre,Earl Grey,Tea,23,4.0
2024-01-14,Centre,Flapjack,Snacks,39,2.2
2024-01-14,Centre,Almond croissant,Snacks,38,2.8
2024-01-14,South,Espresso beans,Coffee,8,9.5
2024-01-14,South,Filter coffee,Coffee,11,7.0
2024-01-14,South,Green tea,Tea,12,4.5
2024-01-14,South,Earl Grey,Tea,10,4.0
2024-01-14,South,Flapjack,Snacks,18,2.2
2024-01-14,South,Almond croissant,Snacks,20,2.8
2024-01-15,North,Espresso beans,Coffee,24,7.6
2024-01-15,North,Filter coffee,Coffee,16,7.0
2024-01-15,North,Green tea,Tea,12,4.5
2024-01-15,North,Earl Grey,Tea,20,4.0
2024-01-15,North,Flapjack,Snacks,52,1.76
2024-01-15,North,Almond croissant,Snacks,20,2.8
2024-01-15,Centre,Espresso beans,Coffee,27,9.5
2024-01-15,Centre,Filter coffee,Coffee,26,7.0
2024-01-15,Centre,Green tea,Tea,21,4.5
2024-01-15,Centre,Earl Grey,Tea,13,4.0
2024-01-15,Centre,Flapjack,Snacks,32,2.2
2024-01-15,Centre,Almond croissant,Snacks,27,2.8
2024-01-15,South,Espresso beans,Coffee,7,9.5
2024-01-15,South,Filter coffee,Coffee,20,7.0
2024-01-15,South,Green tea,Tea,5,4.5
2024-01-15,South,Earl Grey,Tea,4,4.0
2024-01-15,South,Flapjack,Snacks,11,2.2
2024-01-15,South,Almond croissant,Snacks,23,2.8
2024-01-16,North,Espresso beans,Coffee,22,9.5
2024-01-16,North,Filter coffee,Coffee,17,7.0
2024-01-16,North,Green tea,Tea,10,4.5
2024-01-16,North,Earl Grey,Tea,9,4.0
2024-01-16,North,Flapjack,Snacks,29,2.2
2024-01-16,North,Almond croissant,Snacks,22,2.8
2024-01-16,Centre,Espresso beans,Coffee,18,9.5
2024-01-16,Centre,Filter coffee,Coffee,38,5.6
2024-01-16,Centre,Green tea,Tea,15,4.5
2024-01-16,Centre,Earl Grey,Tea,12,4.0
2024-01-16,Centre,Flapjack,Snacks,30,2.2
2024-01-16,Centre,Almond croissant,Snacks,24,2.8
2024-01-16,South,Espresso beans,Coffee,11,9.5
2024-01-16,South,Filter coffee,Coffee,20,7.0
2024-01-16,South,Green tea,Tea,11,4.5
2024-01-16,South,Earl Grey,Tea,13,4.0
2024-01-16,South,Flapjack,Snacks,17,2.2
2024-01-16,South,Almond croissant,Snacks,19,2.8
2024-01-17,North,Espresso beans,Coffee,13,9.5
2024-01-17,North,Filter coffee,Coffee,22,7.0
2024-01-17,North,Green tea,Tea,6,4.5
2024-01-17,North,Earl Grey,Tea,13,4.0
2024-01-17,North,Flapjack,Snacks,23,2.2
2024-01-17,North,Almond croissant,Snacks,21,2.8
2024-01-17,Centre,Espresso beans,Coffee,16,9.5
2024-01-17,Centre,Filter coffee,Coffee,20,7.0
2024-01-17,Centre,Green tea,Tea,12,4.5
2024-01-17,Centre,Earl Grey,Tea,14,4.0
2024-01-17,Centre,Flapjack,Snacks,27,2.2
2024-01-17,Centre,Almond croissant,Snacks,36,2.8
2024-01-17,South,Espresso beans,Coffee,13,9.5
2024-01-17,South,Filter coffee,Coffee,13,7.0
2024-01-17,South,Green tea,Tea,11,4.5
2024-01-17,South,Earl Grey,Tea,16,4.0
2024-01-17,South,Flapjack,Snacks,28,2.2
2024-01-17,South,Almond croissant,Snacks,19,2.8
2024-01-18,North,Espresso beans,Coffee,28,7.6
2024-01-18,North,Filter coffee,Coffee,20,7.0
2024-01-18,North,Green tea,Tea,10,4.5
2024-01-18,North,Earl Grey,Tea,8,4.0
2024-01-18,North,Flapjack,Snacks,39,2.2
2024-01-18,North,Almond croissant,Snacks,25,2.8
2024-01-18,Centre,Espresso beans,Coffee,24,9.5
2024-01-18,Centre,Filter coffee,Coffee,31,7.0
2024-01-18,Centre,Green tea,Tea,11,4.5
2024-01-18,Centre,Earl Grey,Tea,15,4.0
2024-01-18,Centre,Flapjack,Snacks,39,2.2
2024-01-18,Centre,Almond croissant,Snacks,34,2.8
2024-01-18,South,Espresso beans,Coffee,8,9.5
2024-01-18,South,Filter coffee,Coffee,12,7.0
2024-01-18,South,Green tea,Tea,5,4.5
2024-01-18,South,Earl Grey,Tea,8,4.0
2024-01-18,South,Flapjack,Snacks,21,2.2
2024-01-18,South,Almond croissant,Snacks,20,2.8
2024-01-19,North,Espresso beans,Coffee,18,9.5
2024-01-19,North,Filter coffee,Coffee,19,7.0
2024-01-19,North,Green tea,Tea,11,4.5
2024-01-19,North,Earl Grey,Tea,14,4.0
2024-01-19,North,Flapjack,Snacks,45,2.2
2024-01-19,North,Almond croissant,Snacks,27,2.8
2024-01-19,Centre,Espresso beans,Coffee,31,9.5
2024-01-19,Centre,Filter coffee,Coffee,40,7.0
2024-01-19,Centre,Green tea,Tea,21,4.5
2024-01-19,Centre,Earl Grey,Tea,19,4.0
2024-01-19,Centre,Flapjack,Snacks,38,2.2
2024-01-19,Centre,Almond croissant,Snacks,39,2.8
2024-01-19,South,Espresso beans,Coffee,14,9.5
2024-01-19,South,Filter coffee,Coffee,23,7.0
2024-01-19,South,Green tea,Tea,11,4.5
2024-01-19,South,Earl Grey,Tea,11,4.0
2024-01-19,South,Flapjack,Snacks,14,2.2
2024-01-19,South,Almond croissant,Snacks,19,2.8
2024-01-20,North,Espresso beans,Coffee,25,9.5
2024-01-20,North,Filter coffee,Coffee,30,7.0
2024-01-20,North,Green tea,Tea,15,4.5
2024-01-20,North,Earl Grey,Tea,15,4.0
2024-01-20,North,Flapjack,Snacks,33,2.2
2024-01-20,North,Almond croissant,Snacks,37,2.8
2024-01-20,Centre,Espresso beans,Coffee,28,9.5
2024-01-20,Centre,Filter coffee,Coffee,39,7.0
2024-01-20,Centre,Green tea,Tea,21,4.5
2024-01-20,Centre,Earl Grey,Tea,29,3.2
2024-01-20,Centre,Flapjack,Snacks,52,2.2
2024-01-20,Centre,Almond croissant,Snacks,35,2.8
2024-01-20,South,Espresso beans,Coffee,8,9.5
2024-01-20,South,Filter coffee,Coffee,31,5.6
2024-01-20,South,Green tea,Tea,12,4.5
2024-01-20,South,Earl Grey,Tea,11,4.0
2024-01-20,South,Flapjack,Snacks,30,2.2
2024-01-20,South,Almond croissant,Snacks,25,2.8
2024-01-21,North,Espresso beans,Coffee,15,9.5
2024-01-21,North,Filter coffee,Coffee,31,7.0
2024-01-21,North,Green tea,Tea,17,4.5
2024-01-21,North,Earl Grey,Tea,11,4.0
2024-01-21,North,Flapjack,Snacks,20,2.2
2024-01-21,North,Almond croissant,Snacks,22,2.8
2024-01-21,Centre,Espresso beans,Coffee,27,9.5
2024-01-21,Centre,Filter coffee,Coffee,29,7.0
2024-01-21,Centre,Green tea,Tea,18,4.5
2024-01-21,Centre,Earl Grey,Tea,16,4.0
2024-01-21,Centre,Flapjack,Snacks,49,2.2
2024-01-21,Centre,Almond croissant,Snacks,31,2.8
2024-01-21,South,Espresso beans,Coffee,17,9.5
2024-01-21,South,Filter coffee,Coffee,23,7.0
2024-01-21,South,Green tea,Tea,9,4.5
2024-01-21,South,Earl Grey,Tea,13,4.0
2024-01-21,South,Flapjack,Snacks,20,2.2
2024-01-21,South,Almond croissant,Snacks,20,2.8
2024-01-22,North,Espresso beans,Coffee,28,7.6
2024-01-22,North,Filter coffee,Coffee,24,7.0
2024-01-22,North,Green tea,Tea,11,4.5
2024-01-22,North,Earl Grey,Tea,13,4.0
2024-01-22,North,Flapjack,Snacks,22,2.2
2024-01-22,North,Almond croissant,Snacks,23,2.8
2024-01-22,Centre,Espresso beans,Coffee,22,9.5
2024-01-22,Centre,Filter coffee,Coffee,25,7.0
2024-01-22,Centre,Green tea,Tea,11,4.5
2024-01-22,Centre,Earl Grey,Tea,16,4.0
2024-01-22,Centre,Flapjack,Snacks,38,2.2
2024-01-22,Centre,Almond croissant,Snacks,33,2.8
2024-01-22,South,Espresso beans,Coffee,6,9.5
2024-01-22,South,Filter coffee,Coffee,11,7.0
2024-01-22,South,Green tea,Tea,6,4.5
2024-01-22,South,Earl Grey,Tea,7,4.0
2024-01-22,South,Flapjack,Snacks,23,2.2
2024-01-22,South,Almond croissant,Snacks,30,2.24
2024-01-23,North,Espresso beans,Coffee,8,9.5
2024-01-23,North,Filter coffee,Coffee,17,7.0
2024-01-23,North,Green tea,Tea,11,4.5
2024-01-23,North,Earl Grey,Tea,12,4.0
2024-01-23,North,Flapjack,Snacks,16,2.2
2024-01-23,North,Almond croissant,Snacks,23,2.8
2024-01-23,Centre,Espresso beans,Coffee,20,9.5
2024-01-23,Centre,Filter coffee,Coffee,27,7.0
2024-01-23,Centre,Green tea,Tea,16,4.5
2024-01-23,Centre,Earl Grey,Tea,17,4.0
2024-01-23,Centre,Flapjack,Snacks,28,2.2
2024-01-23,Centre,Almond croissant,Snacks,34,2.8
2024-01-23,South,Espresso beans,Coffee,14,9.5
2024-01-23,South,Filter coffee,Coffee,18,7.0
2024-01-23,South,Green tea,Tea,10,4.5
2024-01-23,South,Earl Grey,Tea,7,4.0
2024-01-23,South,Flapjack,Snacks,18,2.2
2024-01-23,South,Almond croissant,Snacks,12,2.8
2024-01-24,North,Espresso beans,Coffee,13,9.5
2024-01-24,North,Filter coffee,Coffee,20,7.0
2024-01-24,North,Green tea,Tea,5,4.5
2024-01-24,North,Earl Grey,Tea,13,4.0
2024-01-24,North,Flapjack,Snacks,26,2.2
2024-01-24,North,Almond croissant,Snacks,31,2.8
2024-01-24,Centre,Espresso beans,Coffee,19,9.5
2024-01-24,Centre,Filter coffee,Coffee,36,7.0
2024-01-24,Centre,Green tea,Tea,16,4.5
2024-01-24,Centre,Earl Grey,Tea,16,4.0
2024-01-24,Centre,Flapjack,Snacks,33,2.2
2024-01-24,Centre,Almond croissant,Snacks,43,2.8
2024-01-24,South,Espresso beans,Coffee,9,9.5
2024-01-24,South,Filter coffee,Coffee,22,7.0
2024-01-24,South,Green tea,Tea,6,4.5
2024-01-24,South,Earl Grey,Tea,10,4.0
2024-01-24,South,Flapjack,Snacks,22,2.2
2024-01-24,South,Almond croissant,Snacks,16,2.8
2024-01-25,North,Espresso beans,Coffee,15,9.5
2024-01-25,North,Filter coffee,Coffee,16,7.0
2024-01-25,North,Green tea,Tea,11,4.5
2024-01-25,North,Earl Grey,Tea,13,4.0
2024-01-25,North,Flapjack,Snacks,25,2.2
2024-01-25,North,Almond croissant,Snacks,29,2.8
2024-01-25,Centre,Espresso beans,Coffee,22,9.5
2024-01-25,Centre,Filter coffee,Coffee,29,7.0
2024-01-25,Centre,Green tea,Tea,15,4.5
2024-01-25,Centre,Earl Grey,Tea,12,4.0
2024-01-25,Centre,Flapjack,Snacks,44,2.2
2024-01-25,Centre,Almond croissant,Snacks,40,2.8
2024-01-25,South,Espresso beans,Coffee,13,9.5
2024-01-25,South,Filter coffee,Coffee,9,7.0
2024-01-25,South,Green tea,Tea,11,4.5
2024-01-25,South,Earl Grey,Tea,9,4.0
2024-01-25,South,Flapjack,Snacks,23,2.2
2024-01-25,South,Almond croissant,Snacks,18,2.8
2024-01-26,North,Espresso beans,Coffee,12,9.5
2024-01-26,North,Filter coffee,Coffee,28,7.0
2024-01-26,North,Green tea,Tea,14,4.5
2024-01-26,North,Earl Grey,Tea,14,4.0
2024-01-26,North,Flapjack,Snacks,45,1.76
2024-01-26,North,Almond croissant,Snacks,28,2.8
2024-01-26,Centre,Espresso beans,Coffee,32,9.5
2024-01-26,Centre,Filter coffee,Coffee,34,7.0
2024-01-26,Centre,Green tea,Tea,18,4.5
2024-01-26,Centre,Earl Grey,Tea,22,4.0
2024-01-26,Centre,Flapjack,Snacks,45,2.2
2024-01-26,Centre,Almond croissant,Snacks,51,2.8
2024-01-26,South,Espresso beans,Coffee,17,9.5
2024-01-26,South,Filter coffee,Coffee,17,7.0
2024-01-26,South,Green tea,Tea,10,4.5
2024-01-26,South,Earl Grey,Tea,15,3.2
2024-01-26,South,Flapjack,Snacks,29,2.2
2024-01-26,South,Almond croissant,Snacks,24,2.8
2024-01-27,North,Espresso beans,Coffee,17,9.5
2024-01-27,North,Filter coffee,Coffee,21,7.0
2024-01-27,North,Green tea,Tea,17,3.6
2024-01-27,North,Earl Grey,Tea,21,4.0
2024-01-27,North,Flapjack,Snacks,28,2.2
2024-01-27,North,Almond croissant,Snacks,23,2.8
2024-01-27,Centre,Espresso beans,Coffee,37,9.5
2024-01-27,Centre,Filter coffee,Coffee,43,7.0
2024-01-27,Centre,Green tea,Tea,28,4.5
2024-01-27,Centre,Earl Grey,Tea,29,4.0
2024-01-27,Centre,Flapjack,Snacks,44,2.2
2024-01-27,Centre,Almond croissant,Snacks,51,2.8
2024-01-27,South,Espresso beans,Coffee,15,9.5
2024-01-27,South,Filter coffee,Coffee,17,7.0
2024-01-27,South,Green tea,Tea,6,4.5
2024-01-27,South,Earl Grey,Tea,13,4.0
2024-01-27,South,Flapjack,Snacks,31,2.2
2024-01-27,South,Almond croissant,Snacks,29,2.8
2024-01-28,North,Espresso beans,Coffee,21,9.5
2024-01-28,North,Filter coffee,Coffee,29,7.0
2024-01-28,North,Green tea,Tea,12,4.5
2024-01-28,North,Earl Grey,Tea,24,4.0
2024-01-28,North,Flapjack,Snacks,32,2.2
2024-01-28,North,Almond croissant,Snacks,23,2.8
2024-01-28,Centre,Espresso beans,Coffee,25,9.5
2024-01-28,Centre,Filter coffee,Coffee,36,7.0
2024-01-28,Centre,Green tea,Tea,15,4.5
2024-01-28,Centre,Earl Grey,Tea,24,4.0
2024-01-28,Centre,Flapjack,Snacks,42,2.2
2024-01-28,Centre,Almond croissant,Snacks,44,2.8
2024-01-28,South,Espresso beans,Coffee,15,9.5
2024-01-28,South,Filter coffee,Coffee,16,7.0
2024-01-28,South,Green tea,Tea,17,3.6
2024-01-28,South,Earl Grey,Tea,12,4.0
2024-01-28,South,Flapjack,Snacks,40,1.76
2024-01-28,South,Almond croissant,Snacks,39,2.24
2024-01-29,North,Espresso beans,Coffee,11,9.5
2024-01-29,North,Filter coffee,Coffee,14,7.0
2024-01-29,North,Green tea,Tea,6,4.5
2024-01-29,North,Earl Grey,Tea,11,4.0
2024-01-29,North,Flapjack,Snacks,20,2.2
2024-01-29,North,Almond croissant,Snacks,19,2.8
2024-01-29,Centre,Espresso beans,Coffee,21,9.5
2024-01-29,Centre,Filter coffee,Coffee,24,7.0
2024-01-29,Centre,Green tea,Tea,13,4.5
2024-01-29,Centre,Earl Grey,Tea,22,4.0
2024-01-29,Centre,Flapjack,Snacks,40,2.2
2024-01-29,Centre,Almond croissant,Snacks,30,2.8
2024-01-29,South,Espresso beans,Coffee,11,9.5
2024-01-29,South,Filter coffee,Coffee,12,7.0
2024-01-29,South,Green tea,Tea,5,4.5
2024-01-29,South,Earl Grey,Tea,7,4.0
2024-01-29,South,Flapjack,Snacks,26,2.2
2024-01-29,South,Almond croissant,Snacks,14,2.8
2024-01-30,North,Espresso beans,Coffee,22,9.5
2024-01-30,North,Filter coffee,Coffee,17,7.0
2024-01-30,North,Green tea,Tea,8,4.5
2024-01-30,North,Earl Grey,Tea,13,4.0
2024-01-30,North,Flapjack,Snacks,23,2.2
2024-01-30,North,Almond croissant,Snacks,28,2.8
2024-01-30,Centre,Espresso beans,Coffee,16,9.5
2024-01-30,Centre,Filter coffee,Coffee,32,7.0
2024-01-30,Centre,Green tea,Tea,17,4.5
2024-01-30,Centre,Earl Grey,Tea,14,4.0
2024-01-30,Centre,Flapjack,Snacks,44,2.2
2024-01-30,Centre,Almond croissant,Snacks,40,2.8
2024-01-30,South,Espresso beans,Coffee,9,9.5
2024-01-30,South,Filter coffee,Coffee,13,7.0
2024-01-30,South,Green tea,Tea,5,4.5
2024-01-30,South,Earl Grey,Tea,12,4.0
2024-01-30,South,Flapjack,Snacks,19,2.2
2024-01-30,South,Almond croissant,Snacks,17,2.8
2024-01-31,North,Espresso beans,Coffee,19,9.5
2024-01-31,North,Filter coffee,Coffee,17,7.0
2024-01-31,North,Green tea,Tea,9,4.5
2024-01-31,North,Earl Grey,Tea,12,4.0
2024-01-31,North,Flapjack,Snacks,26,2.2
2024-01-31,North,Almond croissant,Snacks,23,2.8
2024-01-31,Centre,Espresso beans,Coffee,20,9.5
2024-01-31,Centre,Filter coffee,Coffee,28,7.0
2024-01-31,Centre,Green tea,Tea,11,4.5
2024-01-31,Centre,Earl Grey,Tea,19,4.0
2024-01-31,Centre,Flapjack,Snacks,40,2.2
2024-01-31,Centre,Almond croissant,Snacks,36,2.8
2024-01-31,South,Espresso beans,Coffee,12,9.5
2024-01-31,South,Filter coffee,Coffee,15,7.0
2024-01-31,South,Green tea,Tea,12,4.5
2024-01-31,South,Earl Grey,Tea,11,4.0
2024-01-31,South,Flapjack,Snacks,30,2.2
2024-01-31,South,Almond croissant,Snacks,17,2.8
2024-02-01,North,Espresso beans,Coffee,16,9.5
2024-02-01,North,Filter coffee,Coffee,20,7.0
2024-02-01,North,Green tea,Tea,5,4.5
2024-02-01,North,Earl Grey,Tea,5,4.0
2024-02-01,North,Flapjack,Snacks,29,2.2
2024-02-01,North,Almond croissant,Snacks,27,2.8
2024-02-01,Centre,Espresso beans,Coffee,17,9.5
2024-02-01,Centre,Filter coffee,Coffee,22,7.0
2024-02-01,Centre,Green tea,Tea,15,4.5
2024-02-01,Centre,Earl Grey,Tea,19,4.0
2024-02-01,Centre,Flapjack,Snacks,47,2.2
2024-02-01,Centre,Almond croissant,Snacks,35,2.8
2024-02-01,South,Espresso beans,Coffee,20,7.6
2024-02-01,South,Filter coffee,Coffee,14,7.0
2024-02-01,South,Green tea,Tea,10,4.5
2024-02-01,South,Earl Grey,Tea,7,4.0
2024-02-01,South,Flapjack,Snacks,21,2.2
2024-02-01,South,Almond croissant,Snacks,29,2.8
2024-02-02,North,Espresso beans,Coffee,11,9.5
2024-02-02,North,Filter coffee,Coffee,24,7.0
2024-02-02,North,Green tea,Tea,10,4.5
2024-02-02,North,Earl Grey,Tea,12,4.0
2024-02-02,North,Flapjack,Snacks,32,2.2
2024-02-02,North,Almond croissant,Snacks,29,2.8
2024-02-02,Centre,Espresso beans,Coffee,29,9.5
2024-02-02,Centre,Filter coffee,Coffee,28,7.0
2024-02-02,Centre,Green tea,Tea,18,4.5
2024-02-02,Centre,Earl Grey,Tea,14,4.0
2024-02-02,Centre,Flapjack,Snacks,58,2.2
2024-02-02,Centre,Almond croissant,Snacks,43,2.8
2024-02-02,South,Espresso beans,Coffee,16,9.5
2024-02-02,South,Filter coffee,Coffee,20,7.0
2024-02-02,South,Green tea,Tea,10,4.5
2024-02-02,South,Earl Grey,Tea,9,4.0
2024-02-02,South,Flapjack,Snacks,21,2.2
2024-02-02,South,Almond croissant,Snacks,25,2.8
2024-02-03,North,Espresso beans,Coffee,17,9.5
2024-02-03,North,Filter coffee,Coffee,22,7.0
2024-02-03,North,Green tea,Tea,12,4.5
2024-02-03,North,Earl Grey,Tea,17,4.0
2024-02-03,North,Flapjack,Snacks,34,2.2
2024-02-03,North,Almond croissant,Snacks,28,2.8
2024-02-03,Centre,Espresso beans,Coffee,35,9.5
2024-02-03,Centre,Filter coffee,Coffee,43,7.0
2024-02-03,Centre,Green tea,Tea,20,4.5
2024-02-03,Centre,Earl Grey,Tea,29,4.0
2024-02-03,Centre,Flapjack,Snacks,50,2.2
2024-02-03,Centre,Almond croissant,Snacks,52,2.8
2024-02-03,South,Espresso beans,Coffee,13,9.5
2024-02-03,South,Filter coffee,Coffee,18,7.0
2024-02-03,South,Green tea,Tea,16,4.5
2024-02-03,South,Earl Grey,Tea,19,4.0
2024-02-03,South,Flapjack,Snacks,36,2.2
2024-02-03,South,Almond croissant,Snacks,17,2.8
2024-02-04,North,Espresso beans,Coffee,17,9.5
2024-02-04,North,Filter coffee,Coffee,22,7.0
2024-02-04,North,Green tea,Tea,11,4.5
2024-02-04,North,Earl Grey,Tea,17,4.0
2024-02-04,North,Flapjack,Snacks,35,2.2
2024-02-04,North,Almond croissant,Snacks,22,2.8
2024-02-04,Centre,Espresso beans,Coffee,32,9.5
2024-02-04,Centre,Filter coffee,Coffee,56,5.6
2024-02-04,Centre,Green tea,Tea,13,4.5
2024-02-04,Centre,Earl Grey,Tea,27,3.2
2024-02-04,Centre,Flapjack,Snacks,42,2.2
2024-02-04,Centre,Almond croissant,Snacks,42,2.8
2024-02-04,South,Espresso beans,Coffee,15,9.5
2024-02-04,South,Filter coffee,Coffee,18,7.0
2024-02-04,South,Green tea,Tea,6,4.5
2024-02-04,South,Earl Grey,Tea,13,4.0
2024-02-04,South,Flapjack,Snacks,21,2.2
2024-02-04,South,Almond croissant,Snacks,18,2.8
2024-02-05,North,Espresso beans,Coffee,7,9.5
2024-02-05,North,Filter coffee,Coffee,20,7.0
2024-02-05,North,Green tea,Tea,10,4.5
2024-02-05,North,Earl Grey,Tea,8,4.0
2024-02-05,North,Flapjack,Snacks,25,2.2
2024-02-05,North,Almond croissant,Snacks,17,2.8
2024-02-05,Centre,Espresso beans,Coffee,21,9.5
2024-02-05,Centre,Filter coffee,Coffee,28,7.0
2024-02-05,Centre,Green tea,Tea,18,4.5
2024-02-05,Centre,Earl Grey,Tea,9,4.0
2024-02-05,Centre,Flapjack,Snacks,44,2.2
2024-02-05,Centre,Almond croissant,Snacks,29,2.8
2024-02-05,South,Espresso beans,Coffee,13,9.5
2024-02-05,South,Filter coffee,Coffee,17,7.0
2024-02-05,South,Green tea,Tea,8,4.5
2024-02-05,South,Earl Grey,Tea,4,4.0
2024-02-05,South,Flapjack,Snacks,29,2.2
2024-02-05,South,Almond croissant,Snacks,19,2.8
2024-02-06,North,Espresso beans,Coffee,9,9.5
2024-02-06,North,Filter coffee,Coffee,16,7.0
2024-02-06,North,Green tea,Tea,7,4.5
2024-02-06,North,Earl Grey,Tea,13,4.0
2024-02-06,North,Flapjack,Snacks,19,2.2
2024-02-06,North,Almond croissant,Snacks,20,2.8
2024-02-06,Centre,Espresso beans,Coffee,22,9.5
2024-02-06,Centre,Filter coffee,Coffee,34,7.0
2024-02-06,Centre,Green tea,Tea,19,4.5
2024-02-06,Centre,Earl Grey,Tea,17,4.0
2024-02-06,Centre,Flapjack,Snacks,36,2.2
2024-02-06,Centre,Almond croissant,Snacks,39,2.8
2024-02-06,South,Espresso beans,Coffee,7,9.5
2024-02-06,South,Filter coffee,Coffee,19,7.0
2024-02-06,South,Green tea,Tea,8,4.5
2024-02-06,South,Earl Grey,Tea,8,4.0
2024-02-06,South,Flapjack,Snacks,22,1.76
2024-02-06,South,Almond croissant,Snacks,13,2.8
2024-02-07,North,Espresso beans,Coffee,18,9.5
2024-02-07,North,Filter coffee,Coffee,25,7.0
2024-02-07,North,Green tea,Tea,15,3.6
2024-02-07,North,Earl Grey,Tea,11,4.0
2024-02-07,North,Flapjack,Snacks,25,2.2
2024-02-07,North,Almond croissant,Snacks,30,2.8
2024-02-07,Centre,Espresso beans,Coffee,20,9.5
2024-02-07,Centre,Filter coffee,Coffee,34,7.0
2024-02-07,Centre,Green tea,Tea,21,4.5
2024-02-07,Centre,Earl Grey,Tea,19,4.0
2024-02-07,Centre,Flapjack,Snacks,43,2.2
2024-02-07,Centre,Almond croissant,Snacks,34,2.8
2024-02-07,South,Espresso beans,Coffee,18,9.5
2024-02-07,South,Filter coffee,Coffee,13,7.0
2024-02-07,South,Green tea,Tea,7,4.5
2024-02-07,South,Earl Grey,Tea,7,4.0
2024-02-07,South,Flapjack,Snacks,21,2.2
2024-02-07,South,Almond croissant,Snacks,19,2.8
2024-02-08,North,Espresso beans,Coffee,10,9.5
2024-02-08,North,Filter coffee,Coffee,17,7.0
2024-02-08,North,Green tea,Tea,9,4.5
2024-02-08,North,Earl Grey,Tea,11,4.0
2024-02-08,North,Flapjack,Snacks,45,1.76
2024-02-08,North,Almond croissant,Snacks,22,2.8
2024-02-08,Centre,Espresso beans,Coffee,23,9.5
2024-02-08,Centre,Filter coffee,Coffee,55,5.6
2024-02-08,Centre,Green tea,Tea,18,4.5
2024-02-08,Centre,Earl Grey,Tea,18,4.0
2024-02-08,Centre,Flapjack,Snacks,47,2.2
2024-02-08,Centre,Almond croissant,Snacks,33,2.8
2024-02-08,South,Espresso beans,Coffee,15,9.5
2024-02-08,South,Filter coffee,Coffee,18,7.0
2024-02-08,South,Green tea,Tea,10,4.5
2024-02-08,South,Earl Grey,Tea,9,4.0
2024-02-08,South,Flapjack,Snacks,32,2.2
2024-02-08,South,Almond croissant,Snacks,13,2.8
2024-02-09,North,Espresso beans,Coffee,20,7.6
2024-02-09,North,Filter coffee,Coffee,28,7.0
2024-02-09,North,Green tea,Tea,14,4.5
2024-02-09,North,Earl Grey,Tea,13,4.0
2024-02-09,North,Flapjack,Snacks,36,2.2
2024-02-09,North,Almond croissant,Snacks,22,2.8
2024-02-09,Centre,Espresso beans,Coffee,32,9.5
2024-02-09,Centre,Filter coffee,Coffee,14,7.0
2024-02-09,Centre,Green tea,Tea,15,4.5
2024-02-09,Centre,Earl Grey,Tea,23,4.0
2024-02-09,Centre,Flapjack,Snacks,48,2.2
2024-02-09,Centre,Almond croissant,Snacks,41,2.8
2024-02-09,South,Espresso beans,Coffee,16,9.5
2024-02-09,South,Filter coffee,Coffee,15,7.0
2024-02-09,South,Green tea,Tea,10,4.5
2024-02-09,South,Earl Grey,Tea,13,4.0
2024-02-09,South,Flapjack,Snacks,26,2.2
2024-02-09,South,Almond croissant,Snacks,22,2.8
2024-02-10,North,Espresso beans,Coffee,24,9.5
2024-02-10,North,Filter coffee,Coffee,21,7.0
2024-02-10,North,Green tea,Tea,15,4.5
2024-02-10,North,Earl Grey,Tea,25,4.0
2024-02-10,North,Flapjack,Snacks,35,2.2
2024-02-10,North,Almond croissant,Snacks,36,2.8
2024-02-10,Centre,Espresso beans,Coffee,35,9.5
2024-02-10,Centre,Filter coffee,Coffee,45,7.0
2024-02-10,Centre,Green tea,Tea,21,4.5
2024-02-10,Centre,Earl Grey,Tea,22,4.0
2024-02-10,Centre,Flapjack,Snacks,53,2.2
2024-02-10,Centre,Almond croissant,Snacks,60,2.8
2024-02-10,South,Espresso beans,Coffee,18,9.5
2024-02-10,South,Filter coffee,Coffee,27,5.6
2024-02-10,South,Green tea,Tea,9,4.5
2024-02-10,South,Earl Grey,Tea,18,4.0
2024-02-10,South,Flapjack,Snacks,26,2.2
2024-02-10,South,Almond croissant,Snacks,20,2.8
2024-02-11,North,Espresso beans,Coffee,17,9.5
2024-02-11,North,Filter coffee,Coffee,23,7.0
2024-02-11,North,Green tea,Tea,18,4.5
2024-02-11,North,Earl Grey,Tea,15,4.0
2024-02-11,North,Flapjack,Snacks,25,2.2
2024-02-11,North,Almond croissant,Snacks,28,2.8
2024-02-11,Centre,Espresso beans,Coffee,38,7.6
2024-02-11,Centre,Filter coffee,Coffee,42,7.0
2024-02-11,Centre,Green tea,Tea,23,4.5
2024-02-11,Centre,Earl Grey,Tea,16,4.0
2024-02-11,Centre,Flapjack,Snacks,36,2.2
2024-02-11,Centre,Almond croissant,Snacks,54,2.8
2024-02-11,South,Espresso beans,Coffee,18,9.5
2024-02-11,South,Filter coffee,Coffee,18,7.0
2024-02-11,South,Green tea,Tea,5,4.5
2024-02-11,South,Earl Grey,Tea,10,4.0
2024-02-11,South,Flapjack,Snacks,29,2.2
2024-02-11,South,Almond croissant,Snacks,16,2.8
2024-02-12,North,Espresso beans,Coffee,16,9.5
2024-02-12,North,Filter coffee,Coffee,25,5.6
2024-02-12,North,Green tea,Tea,12,4.5
2024-02-12,North,Earl Grey,Tea,10,4.0
2024-02-12,North,Flapjack,Snacks,20,2.2
2024-02-12,North,Almond croissant,Snacks,22,2.8
2024-02-12,Centre,Espresso beans,Coffee,20,9.5
2024-02-12,Centre,Filter coffee,Coffee,28,7.0
2024-02-12,Centre,Green tea,Tea,10,4.5
2024-02-12,Centre,Earl Grey,Tea,17,4.0
2024-02-12,Centre,Flapjack,Snacks,34,2.2
2024-02-12,Centre,Almond croissant,Snacks,29,2.8
2024-02-12,South,Espresso beans,Coffee,10,9.5
2024-02-12,South,Filter coffee,Coffee,15,7.0
2024-02-12,South,Green tea,Tea,9,4.5
2024-02-12,South,Earl Grey,Tea,8,4.0
2024-02-12,South,Flapjack,Snacks,15,2.2
2024-02-12,South,Almond croissant,Snacks,31,2.24
2024-02-13,North,Espresso beans,Coffee,15,9.5
2024-02-13,North,Filter coffee,Coffee,18,7.0
2024-02-13,North,Green tea,Tea,12,3.6
2024-02-13,North,Earl Grey,Tea,12,4.0
2024-02-13,North,Flapjack,Snacks,23,2.2
2024-02-13,North,Almond croissant,Snacks,15,2.8
2024-02-13,Centre,Espresso beans,Coffee,20,9.5
2024-02-13,Centre,Filter coffee,Coffee,20,7.0
2024-02-13,Centre,Green tea,Tea,11,4.5
2024-02-13,Centre,Earl Grey,Tea,11,4.0
2024-02-13,Centre,Flapjack,Snacks,58,1.76
2024-02-13,Centre,Almond croissant,Snacks,26,2.8
2024-02-13,South,Espresso beans,Coffee,9,9.5
2024-02-13,South,Filter coffee,Coffee,12,7.0
2024-02-13,South,Green tea,Tea,7,4.5
2024-02-13,South,Earl Grey,Tea,6,4.0
2024-02-13,South,Flapjack,Snacks,21,2.2
2024-02-13,South,Almond croissant,Snacks,26,2.24
2024-02-14,North,Espresso beans,Coffee,25,9.5
2024-02-14,North,Filter coffee,Coffee,23,7.0
2024-02-14,North,Green tea,Tea,9,4.5
2024-02-14,North,Earl Grey,Tea,16,4.0
2024-02-14,North,Flapjack,Snacks,46,1.76
2024-02-14,North,Almond croissant,Snacks,22,2.8
2024-02-14,Centre,Espresso beans,Coffee,22,9.5
2024-02-14,Centre,Filter coffee,Coffee,30,7.0
2024-02-14,Centre,Green tea,Tea,13,4.5
2024-02-14,Centre,Earl Grey,Tea,21,4.0
2024-02-14,Centre,Flapjack,Snacks,45,2.2
2024-02-14,Centre,Almond croissant,Snacks,20,2.8
2024-02-14,South,Espresso beans,Coffee,15,9.5
2024-02-14,South,Filter coffee,Coffee,26,7.0
2024-02-14,South,Green tea,Tea,6,4.5
2024-02-14,South,Earl Grey,Tea,9,4.0
2024-02-14,South,Flapjack,Snacks,21,2.2
2024-02-14,South,Almond croissant,Snacks,17,2.8
2024-02-15,North,Espresso beans,Coffee,9,9.5
2024-02-15,North,Filter coffee,Coffee,20,7.0
2024-02-15,North,Green tea,Tea,7,4.5
2024-02-15,North,Earl Grey,Tea,16,4.0
2024-02-15,North,Flapjack,Snacks,16,2.2
2024-02-15,North,Almond croissant,Snacks,18,2.8
2024-02-15,Centre,Espresso beans,Coffee,22,9.5
2024-02-15,Centre,Filter coffee,Coffee,39,5.6
2024-02-15,Centre,Green tea,Tea,14,4.5
2024-02-15,Centre,Earl Grey,Tea,16,4.0
2024-02-15,Centre,Flapjack,Snacks,54,2.2
2024-02-15,Centre,Almond croissant,Snacks,27,2.8
2024-02-15,South,Espresso beans,Coffee,20,9.5
2024-02-15,South,Filter coffee,Coffee,18,7.0
2024-02-15,South,Green tea,Tea,8,4.5
2024-02-15,South,Earl Grey,Tea,9,4.0
2024-02-15,South,Flapjack,Snacks,29,2.2
2024-02-15,South,Almond croissant,Snacks,15,2.8
2024-02-16,North,Espresso beans,Coffee,21,9.5
2024-02-16,North,Filter coffee,Coffee,27,7.0
2024-02-16,North,Green tea,Tea,9,4.5
2024-02-16,North,Earl Grey,Tea,8,4.0
2024-02-16,North,Flapjack,Snacks,36,2.2
2024-02-16,North,Almond croissant,Snacks,26,2.8
2024-02-16,Centre,Espresso beans,Coffee,19,9.5
2024-02-16,Centre,Filter coffee,Coffee,34,7.0
2024-02-16,Centre,Green tea,Tea,15,4.5
2024-02-16,Centre,Earl Grey,Tea,22,4.0
2024-02-16,Centre,Flapjack,Snacks,38,2.2
2024-02-16,Centre,Almond croissant,Snacks,32,2.8
2024-02-16,South,Espresso beans,Coffee,23,9.5
2024-02-16,South,Filter coffee,Coffee,31,5.6
2024-02-16,South,Green tea,Tea,13,4.5
2024-02-16,South,Earl Grey,Tea,6,4.0
2024-02-16,South,Flapjack,Snacks,29,2.2
2024-02-16,South,Almond croissant,Snacks,17,2.8
2024-02-17,North,Espresso beans,Coffee,18,9.5
2024-02-17,North,Filter coffee,Coffee,30,7.0
2024-02-17,North,Green tea,Tea,16,4.5
2024-02-17,North,Earl Grey,Tea,9,4.0
2024-02-17,North,Flapjack,Snacks,44,2.2
2024-02-17,North,Almond croissant,Snacks,23,2.8
2024-02-17,Centre,Espresso beans,Coffee,25,9.5
2024-02-17,Centre,Filter coffee,Coffee,35,7.0
2024-02-17,Centre,Green tea,Tea,25,4.5
2024-02-17,Centre,Earl Grey,Tea,23,4.0
2024-02-17,Centre,Flapjack,Snacks,55,2.2
2024-02-17,Centre,Almond croissant,Snacks,48,2.8
2024-02-17,South,Espresso beans,Coffee,18,9.5
2024-02-17,South,Filter coffee,Coffee,21,7.0
2024-02-17,South,Green tea,Tea,9,4.5
2024-02-17,South,Earl Grey,Tea,9,4.0
2024-02-17,South,Flapjack,Snacks,39,2.2
2024-02-17,South,Almond croissant,Snacks,28,2.8
2024-02-18,North,Espresso beans,Coffee,15,9.5
2024-02-18,North,Filter coffee,Coffee,21,7.0
2024-02-18,North,Green tea,Tea,12,4.5
2024-02-18,North,Earl Grey,Tea,18,4.0
2024-02-18,North,Flapjack,Snacks,32,2.2
2024-02-18,North,Almond croissant,Snacks,29,2.8
2024-02-18,Centre,Espresso beans,Coffee,28,9.5
2024-02-18,Centre,Filter coffee,Coffee,34,7.0
2024-02-18,Centre,Green tea,Tea,20,4.5
2024-02-18,Centre,Earl Grey,Tea,25,4.0
2024-02-18,Centre,Flapjack,Snacks,40,2.2
2024-02-18,Centre,Almond croissant,Snacks,40,2.8
2024-02-18,South,Espresso beans,Coffee,14,9.5
2024-02-18,South,Filter coffee,Coffee,18,7.0
2024-02-18,South,Green tea,Tea,4,4.5
2024-02-18,South,Earl Grey,Tea,13,4.0
2024-02-18,South,Flapjack,Snacks,24,2.2
2024-02-18,South,Almond croissant,Snacks,29,2.8
2024-02-19,North,Espresso beans,Coffee,16,9.5
2024-02-19,North,Filter coffee,Coffee,13,7.0
2024-02-19,North,Green tea,Tea,9,4.5
2024-02-19,North,Earl Grey,Tea,5,4.0
2024-02-19,North,Flapjack,Snacks,20,2.2
2024-02-19,North,Almond croissant,Snacks,20,2.8
2024-02-19,Centre,Espresso beans,Coffee,17,9.5
2024-02-19,Centre,Filter coffee,Coffee,31,7.0
2024-02-19,Centre,Green tea,Tea,6,4.5
2024-02-19,Centre,Earl Grey,Tea,13,4.0
2024-02-19,Centre,Flapjack,Snacks,41,2.2
2024-02-19,Centre,Almond croissant,Snacks,42,2.24
2024-02-19,South,Espresso beans,Coffee,6,9.5
2024-02-19,South,Filter coffee,Coffee,14,7.0
2024-02-19,South,Green tea,Tea,2,4.5
2024-02-19,South,Earl Grey,Tea,9,4.0
2024-02-19,South,Flapjack,Snacks,15,2.2
2024-02-19,South,Almond croissant,Snacks,16,2.8
2024-02-20,North,Espresso beans,Coffee,14,9.5
2024-02-20,North,Filter coffee,Coffee,26,7.0
2024-02-20,North,Green tea,Tea,12,4.5
2024-02-20,North,Earl Grey,Tea,10,4.0
2024-02-20,North,Flapjack,Snacks,25,2.2
2024-02-20,North,Almond croissant,Snacks,26,2.8
2024-02-20,Centre,Espresso beans,Coffee,16,9.5
2024-02-20,Centre,Filter coffee,Coffee,23,7.0
2024-02-20,Centre,Green tea,Tea,9,4.5
2024-02-20,Centre,Earl Grey,Tea,10,4.0
2024-02-20,Centre,Flapjack,Snacks,62,1.76
2024-02-20,Centre,Almond croissant,Snacks,27,2.8
2024-02-20,South,Espresso beans,Coffee,20,7.6
2024-02-20,South,Filter coffee,Coffee,14,7.0
2024-02-20,South,Green tea,Tea,7,4.5
2024-02-20,South,Earl Grey,Tea,10,4.0
2024-02-20,South,Flapjack,Snacks,17,2.2
2024-02-20,South,Almond croissant,Snacks,18,2.8
2024-02-21,North,Espresso beans,Coffee,17,9.5
2024-02-21,North,Filter coffee,Coffee,18,7.0
2024-02-21,North,Green tea,Tea,12,4.5
2024-02-21,North,Earl Grey,Tea,15,4.0
2024-02-21,North,Flapjack,Snacks,32,2.2
2024-02-21,North,Almond croissant,Snacks,24,2.8
2024-02-21,Centre,Espresso beans,Coffee,17,9.5
2024-02-21,Centre,Filter coffee,Coffee,42,5.6
2024-02-21,Centre,Green tea,Tea,13,4.5
2024-02-21,Centre,Earl Grey,Tea,15,4.0
2024-02-21,Centre,Flapjack,Snacks,49,2.2
2024-02-21,Centre,Almond croissant,Snacks,30,2.8
2024-02-21,South,Espresso beans,Coffee,15,9.5
2024-02-21,South,Filter coffee,Coffee,14,7.0
2024-02-21,South,Green tea,Tea,10,4.5
2024-02-21,South,Earl Grey,Tea,11,4.0
2024-02-21,South,Flapjack,Snacks,24,2.2
2024-02-21,South,Almond croissant,Snacks,17,2.8
2024-02-22,North,Espresso beans,Coffee,12,9.5
2024-02-22,North,Filter coffee,Coffee,15,7.0
2024-02-22,North,Green tea,Tea,14,3.6
2024-02-22,North,Earl Grey,Tea,8,4.0
2024-02-22,North,Flapjack,Snacks,26,2.2
2024-02-22,North,Almond croissant,Snacks,24,2.8
2024-02-22,Centre,Espresso beans,Coffee,26,9.5
2024-02-22,Centre,Filter coffee,Coffee,35,7.0
2024-02-22,Centre,Green tea,Tea,12,4.5
2024-02-22,Centre,Earl Grey,Tea,20,4.0
2024-02-22,Centre,Flapjack,Snacks,44,2.2
2024-02-22,Centre,Almond croissant,Snacks,44,2.8
2024-02-22,South,Espresso beans,Coffee,15,9.5
2024-02-22,South,Filter coffee,Coffee,21,7.0
2024-02-22,South,Green tea,Tea,8,4.5
2024-02-22,South,Earl Grey,Tea,7,4.0
2024-02-22,South,Flapjack,Snacks,30,1.76
2024-02-22,South,Almond croissant,Snacks,22,2.8
2024-02-23,North,Espresso beans,Coffee,19,9.5
2024-02-23,North,Filter coffee,Coffee,49,5.6
2024-02-23,North,Green tea,Tea,15,4.5
2024-02-23,North,Earl Grey,Tea,15,4.0
2024-02-23,North,Flapjack,Snacks,40,2.2
2024-02-23,North,Almond croissant,Snacks,27,2.8
2024-02-23,Centre,Espresso beans,Coffee,19,9.5
2024-02-23,Centre,Filter coffee,Coffee,37,7.0
2024-02-23,Centre,Green tea,Tea,15,4.5
2024-02-23,Centre,Earl Grey,Tea,18,4.0
2024-02-23,Centre,Flapjack,Snacks,43,2.2
2024-02-23,Centre,Almond croissant,Snacks,37,2.8
2024-02-23,South,Espresso beans,Coffee,15,9.5
2024-02-23,South,Filter coffee,Coffee,16,7.0
2024-02-23,South,Green tea,Tea,14,4.5
2024-02-23,South,Earl Grey,Tea,6,4.0
2024-02-23,South,Flapjack,Snacks,32,2.2
2024-02-23,South,Almond croissant,Snacks,19,2.8
2024-02-24,North,Espresso beans,Coffee,20,9.5
2024-02-24,North,Filter coffee,Coffee,26,7.0
2024-02-24,North,Green tea,Tea,14,4.5
2024-02-24,North,Earl Grey,Tea,16,4.0
2024-02-24,North,Flapjack,Snacks,36,2.2
2024-02-24,North,Almond croissant,Snacks,22,2.8
2024-02-24,Centre,Espresso beans,Coffee,27,9.5
2024-02-24,Centre,Filter coffee,Coffee,42,7.0
2024-02-24,Centre,Green tea,Tea,24,4.5
2024-02-24,Centre,Earl Grey,Tea,28,4.0
2024-02-24,Centre,Flapjack,Snacks,44,2.2
2024-02-24,Centre,Almond croissant,Snacks,37,2.8
2024-02-24,South,Espresso beans,Coffee,26,9.5
2024-02-24,South,Filter coffee,Coffee,20,7.0
2024-02-24,South,Green tea,Tea,14,4.5
2024-02-24,South,Earl Grey,Tea,11,4.0
2024-02-24,South,Flapjack,Snacks,28,2.2
2024-02-24,South,Almond croissant,Snacks,21,2.8
2024-02-25,North,Espresso beans,Coffee,24,9.5
2024-02-25,North,Filter coffee,Coffee,19,7.0
2024-02-25,North,Green tea,Tea,13,4.5
2024-02-25,North,Earl Grey,Tea,15,4.0
2024-02-25,North,Flapjack,Snacks,44,2.2
2024-02-25,North,Almond croissant,Snacks,23,2.8
2024-02-25,Centre,Espresso beans,Coffee,26,9.5
2024-02-25,Centre,Filter coffee,Coffee,27,7.0
2024-02-25,Centre,Green tea,Tea,17,4.5
2024-02-25,Centre,Earl Grey,Tea,15,4.0
2024-02-25,Centre,Flapjack,Snacks,45,2.2
2024-02-25,Centre,Almond croissant,Snacks,45,2.8
2024-02-25,South,Espresso beans,Coffee,21,9.5
2024-02-25,South,Filter coffee,Coffee,17,7.0
2024-02-25,South,Green tea,Tea,8,4.5
2024-02-25,South,Earl Grey,Tea,11,4.0
2024-02-25,South,Flapjack,Snacks,35,2.2
2024-02-25,South,Almond croissant,Snacks,30,2.8
2024-02-26,North,Espresso beans,Coffee,16,9.5
2024-02-26,North,Filter coffee,Coffee,23,7.0
2024-02-26,North,Green tea,Tea,10,4.5
2024-02-26,North,Earl Grey,Tea,12,4.0
2024-02-26,North,Flapjack,Snacks,37,2.2
2024-02-26,North,Almond croissant,Snacks,17,2.8
2024-02-26,Centre,Espresso beans,Coffee,25,9.5
2024-02-26,Centre,Filter coffee,Coffee,40,5.6
2024-02-26,Centre,Green tea,Tea,10,4.5
2024-02-26,Centre,Earl Grey,Tea,13,4.0
2024-02-26,Centre,Flapjack,Snacks,25,2.2
2024-02-26,Centre,Almond croissant,Snacks,32,2.8
2024-02-26,South,Espresso beans,Coffee,16,9.5
2024-02-26,South,Filter coffee,Coffee,13,7.0
2024-02-26,South,Green tea,Tea,7,4.5
2024-02-26,South,Earl Grey,Tea,10,4.0
2024-02-26,South,Flapjack,Snacks,23,2.2
2024-02-26,South,Almond croissant,Snacks,23,2.8
2024-02-27,North,Espresso beans,Coffee,15,9.5
2024-02-27,North,Filter coffee,Coffee,25,7.0
2024-02-27,North,Green tea,Tea,9,4.5
2024-02-27,North,Earl Grey,Tea,6,4.0
2024-02-27,North,Flapjack,Snacks,30,2.2
2024-02-27,North,Almond croissant,Snacks,15,2.8
2024-02-27,Centre,Espresso beans,Coffee,15,9.5
2024-02-27,Centre,Filter coffee,Coffee,25,7.0
2024-02-27,Centre,Green tea,Tea,7,4.5
2024-02-27,Centre,Earl Grey,Tea,11,4.0
2024-02-27,Centre,Flapjack,Snacks,32,2.2
2024-02-27,Centre,Almond croissant,Snacks,27,2.8
2024-02-27,South,Espresso beans,Coffee,14,9.5
2024-02-27,South,Filter coffee,Coffee,17,7.0
2024-02-27,South,Green tea,Tea,5,4.5
2024-02-27,South,Earl Grey,Tea,7,4.0
2024-02-27,South,Flapjack,Snacks,14,2.2
2024-02-27,South,Almond croissant,Snacks,33,2.24
2024-02-28,North,Espresso beans,Coffee,9,9.5
2024-02-28,North,Filter coffee,Coffee,19,7.0
2024-02-28,North,Green tea,Tea,11,4.5
2024-02-28,North,Earl Grey,Tea,11,4.0
2024-02-28,North,Flapjack,Snacks,24,2.2
2024-02-28,North,Almond croissant,Snacks,20,2.8
2024-02-28,Centre,Espresso beans,Coffee,30,9.5
2024-02-28,Centre,Filter coffee,Coffee,22,7.0
2024-02-28,Centre,Green tea,Tea,18,4.5
2024-02-28,Centre,Earl Grey,Tea,22,4.0
2024-02-28,Centre,Flapjack,Snacks,37,2.2
2024-02-28,Centre,Almond croissant,Snacks,50,2.24
2024-02-28,South,Espresso beans,Coffee,12,9.5
2024-02-28,South,Filter coffee,Coffee,17,7.0
2024-02-28,South,Green tea,Tea,6,4.5
2024-02-28,South,Earl Grey,Tea,14,4.0
2024-02-28,South,Flapjack,Snacks,39,1.76
2024-02-28,South,Almond croissant,Snacks,20,2.8
2024-02-29,North,Espresso beans,Coffee,19,9.5
2024-02-29,North,Filter coffee,Coffee,22,7.0
2024-02-29,North,Green tea,Tea,13,4.5
2024-02-29,North,Earl Grey,Tea,15,4.0
2024-02-29,North,Flapjack,Snacks,24,2.2
2024-02-29,North,Almond croissant,Snacks,20,2.8
2024-02-29,Centre,Espresso beans,Coffee,27,9.5
2024-02-29,Centre,Filter coffee,Coffee,24,7.0
2024-02-29,Centre,Green tea,Tea,27,3.6
2024-02-29,Centre,Earl Grey,Tea,19,4.0
2024-02-29,Centre,Flapjack,Snacks,44,2.2
2024-02-29,Centre,Almond croissant,Snacks,29,2.8
2024-02-29,South,Espresso beans,Coffee,14,9.5
2024-02-29,South,Filter coffee,Coffee,13,7.0
2024-02-29,South,Green tea,Tea,7,4.5
2024-02-29,South,Earl Grey,Tea,6,4.0
2024-02-29,South,Flapjack,Snacks,22,2.2
2024-02-29,South,Almond croissant,Snacks,12,2.8
2024-03-01,North,Espresso beans,Coffee,15,9.5
2024-03-01,North,Filter coffee,Coffee,27,7.0
2024-03-01,North,Green tea,Tea,17,4.5
2024-03-01,North,Earl Grey,Tea,19,4.0
2024-03-01,North,Flapjack,Snacks,33,2.2
2024-03-01,North,Almond croissant,Snacks,29,2.8
2024-03-01,Centre,Espresso beans,Coffee,26,9.5
2024-03-01,Centre,Filter coffee,Coffee,35,7.0
2024-03-01,Centre,Green tea,Tea,16,4.5
2024-03-01,Centre,Earl Grey,Tea,11,4.0
2024-03-01,Centre,Flapjack,Snacks,46,2.2
2024-03-01,Centre,Almond croissant,Snacks,41,2.8
2024-03-01,South,Espresso beans,Coffee,9,9.5
2024-03-01,South,Filter coffee,Coffee,17,7.0
2024-03-01,South,Green tea,Tea,5,4.5
2024-03-01,South,Earl Grey,Tea,17,4.0
2024-03-01,South,Flapjack,Snacks,41,1.76
2024-03-01,South,Almond croissant,Snacks,21,2.8
2024-03-02,North,Espresso beans,Coffee,23,9.5
2024-03-02,North,Filter coffee,Coffee,30,7.0
2024-03-02,North,Green tea,Tea,13,4.5
2024-03-02,North,Earl Grey,Tea,15,4.0
2024-03-02,North,Flapjack,Snacks,44,2.2
2024-03-02,North,Almond croissant,Snacks,41,2.8
2024-03-02,Centre,Espresso beans,Coffee,36,9.5
2024-03-02,Centre,Filter coffee,Coffee,39,7.0
2024-03-02,Centre,Green tea,Tea,18,4.5
2024-03-02,Centre,Earl Grey,Tea,23,4.0
2024-03-02,Centre,Flapjack,Snacks,59,2.2
2024-03-02,Centre,Almond croissant,Snacks,36,2.8
2024-03-02,South,Espresso beans,Coffee,8,9.5
2024-03-02,South,Filter coffee,Coffee,17,7.0
2024-03-02,South,Green tea,Tea,10,4.5
2024-03-02,South,Earl Grey,Tea,15,4.0
2024-03-02,South,Flapjack,Snacks,33,2.2
2024-03-02,South,Almond croissant,Snacks,29,2.8
2024-03-03,North,Espresso beans,Coffee,14,9.5
2024-03-03,North,Filter coffee,Coffee,25,7.0
2024-03-03,North,Green tea,Tea,9,4.5
2024-03-03,North,Earl Grey,Tea,9,4.0
2024-03-03,North,Flapjack,Snacks,26,2.2
2024-03-03,North,Almond croissant,Snacks,18,2.8
2024-03-03,Centre,Espresso beans,Coffee,37,9.5
2024-03-03,Centre,Filter coffee,Coffee,25,7.0
2024-03-03,Centre,Green tea,Tea,18,4.5
2024-03-03,Centre,Earl Grey,Tea,19,4.0
2024-03-03,Centre,Flapjack,Snacks,46,2.2
2024-03-03,Centre,Almond croissant,Snacks,39,2.8
2024-03-03,South,Espresso beans,Coffee,11,9.5
2024-03-03,South,Filter coffee,Coffee,25,7.0
2024-03-03,South,Green tea,Tea,9,4.5
2024-03-03,South,Earl Grey,Tea,11,4.0
2024-03-03,South,Flapjack,Snacks,32,2.2
2024-03-03,South,Almond croissant,Snacks,23,2.8
2024-03-04,North,Espresso beans,Coffee,14,9.5
2024-03-04,North,Filter coffee,Coffee,12,7.0
2024-03-04,North,Green tea,Tea,4,4.5
2024-03-04,North,Earl Grey,Tea,9,4.0
2024-03-04,North,Flapjack,Snacks,24,2.2
2024-03-04,North,Almond croissant,Snacks,23,2.8
2024-03-04,Centre,Espresso beans,Coffee,21,9.5
2024-03-04,Centre,Filter coffee,Coffee,30,7.0
2024-03-04,Centre,Green tea,Tea,10,4.5
2024-03-04,Centre,Earl Grey,Tea,18,4.0
2024-03-04,Centre,Flapjack,Snacks,47,2.2
2024-03-04,Centre,Almond croissant,Snacks,26,2.8
2024-03-04,South,Espresso beans,Coffee,9,9.5
2024-03-04,South,Filter coffee,Coffee,19,7.0
2024-03-04,South,Green tea,Tea,7,4.5
2024-03-04,South,Earl Grey,Tea,6,4.0
2024-03-04,South,Flapjack,Snacks,18,2.2
2024-03-04,South,Almond croissant,Snacks,19,2.8
2024-03-05,North,Espresso beans,Coffee,23,7.6
2024-03-05,North,Filter coffee,Coffee,19,7.0
2024-03-05,North,Green tea,Tea,13,4.5
2024-03-05,North,Earl Grey,Tea,12,4.0
2024-03-05,North,Flapjack,Snacks,17,2.2
2024-03-05,North,Almond croissant,Snacks,33,2.24
2024-03-05,Centre,Espresso beans,Coffee,16,9.5
2024-03-05,Centre,Filter coffee,Coffee,34,7.0
2024-03-05,Centre,Green tea,Tea,10,4.5
2024-03-05,Centre,Earl Grey,Tea,20,4.0
2024-03-05,Centre,Flapjack,Snacks,38,2.2
2024-03-05,Centre,Almond croissant,Snacks,29,2.8
2024-03-05,South,Espresso beans,Coffee,9,9.5
2024-03-05,South,Filter coffee,Coffee,22,7.0
2024-03-05,South,Green tea,Tea,4,4.5
2024-03-05,South,Earl Grey,Tea,8,4.0
2024-03-05,South,Flapjack,Snacks,20,2.2
2024-03-05,South,Almond croissant,Snacks,17,2.8
2024-03-06,North,Espresso beans,Coffee,17,9.5
2024-03-06,North,Filter coffee,Coffee,19,7.0
2024-03-06,North,Green tea,Tea,10,4.5
2024-03-06,North,Earl Grey,Tea,11,4.0
2024-03-06,North,Flapjack,Snacks,26,2.2
2024-03-06,North,Almond croissant,Snacks,24,2.8
2024-03-06,Centre,Espresso beans,Coffee,25,9.5
2024-03-06,Centre,Filter coffee,Coffee,22,7.0
2024-03-06,Centre,Green tea,Tea,16,4.5
2024-03-06,Centre,Earl Grey,Tea,17,4.0
2024-03-06,Centre,Flapjack,Snacks,41,2.2
2024-03-06,Centre,Almond croissant,Snacks,23,2.8
2024-03-06,South,Espresso beans,Coffee,11,9.5
2024-03-06,South,Filter coffee,Coffee,16,7.0
2024-03-06,South,Green tea,Tea,7,4.5
2024-03-06,South,Earl Grey,Tea,10,4.0
2024-03-06,South,Flapjack,Snacks,19,2.2
2024-03-06,South,Almond croissant,Snacks,26,2.8
2024-03-07,North,Espresso beans,Coffee,13,9.5
2024-03-07,North,Filter coffee,Coffee,17,7.0
2024-03-07,North,Green tea,Tea,7,4.5
2024-03-07,North,Earl Grey,Tea,12,4.0
2024-03-07,North,Flapjack,Snacks,29,2.2
2024-03-07,North,Almond croissant,Snacks,35,2.8
2024-03-07,Centre,Espresso beans,Coffee,23,9.5
2024-03-07,Centre,Filter coffee,Coffee,54,5.6
2024-03-07,Centre,Green tea,Tea,15,4.5
2024-03-07,Centre,Earl Grey,Tea,16,4.0
2024-03-07,Centre,Flapjack,Snacks,39,2.2
2024-03-07,Centre,Almond croissant,Snacks,26,2.8
2024-03-07,South,Espresso beans,Coffee,10,9.5
2024-03-07,South,Filter coffee,Coffee,18,7.0
2024-03-07,South,Green tea,Tea,13,4.5
2024-03-07,South,Earl Grey,Tea,9,4.0
2024-03-07,South,Flapjack,Snacks,14,2.2
2024-03-07,South,Almond croissant,Snacks,16,2.8
2024-03-08,North,Espresso beans,Coffee,19,9.5
2024-03-08,North,Filter coffee,Coffee,23,7.0
2024-03-08,North,Green tea,Tea,9,4.5
2024-03-08,North,Earl Grey,Tea,15,4.0
2024-03-08,North,Flapjack,Snacks,32,2.2
2024-03-08,North,Almond croissant,Snacks,25,2.8
2024-03-08,Centre,Espresso beans,Coffee,37,9.5
2024-03-08,Centre,Filter coffee,Coffee,32,7.0
2024-03-08,Centre,Green tea,Tea,18,4.5
2024-03-08,Centre,Earl Grey,Tea,17,4.0
2024-03-08,Centre,Flapjack,Snacks,43,2.2
2024-03-08,Centre,Almond croissant,Snacks,33,2.8
2024-03-08,South,Espresso beans,Coffee,12,9.5
2024-03-08,South,Filter coffee,Coffee,21,7.0
2024-03-08,South,Green tea,Tea,12,4.5
2024-03-08,South,Earl Grey,Tea,10,4.0
2024-03-08,South,Flapjack,Snacks,24,2.2
2024-03-08,South,Almond croissant,Snacks,24,2.8
2024-03-09,North,Espresso beans,Coffee,21,9.5
2024-03-09,North,Filter coffee,Coffee,42,7.0
2024-03-09,North,Green tea,Tea,10,4.5
2024-03-09,North,Earl Grey,Tea,21,4.0
2024-03-09,North,Flapjack,Snacks,28,2.2
2024-03-09,North,Almond croissant,Snacks,35,2.8
2024-03-09,Centre,Espresso beans,Coffee,31,9.5
2024-03-09,Centre,Filter coffee,Coffee,28,7.0
2024-03-09,Centre,Green tea,Tea,16,4.5
2024-03-09,Centre,Earl Grey,Tea,20,4.0
2024-03-09,Centre,Flapjack,Snacks,58,2.2
2024-03-09,Centre,Almond croissant,Snacks,45,2.8
2024-03-09,South,Espresso beans,Coffee,15,9.5
2024-03-09,South,Filter coffee,Coffee,13,7.0
2024-03-09,South,Green tea,Tea,11,4.5
2024-03-09,South,Earl Grey,Tea,12,4.0
2024-03-09,South,Flapjack,Snacks,33,2.2
2024-03-09,South,Almond croissant,Snacks,21,2.8
2024-03-10,North,Espresso beans,Coffee,14,9.5
2024-03-10,North,Filter coffee,Coffee,27,7.0
2024-03-10,North,Green tea,Tea,4,4.5
2024-03-10,North,Earl Grey,Tea,14,4.0
2024-03-10,North,Flapjack,Snacks,40,2.2
2024-03-10,North,Almond croissant,Snacks,25,2.8
2024-03-10,Centre,Espresso beans,Coffee,26,9.5
2024-03-10,Centre,Filter coffee,Coffee,43,7.0
2024-03-10,Centre,Green tea,Tea,15,4.5
2024-03-10,Centre,Earl Grey,Tea,13,4.0
2024-03-10,Centre,Flapjack,Snacks,52,2.2
2024-03-10,Centre,Almond croissant,Snacks,39,2.8
2024-03-10,South,Espresso beans,Coffee,6,9.5
2024-03-10,South,Filter coffee,Coffee,19,7.0
2024-03-10,South,Green tea,Tea,20,3.6
2024-03-10,South,Earl Grey,Tea,9,4.0
2024-03-10,South,Flapjack,Snacks,35,1.76
2024-03-10,South,Almond croissant,Snacks,23,2.8
2024-03-11,North,Espresso beans,Coffee,8,9.5
2024-03-11,North,Filter coffee,Coffee,20,7.0
2024-03-11,North,Green tea,Tea,14,4.5
2024-03-11,North,Earl Grey,Tea,8,4.0
2024-03-11,North,Flapjack,Snacks,31,2.2
2024-03-11,North,Almond croissant,Snacks,13,2.8
2024-03-11,Centre,Espresso beans,Coffee,22,9.5
2024-03-11,Centre,Filter coffee,Coffee,22,7.0
2024-03-11,Centre,Green tea,Tea,14,4.5
2024-03-11,Centre,Earl Grey,Tea,18,4.0
2024-03-11,Centre,Flapjack,Snacks,29,2.2
2024-03-11,Centre,Almond croissant,Snacks,36,2.8
2024-03-11,South,Espresso beans,Coffee,11,9.5
2024-03-11,South,Filter coffee,Coffee,25,7.0
2024-03-11,South,Green tea,Tea,9,4.5
2024-03-11,South,Earl Grey,Tea,11,4.0
2024-03-11,South,Flapjack,Snacks,25,2.2
2024-03-11,South,Almond croissant,Snacks,16,2.8
2024-03-12,North,Espresso beans,Coffee,7,9.5
2024-03-12,North,Filter coffee,Coffee,17,7.0
2024-03-12,North,Green tea,Tea,12,4.5
2024-03-12,North,Earl Grey,Tea,7,4.0
2024-03-12,North,Flapjack,Snacks,29,2.2
2024-03-12,North,Almond croissant,Snacks,21,2.8
2024-03-12,Centre,Espresso beans,Coffee,18,9.5
2024-03-12,Centre,Filter coffee,Coffee,14,7.0
2024-03-12,Centre,Green tea,Tea,14,3.6
2024-03-12,Centre,Earl Grey,Tea,25,4.0
2024-03-12,Centre,Flapjack,Snacks,23,2.2
2024-03-12,Centre,Almond croissant,Snacks,28,2.8
2024-03-12,South,Espresso beans,Coffee,10,9.5
2024-03-12,South,Filter coffee,Coffee,15,7.0
2024-03-12,South,Green tea,Tea,7,4.5
2024-03-12,South,Earl Grey,Tea,7,4.0
2024-03-12,South,Flapjack,Snacks,20,2.2
2024-03-12,South,Almond croissant,Snacks,20,2.8
2024-03-13,North,Espresso beans,Coffee,12,9.5
2024-03-13,North,Filter coffee,Coffee,27,7.0
2024-03-13,North,Green tea,Tea,4,4.5
2024-03-13,North,Earl Grey,Tea,17,4.0
2024-03-13,North,Flapjack,Snacks,26,2.2
2024-03-13,North,Almond croissant,Snacks,32,2.24
2024-03-13,Centre,Espresso beans,Coffee,28,9.5
2024-03-13,Centre,Filter coffee,Coffee,22,7.0
2024-03-13,Centre,Green tea,Tea,17,4.5
2024-03-13,Centre,Earl Grey,Tea,21,4.0
2024-03-13,Centre,Flapjack,Snacks,32,2.2
2024-03-13,Centre,Almond croissant,Snacks,30,2.8
2024-03-13,South,Espresso beans,Coffee,11,9.5
2024-03-13,South,Filter coffee,Coffee,12,7.0
2024-03-13,South,Green tea,Tea,2,4.5
2024-03-13,South,Earl Grey,Tea,9,4.0
2024-03-13,South,Flapjack,Snacks,21,2.2
2024-03-13,South,Almond croissant,Snacks,15,2.8
2024-03-14,North,Espresso beans,Coffee,16,9.5
2024-03-14,North,Filter coffee,Coffee,19,7.0
2024-03-14,North,Green tea,Tea,8,4.5
2024-03-14,North,Earl Grey,Tea,10,4.0
2024-03-14,North,Flapjack,Snacks,27,2.2
2024-03-14,North,Almond croissant,Snacks,25,2.8
2024-03-14,Centre,Espresso beans,Coffee,16,9.5
2024-03-14,Centre,Filter coffee,Coffee,32,7.0
2024-03-14,Centre,Green tea,Tea,11,4.5
2024-03-14,Centre,Earl Grey,Tea,13,4.0
2024-03-14,Centre,Flapjack,Snacks,29,2.2
2024-03-14,Centre,Almond croissant,Snacks,30,2.8
2024-03-14,South,Espresso beans,Coffee,14,9.5
2024-03-14,South,Filter coffee,Coffee,22,7.0
2024-03-14,South,Green tea,Tea,10,4.5
2024-03-14,South,Earl Grey,Tea,8,4.0
2024-03-14,South,Flapjack,Snacks,13,2.2
2024-03-14,South,Almond croissant,Snacks,20,2.8
2024-03-15,North,Espresso beans,Coffee,20,9.5
2024-03-15,North,Filter coffee,Coffee,33,7.0
2024-03-15,North,Green tea,Tea,12,4.5
2024-03-15,North,Earl Grey,Tea,14,4.0
2024-03-15,North,Flapjack,Snacks,41,2.2
2024-03-15,North,Almond croissant,Snacks,33,2.8
2024-03-15,Centre,Espresso beans,Coffee,25,9.5
2024-03-15,Centre,Filter coffee,Coffee,52,5.6
2024-03-15,Centre,Green tea,Tea,20,4.5
2024-03-15,Centre,Earl Grey,Tea,19,4.0
2024-03-15,Centre,Flapjack,Snacks,55,2.2
2024-03-15,Centre,Almond croissant,Snacks,46,2.8
2024-03-15,South,Espresso beans,Coffee,15,9.5
2024-03-15,South,Filter coffee,Coffee,25,7.0
2024-03-15,South,Green tea,Tea,3,4.5
2024-03-15,South,Earl Grey,Tea,6,4.0
2024-03-15,South,Flapjack,Snacks,24,2.2
2024-03-15,South,Almond croissant,Snacks,17,2.8
2024-03-16,North,Espresso beans,Coffee,15,9.5
2024-03-16,North,Filter coffee,Coffee,29,7.0
2024-03-16,North,Green tea,Tea,13,4.5
2024-03-16,North,Earl Grey,Tea,6,4.0
2024-03-16,North,Flapjack,Snacks,38,2.2
2024-03-16,North,Almond croissant,Snacks,22,2.8
2024-03-16,Centre,Espresso beans,Coffee,36,9.5
2024-03-16,Centre,Filter coffee,Coffee,37,7.0
2024-03-16,Centre,Green tea,Tea,12,4.5
2024-03-16,Centre,Earl Grey,Tea,21,4.0
2024-03-16,Centre,Flapjack,Snacks,45,2.2
2024-03-16,Centre,Almond croissant,Snacks,48,2.8
2024-03-16,South,Espresso beans,Coffee,17,9.5
2024-03-16,South,Filter coffee,Coffee,15,7.0
2024-03-16,South,Green tea,Tea,10,4.5
2024-03-16,South,Earl Grey,Tea,16,3.2
2024-03-16,South,Flapjack,Snacks,43,2.2
2024-03-16,South,Almond croissant,Snacks,21,2.8
2024-03-17,North,Espresso beans,Coffee,17,9.5
2024-03-17,North,Filter coffee,Coffee,23,7.0
2024-03-17,North,Green tea,Tea,8,4.5
2024-03-17,North,Earl Grey,Tea,11,4.0
2024-03-17,North,Flapjack,Snacks,37,2.2
2024-03-17,North,Almond croissant,Snacks,26,2.8
2024-03-17,Centre,Espresso beans,Coffee,32,7.6
2024-03-17,Centre,Filter coffee,Coffee,28,7.0
2024-03-17,Centre,Green tea,Tea,16,3.6
2024-03-17,Centre,Earl Grey,Tea,15,4.0
2024-03-17,Centre,Flapjack,Snacks,47,2.2
2024-03-17,Centre,Almond croissant,Snacks,35,2.8
2024-03-17,South,Espresso beans,Coffee,11,9.5
2024-03-17,South,Filter coffee,Coffee,21,7.0
2024-03-17,South,Green tea,Tea,7,4.5
2024-03-17,South,Earl Grey,Tea,9,4.0
2024-03-17,South,Flapjack,Snacks,26,2.2
2024-03-17,South,Almond croissant,Snacks,21,2.8
2024-03-18,North,Espresso beans,Coffee,11,9.5
2024-03-18,North,Filter coffee,Coffee,13,7.0
2024-03-18,North,Green tea,Tea,7,4.5
2024-03-18,North,Earl Grey,Tea,10,3.2
2024-03-18,North,Flapjack,Snacks,29,2.2
2024-03-18,North,Almond croissant,Snacks,18,2.8
2024-03-18,Centre,Espresso beans,Coffee,17,9.5
2024-03-18,Centre,Filter coffee,Coffee,32,7.0
2024-03-18,Centre,Green tea,Tea,11,4.5
2024-03-18,Centre,Earl Grey,Tea,12,4.0
2024-03-18,Centre,Flapjack,Snacks,38,2.2
2024-03-18,Centre,Almond croissant,Snacks,23,2.8
2024-03-18,South,Espresso beans,Coffee,12,9.5
2024-03-18,South,Filter coffee,Coffee,13,7.0
2024-03-18,South,Green tea,Tea,5,4.5
2024-03-18,South,Earl Grey,Tea,6,4.0
2024-03-18,South,Flapjack,Snacks,14,2.2
2024-03-18,South,Almond croissant,Snacks,15,2.8
2024-03-19,North,Espresso beans,Coffee,13,9.5
2024-03-19,North,Filter coffee,Coffee,10,7.0
2024-03-19,North,Green tea,Tea,11,4.5
2024-03-19,North,Earl Grey,Tea,7,4.0
2024-03-19,North,Flapjack,Snacks,28,2.2
2024-03-19,North,Almond croissant,Snacks,25,2.8
2024-03-19,Centre,Espresso beans,Coffee,21,9.5
2024-03-19,Centre,Filter coffee,Coffee,38,7.0
2024-03-19,Centre,Green tea,Tea,14,4.5
2024-03-19,Centre,Earl Grey,Tea,18,4.0
2024-03-19,Centre,Flapjack,Snacks,34,2.2
2024-03-19,Centre,Almond croissant,Snacks,46,2.8
2024-03-19,South,Espresso beans,Coffee,10,9.5
2024-03-19,South,Filter coffee,Coffee,14,7.0
2024-03-19,South,Green tea,Tea,8,4.5
2024-03-19,South,Earl Grey,Tea,9,4.0
2024-03-19,South,Flapjack,Snacks,18,2.2
2024-03-19,South,Almond croissant,Snacks,21,2.8
2024-03-20,North,Espresso beans,Coffee,12,9.5
2024-03-20,North,Filter coffee,Coffee,21,7.0
2024-03-20,North,Green tea,Tea,7,4.5
2024-03-20,North,Earl Grey,Tea,11,4.0
2024-03-20,North,Flapjack,Snacks,48,1.76
2024-03-20,North,Almond croissant,Snacks,18,2.8
2024-03-20,Centre,Espresso beans,Coffee,25,9.5
2024-03-20,Centre,Filter coffee,Coffee,26,7.0
2024-03-20,Centre,Green tea,Tea,12,4.5
2024-03-20,Centre,Earl Grey,Tea,12,4.0
2024-03-20,Centre,Flapjack,Snacks,31,2.2
2024-03-20,Centre,Almond croissant,Snacks,26,2.8
2024-03-20,South,Espresso beans,Coffee,16,9.5
2024-03-20,South,Filter coffee,Coffee,19,7.0
2024-03-20,South,Green tea,Tea,4,4.5
2024-03-20,South,Earl Grey,Tea,10,4.0
2024-03-20,South,Flapjack,Snacks,22,2.2
2024-03-20,South,Almond croissant,Snacks,10,2.8
2024-03-21,North,Espresso beans,Coffee,23,9.5
2024-03-21,North,Filter coffee,Coffee,30,7.0
2024-03-21,North,Green tea,Tea,16,3.6
2024-03-21,North,Earl Grey,Tea,9,4.0
2024-03-21,North,Flapjack,Snacks,28,2.2
2024-03-21,North,Almond croissant,Snacks,30,2.8
2024-03-21,Centre,Espresso beans,Coffee,22,9.5
2024-03-21,Centre,Filter coffee,Coffee,29,7.0
2024-03-21,Centre,Green tea,Tea,15,4.5
2024-03-21,Centre,Earl Grey,Tea,21,4.0
2024-03-21,Centre,Flapjack,Snacks,51,2.2
2024-03-21,Centre,Almond croissant,Snacks,33,2.8
2024-03-21,South,Espresso beans,Coffee,15,9.5
2024-03-21,South,Filter coffee,Coffee,18,7.0
2024-03-21,South,Green tea,Tea,11,4.5
2024-03-21,South,Earl Grey,Tea,12,4.0
2024-03-21,South,Flapjack,Snacks,22,2.2
2024-03-21,South,Almond croissant,Snacks,24,2.24
2024-03-22,North,Espresso beans,Coffee,18,9.5
2024-03-22,North,Filter coffee,Coffee,19,7.0
2024-03-22,North,Green tea,Tea,7,4.5
2024-03-22,North,Earl Grey,Tea,11,4.0
2024-03-22,North,Flapjack,Snacks,45,1.76
2024-03-22,North,Almond croissant,Snacks,27,2.8
2024-03-22,Centre,Espresso beans,Coffee,22,9.5
2024-03-22,Centre,Filter coffee,Coffee,35,7.0
2024-03-22,Centre,Green tea,Tea,19,4.5
2024-03-22,Centre,Earl Grey,Tea,12,4.0
2024-03-22,Centre,Flapjack,Snacks,42,2.2
2024-03-22,Centre,Almond croissant,Snacks,37,2.8
2024-03-22,South,Espresso beans,Coffee,11,9.5
2024-03-22,South,Filter coffee,Coffee,15,7.0
2024-03-22,South,Green tea,Tea,15,4.5
2024-03-22,South,Earl Grey,Tea,7,4.0
2024-03-22,South,Flapjack,Snacks,22,2.2
2024-03-22,South,Almond croissant,Snacks,15,2.8
2024-03-23,North,Espresso beans,Coffee,24,9.5
2024-03-23,North,Filter coffee,Coffee,22,7.0
2024-03-23,North,Green tea,Tea,13,4.5
2024-03-23,North,Earl Grey,Tea,15,4.0
2024-03-23,North,Flapjack,Snacks,59,1.76
2024-03-23,North,Almond croissant,Snacks,33,2.8
2024-03-23,Centre,Espresso beans,Coffee,27,9.5
2024-03-23,Centre,Filter coffee,Coffee,36,7.0
2024-03-23,Centre,Green tea,Tea,15,4.5
2024-03-23,Centre,Earl Grey,Tea,23,4.0
2024-03-23,Centre,Flapjack,Snacks,55,2.2
2024-03-23,Centre,Almond croissant,Snacks,45,2.8
2024-03-23,South,Espresso beans,Coffee,14,9.5
2024-03-23,South,Filter coffee,Coffee,21,7.0
2024-03-23,South,Green tea,Tea,8,4.5
2024-03-23,South,Earl Grey,Tea,11,4.0
2024-03-23,South,Flapjack,Snacks,29,2.2
2024-03-23,South,Almond croissant,Snacks,24,2.8
2024-03-24,North,Espresso beans,Coffee,12,9.5
2024-03-24,North,Filter coffee,Coffee,17,7.0
2024-03-24,North,Green tea,Tea,10,4.5
2024-03-24,North,Earl Grey,Tea,20,4.0
2024-03-24,North,Flapjack,Snacks,34,2.2
2024-03-24,North,Almond croissant,Snacks,19,2.8
2024-03-24,Centre,Espresso beans,Coffee,21,9.5
2024-03-24,Centre,Filter coffee,Coffee,42,5.6
2024-03-24,Centre,Green tea,Tea,10,4.5
2024-03-24,Centre,Earl Grey,Tea,14,4.0
2024-03-24,Centre,Flapjack,Snacks,28,2.2
2024-03-24,Centre,Almond croissant,Snacks,32,2.8
2024-03-24,South,Espresso beans,Coffee,16,9.5
2024-03-24,South,Filter coffee,Coffee,24,7.0
2024-03-24,South,Green tea,Tea,7,4.5
2024-03-24,South,Earl Grey,Tea,12,4.0
2024-03-24,South,Flapjack,Snacks,16,2.2
2024-03-24,South,Almond croissant,Snacks,27,2.8
2024-03-25,North,Espresso beans,Coffee,11,9.5
2024-03-25,North,Filter coffee,Coffee,23,7.0
2024-03-25,North,Green tea,Tea,4,4.5
2024-03-25,North,Earl Grey,Tea,11,4.0
2024-03-25,North,Flapjack,Snacks,37,1.76
2024-03-25,North,Almond croissant,Snacks,21,2.8
2024-03-25,Centre,Espresso beans,Coffee,16,9.5
2024-03-25,Centre,Filter coffee,Coffee,21,7.0
2024-03-25,Centre,Green tea,Tea,12,4.5
2024-03-25,Centre,Earl Grey,Tea,12,4.0
2024-03-25,Centre,Flapjack,Snacks,23,2.2
2024-03-25,Centre,Almond croissant,Snacks,21,2.8
2024-03-25,South,Espresso beans,Coffee,15,9.5
2024-03-25,South,Filter coffee,Coffee,18,7.0
2024-03-25,South,Green tea,Tea,9,4.5
2024-03-25,South,Earl Grey,Tea,14,3.2
2024-03-25,South,Flapjack,Snacks,27,2.2
2024-03-25,South,Almond croissant,Snacks,21,2.8
2024-03-26,North,Espresso beans,Coffee,9,9.5
2024-03-26,North,Filter coffee,Coffee,15,7.0
2024-03-26,North,Green tea,Tea,9,4.5
2024-03-26,North,Earl Grey,Tea,20,3.2
2024-03-26,North,Flapjack,Snacks,29,2.2
2024-03-26,North,Almond croissant,Snacks,31,2.24
2024-03-26,Centre,Espresso beans,Coffee,18,9.5
2024-03-26,Centre,Filter coffee,Coffee,19,7.0
2024-03-26,Centre,Green tea,Tea,10,4.5
2024-03-26,Centre,Earl Grey,Tea,13,4.0
2024-03-26,Centre,Flapjack,Snacks,60,1.76
2024-03-26,Centre,Almond croissant,Snacks,31,2.8
2024-03-26,South,Espresso beans,Coffee,18,9.5
2024-03-26,South,Filter coffee,Coffee,10,7.0
2024-03-26,South,Green tea,Tea,14,3.6
2024-03-26,South,Earl Grey,Tea,15,4.0
2024-03-26,South,Flapjack,Snacks,18,2.2
2024-03-26,South,Almond croissant,Snacks,20,2.8
2024-03-27,North,Espresso beans,Coffee,12,9.5
2024-03-27,North,Filter coffee,Coffee,17,7.0
2024-03-27,North,Green tea,Tea,12,4.5
2024-03-27,North,Earl Grey,Tea,11,4.0
2024-03-27,North,Flapjack,Snacks,19,2.2
2024-03-27,North,Almond croissant,Snacks,22,2.8
2024-03-27,Centre,Espresso beans,Coffee,19,9.5
2024-03-27,Centre,Filter coffee,Coffee,26,7.0
2024-03-27,Centre,Green tea,Tea,16,4.5
2024-03-27,Centre,Earl Grey,Tea,17,4.0
2024-03-27,Centre,Flapjack,Snacks,29,2.2
2024-03-27,Centre,Almond croissant,Snacks,32,2.8
2024-03-27,South,Espresso beans,Coffee,10,9.5
2024-03-27,South,Filter coffee,Coffee,18,7.0
2024-03-27,South,Green tea,Tea,9,3.6
2024-03-27,South,Earl Grey,Tea,17,4.0
2024-03-27,South,Flapjack,Snacks,23,2.2
2024-03-27,South,Almond croissant,Snacks,14,2.8
2024-03-28,North,Espresso beans,Coffee,16,9.5
2024-03-28,North,Filter coffee,Coffee,20,7.0
2024-03-28,North,Green tea,Tea,9,4.5
2024-03-28,North,Earl Grey,Tea,4,4.0
2024-03-28,North,Flapjack,Snacks,16,2.2
2024-03-28,North,Almond croissant,Snacks,25,2.8
2024-03-28,Centre,Espresso beans,Coffee,17,9.5
2024-03-28,Centre,Filter coffee,Coffee,36,7.0
2024-03-28,Centre,Green tea,Tea,17,3.6
2024-03-28,Centre,Earl Grey,Tea,16,4.0
2024-03-28,Centre,Flapjack,Snacks,37,2.2
2024-03-28,Centre,Almond croissant,Snacks,32,2.8
2024-03-28,South,Espresso beans,Coffee,11,9.5
2024-03-28,South,Filter coffee,Coffee,11,7.0
2024-03-28,South,Green tea,Tea,5,4.5
2024-03-28,South,Earl Grey,Tea,14,4.0
2024-03-28,South,Flapjack,Snacks,17,2.2
2024-03-28,South,Almond croissant,Snacks,21,2.8
2024-03-29,North,Espresso beans,Coffee,16,9.5
2024-03-29,North,Filter coffee,Coffee,14,7.0
2024-03-29,North,Green tea,Tea,8,4.5
2024-03-29,North,Earl Grey,Tea,14,4.0
2024-03-29,North,Flapjack,Snacks,32,2.2
2024-03-29,North,Almond croissant,Snacks,24,2.8
2024-03-29,Centre,Espresso beans,Coffee,37,7.6
2024-03-29,Centre,Filter coffee,Coffee,35,7.0
2024-03-29,Centre,Green tea,Tea,19,4.5
2024-03-29,Centre,Earl Grey,Tea,25,4.0
2024-03-29,Centre,Flapjack,Snacks,50,2.2
2024-03-29,Centre,Almond croissant,Snacks,26,2.8
2024-03-29,South,Espresso beans,Coffee,12,9.5
2024-03-29,South,Filter coffee,Coffee,14,7.0
2024-03-29,South,Green tea,Tea,7,4.5
2024-03-29,South,Earl Grey,Tea,15,4.0
2024-03-29,South,Flapjack,Snacks,30,2.2
2024-03-29,South,Almond croissant,Snacks,16,2.8
2024-03-30,North,Espresso beans,Coffee,18,9.5
2024-03-30,North,Filter coffee,Coffee,40,7.0
2024-03-30,North,Green tea,Tea,18,3.6
2024-03-30,North,Earl Grey,Tea,18,4.0
2024-03-30,North,Flapjack,Snacks,30,2.2
2024-03-30,North,Almond croissant,Snacks,34,2.8
2024-03-30,Centre,Espresso beans,Coffee,26,9.5
2024-03-30,Centre,Filter coffee,Coffee,33,7.0
2024-03-30,Centre,Green tea,Tea,15,4.5
2024-03-30,Centre,Earl Grey,Tea,18,4.0
2024-03-30,Centre,Flapjack,Snacks,44,2.2
2024-03-30,Centre,Almond croissant,Snacks,42,2.8
2024-03-30,South,Espresso beans,Coffee,18,9.5
2024-03-30,South,Filter coffee,Coffee,17,7.0
2024-03-30,South,Green tea,Tea,8,4.5
2024-03-30,South,Earl Grey,Tea,9,4.0
2024-03-30,South,Flapjack,Snacks,29,2.2
2024-03-30,South,Almond croissant,Snacks,19,2.8
2024-03-31,North,Espresso beans,Coffee,12,9.5
2024-03-31,North,Filter coffee,Coffee,31,7.0
2024-03-31,North,Green tea,Tea,18,4.5
2024-03-31,North,Earl Grey,Tea,9,4.0
2024-03-31,North,Flapjack,Snacks,18,2.2
2024-03-31,North,Almond croissant,Snacks,34,2.8
2024-03-31,Centre,Espresso beans,Coffee,21,9.5
2024-03-31,Centre,Filter coffee,Coffee,33,7.0
2024-03-31,Centre,Green tea,Tea,18,4.5
2024-03-31,Centre,Earl Grey,Tea,20,4.0
2024-03-31,Centre,Flapjack,Snacks,31,2.2
2024-03-31,Centre,Almond croissant,Snacks,31,2.8
2024-03-31,South,Espresso beans,Coffee,16,9.5
2024-03-31,South,Filter coffee,Coffee,7,7.0
2024-03-31,South,Green tea,Tea,11,4.5
2024-03-31,South,Earl Grey,Tea,16,4.0
2024-03-31,South,Flapjack,Snacks,36,1.76
2024-03-31,South,Almond croissant,Snacks,21,2.8
2024-04-01,North,Espresso beans,Coffee,11,9.5
2024-04-01,North,Filter coffee,Coffee,17,7.0
2024-04-01,North,Green tea,Tea,2,4.5
2024-04-01,North,Earl Grey,Tea,12,4.0
2024-04-01,North,Flapjack,Snacks,26,2.2
2024-04-01,North,Almond croissant,Snacks,10,2.8
2024-04-01,Centre,Espresso beans,Coffee,16,9.5
2024-04-01,Centre,Filter coffee,Coffee,24,7.0
2024-04-01,Centre,Green tea,Tea,10,4.5
2024-04-01,Centre,Earl Grey,Tea,20,4.0
2024-04-01,Centre,Flapjack,Snacks,31,2.2
2024-04-01,Centre,Almond croissant,Snacks,32,2.8
2024-04-01,South,Espresso beans,Coffee,8,9.5
2024-04-01,South,Filter coffee,Coffee,15,7.0
2024-04-01,South,Green tea,Tea,12,4.5
2024-04-01,South,Earl Grey,Tea,7,4.0
2024-04-01,South,Flapjack,Snacks,15,2.2
2024-04-01,South,Almond croissant,Snacks,9,2.8
2024-04-02,North,Espresso beans,Coffee,12,9.5
2024-04-02,North,Filter coffee,Coffee,21,7.0
2024-04-02,North,Green tea,Tea,6,4.5
2024-04-02,North,Earl Grey,Tea,12,4.0
2024-04-02,North,Flapjack,Snacks,31,2.2
2024-04-02,North,Almond croissant,Snacks,23,2.8
2024-04-02,Centre,Espresso beans,Coffee,33,7.6
2024-04-02,Centre,Filter coffee,Coffee,17,7.0
2024-04-02,Centre,Green tea,Tea,13,4.5
2024-04-02,Centre,Earl Grey,Tea,17,4.0
2024-04-02,Centre,Flapjack,Snacks,27,2.2
2024-04-02,Centre,Almond croissant,Snacks,27,2.8
2024-04-02,South,Espresso beans,Coffee,6,9.5
2024-04-02,South,Filter coffee,Coffee,22,5.6
2024-04-02,South,Green tea,Tea,8,4.5
2024-04-02,South,Earl Grey,Tea,4,4.0
2024-04-02,South,Flapjack,Snacks,25,1.76
2024-04-02,South,Almond croissant,Snacks,16,2.8
2024-04-03,North,Espresso beans,Coffee,14,9.5
2024-04-03,North,Filter coffee,Coffee,16,7.0
2024-04-03,North,Green tea,Tea,10,4.5
2024-04-03,North,Earl Grey,Tea,9,4.0
2024-04-03,North,Flapjack,Snacks,20,2.2
2024-04-03,North,Almond croissant,Snacks,27,2.8
2024-04-03,Centre,Espresso beans,Coffee,21,9.5
2024-04-03,Centre,Filter coffee,Coffee,26,7.0
2024-04-03,Centre,Green tea,Tea,13,4.5
2024-04-03,Centre,Earl Grey,Tea,19,4.0
2024-04-03,Centre,Flapjack,Snacks,29,2.2
2024-04-03,Centre,Almond croissant,Snacks,33,2.8
2024-04-03,South,Espresso beans,Coffee,8,9.5
2024-04-03,South,Filter coffee,Coffee,14,7.0
2024-04-03,South,Green tea,Tea,6,4.5
2024-04-03,South,Earl Grey,Tea,6,4.0
2024-04-03,South,Flapjack,Snacks,17,2.2
2024-04-03,South,Almond croissant,Snacks,12,2.8
2024-04-04,North,Espresso beans,Coffee,16,9.5
2024-04-04,North,Filter coffee,Coffee,23,7.0
2024-04-04,North,Green tea,Tea,6,4.5
2024-04-04,North,Earl Grey,Tea,12,4.0
2024-04-04,North,Flapjack,Snacks,27,2.2
2024-04-04,North,Almond croissant,Snacks,14,2.8
2024-04-04,Centre,Espresso beans,Coffee,19,9.5
2024-04-04,Centre,Filter coffee,Coffee,34,7.0
2024-04-04,Centre,Green tea,Tea,15,4.5
2024-04-04,Centre,Earl Grey,Tea,19,4.0
2024-04-04,Centre,Flapjack,Snacks,35,2.2
2024-04-04,Centre,Almond croissant,Snacks,23,2.8
2024-04-04,South,Espresso beans,Coffee,9,9.5
2024-04-04,South,Filter coffee,Coffee,12,7.0
2024-04-04,South,Green tea,Tea,8,4.5
2024-04-04,South,Earl Grey,Tea,6,4.0
2024-04-04,South,Flapjack,Snacks,27,2.2
2024-04-04,South,Almond croissant,Snacks,14,2.8
2024-04-05,North,Espresso beans,Coffee,28,7.6
2024-04-05,North,Filter coffee,Coffee,28,5.6
2024-04-05,North,Green tea,Tea,8,4.5
2024-04-05,North,Earl Grey,Tea,8,4.0
2024-04-05,North,Flapjack,Snacks,19,2.2
2024-04-05,North,Almond croissant,Snacks,20,2.8
2024-04-05,Centre,Espresso beans,Coffee,25,9.5
2024-04-05,Centre,Filter coffee,Coffee,25,7.0
2024-04-05,Centre,Green tea,Tea,16,4.5
2024-04-05,Centre,Earl Grey,Tea,18,4.0
2024-04-05,Centre,Flapjack,Snacks,42,2.2
2024-04-05,Centre,Almond croissant,Snacks,37,2.8
2024-04-05,South,Espresso beans,Coffee,13,9.5
2024-04-05,South,Filter coffee,Coffee,14,7.0
2024-04-05,South,Green tea,Tea,10,3.6
2024-04-05,South,Earl Grey,Tea,14,4.0
2024-04-05,South,Flapjack,Snacks,25,2.2
2024-04-05,South,Almond croissant,Snacks,24,2.8
2024-04-06,North,Espresso beans,Coffee,17,9.5
2024-04-06,North,Filter coffee,Coffee,17,7.0
2024-04-06,North,Green tea,Tea,9,4.5
2024-04-06,North,Earl Grey,Tea,12,4.0
2024-04-06,North,Flapjack,Snacks,39,2.2
2024-04-06,North,Almond croissant,Snacks,37,2.8
2024-04-06,Centre,Espresso beans,Coffee,20,9.5
2024-04-06,Centre,Filter coffee,Coffee,40,7.0
2024-04-06,Centre,Green tea,Tea,15,4.5
2024-04-06,Centre,Earl Grey,Tea,21,4.0
2024-04-06,Centre,Flapjack,Snacks,46,2.2
2024-04-06,Centre,Almond croissant,Snacks,48,2.8
2024-04-06,South,Espresso beans,Coffee,14,9.5
2024-04-06,South,Filter coffee,Coffee,19,7.0
2024-04-06,South,Green tea,Tea,14,4.5
2024-04-06,South,Earl Grey,Tea,18,4.0
2024-04-06,South,Flapjack,Snacks,30,2.2
2024-04-06,South,Almond croissant,Snacks,31,2.8
2024-04-07,North,Espresso beans,Coffee,23,9.5
2024-04-07,North,Filter coffee,Coffee,17,7.0
2024-04-07,North,Green tea,Tea,8,4.5
2024-04-07,North,Earl Grey,Tea,15,4.0
2024-04-07,North,Flapjack,Snacks,28,2.2
2024-04-07,North,Almond croissant,Snacks,27,2.8
2024-04-07,Centre,Espresso beans,Coffee,18,9.5
2024-04-07,Centre,Filter coffee,Coffee,27,7.0
2024-04-07,Centre,Green tea,Tea,14,4.5
2024-04-07,Centre,Earl Grey,Tea,11,4.0
2024-04-07,Centre,Flapjack,Snacks,27,2.2
2024-04-07,Centre,Almond croissant,Snacks,28,2.8
2024-04-07,South,Espresso beans,Coffee,13,9.5
2024-04-07,South,Filter coffee,Coffee,18,7.0
2024-04-07,South,Green tea,Tea,12,3.6
2024-04-07,South,Earl Grey,Tea,15,4.0
2024-04-07,South,Flapjack,Snacks,22,2.2
2024-04-07,South,Almond croissant,Snacks,26,2.8
2024-04-08,North,Espresso beans,Coffee,12,9.5
2024-04-08,North,Filter coffee,Coffee,20,7.0
2024-04-08,North,Green tea,Tea,5,4.5
2024-04-08,North,Earl Grey,Tea,9,4.0
2024-04-08,North,Flapjack,Snacks,26,2.2
2024-04-08,North,Almond croissant,Snacks,25,2.24
2024-04-08,Centre,Espresso beans,Coffee,20,9.5
2024-04-08,Centre,Filter coffee,Coffee,21,7.0
2024-04-08,Centre,Green tea,Tea,8,4.5
2024-04-08,Centre,Earl Grey,Tea,22,4.0
2024-04-08,Centre,Flapjack,Snacks,22,2.2
2024-04-08,Centre,Almond croissant,Snacks,28,2.8
2024-04-08,South,Espresso beans,Coffee,7,9.5
2024-04-08,South,Filter coffee,Coffee,14,7.0
2024-04-08,South,Green tea,Tea,2,4.5
2024-04-08,South,Earl Grey,Tea,9,4.0
2024-04-08,South,Flapjack,Snacks,21,2.2
2024-04-08,South,Almond croissant,Snacks,17,2.8
2024-04-09,North,Espresso beans,Coffee,10,9.5
2024-04-09,North,Filter coffee,Coffee,15,7.0
2024-04-09,North,Green tea,Tea,9,4.5
2024-04-09,North,Earl Grey,Tea,5,4.0
2024-04-09,North,Flapjack,Snacks,30,2.2
2024-04-09,North,Almond croissant,Snacks,16,2.8
2024-04-09,Centre,Espresso beans,Coffee,24,9.5
2024-04-09,Centre,Filter coffee,Coffee,35,5.6
2024-04-09,Centre,Green tea,Tea,8,4.5
2024-04-09,Centre,Earl Grey,Tea,17,4.0
2024-04-09,Centre,Flapjack,Snacks,40,2.2
2024-04-09,Centre,Almond croissant,Snacks,17,2.8
2024-04-09,South,Espresso beans,Coffee,9,9.5
2024-04-09,South,Filter coffee,Coffee,17,7.0
2024-04-09,South,Green tea,Tea,5,4.5
2024-04-09,South,Earl Grey,Tea,5,4.0
2024-04-09,South,Flapjack,Snacks,26,2.2
2024-04-09,South,Almond croissant,Snacks,15,2.8
2024-04-10,North,Espresso beans,Coffee,17,9.5
2024-04-10,North,Filter coffee,Coffee,10,7.0
2024-04-10,North,Green tea,Tea,11,4.5
2024-04-10,North,Earl Grey,Tea,14,3.2
2024-04-10,North,Flapjack,Snacks,43,1.76
2024-04-10,North,Almond croissant,Snacks,29,2.8
2024-04-10,Centre,Espresso beans,Coffee,21,9.5
2024-04-10,Centre,Filter coffee,Coffee,29,7.0
2024-04-10,Centre,Green tea,Tea,15,4.5
2024-04-10,Centre,Earl Grey,Tea,11,4.0
2024-04-10,Centre,Flapjack,Snacks,32,2.2
2024-04-10,Centre,Almond croissant,Snacks,37,2.8
2024-04-10,South,Espresso beans,Coffee,14,9.5
2024-04-10,South,Filter coffee,Coffee,11,7.0
2024-04-10,South,Green tea,Tea,7,4.5
2024-04-10,South,Earl Grey,Tea,12,4.0
2024-04-10,South,Flapjack,Snacks,22,2.2
2024-04-10,South,Almond croissant,Snacks,14,2.8
2024-04-11,North,Espresso beans,Coffee,18,9.5
2024-04-11,North,Filter coffee,Coffee,23,7.0
2024-04-11,North,Green tea,Tea,14,4.5
2024-04-11,North,Earl Grey,Tea,9,4.0
2024-04-11,North,Flapjack,Snacks,23,2.2
2024-04-11,North,Almond croissant,Snacks,24,2.8
2024-04-11,Centre,Espresso beans,Coffee,20,9.5
2024-04-11,Centre,Filter coffee,Coffee,27,7.0
2024-04-11,Centre,Green tea,Tea,9,4.5
2024-04-11,Centre,Earl Grey,Tea,30,3.2
2024-04-11,Centre,Flapjack,Snacks,44,2.2
2024-04-11,Centre,Almond croissant,Snacks,33,2.8
2024-04-11,South,Espresso beans,Coffee,16,9.5
2024-04-11,South,Filter coffee,Coffee,14,7.0
2024-04-11,South,Green tea,Tea,4,4.5
2024-04-11,South,Earl Grey,Tea,13,4.0
2024-04-11,South,Flapjack,Snacks,22,1.76
2024-04-11,South,Almond croissant,Snacks,25,2.8
2024-04-12,North,Espresso beans,Coffee,17,9.5
2024-04-12,North,Filter coffee,Coffee,23,7.0
2024-04-12,North,Green tea,Tea,15,3.6
2024-04-12,North,Earl Grey,Tea,11,4.0
2024-04-12,North,Flapjack,Snacks,19,2.2
2024-04-12,North,Almond croissant,Snacks,21,2.8
2024-04-12,Centre,Espresso beans,Coffee,29,9.5
2024-04-12,Centre,Filter coffee,Coffee,26,7.0
2024-04-12,Centre,Green tea,Tea,32,3.6
2024-04-12,Centre,Earl Grey,Tea,21,4.0
2024-04-12,Centre,Flapjack,Snacks,49,2.2
2024-04-12,Centre,Almond croissant,Snacks,35,2.8
2024-04-12,South,Espresso beans,Coffee,13,9.5
2024-04-12,South,Filter coffee,Coffee,24,7.0
2024-04-12,South,Green tea,Tea,7,4.5
2024-04-12,South,Earl Grey,Tea,20,3.2
2024-04-12,South,Flapjack,Snacks,28,2.2
2024-04-12,South,Almond croissant,Snacks,16,2.8
2024-04-13,North,Espresso beans,Coffee,21,9.5
2024-04-13,North,Filter coffee,Coffee,19,7.0
2024-04-13,North,Green tea,Tea,13,4.5
2024-04-13,North,Earl Grey,Tea,13,4.0
2024-04-13,North,Flapjack,Snacks,32,2.2
2024-04-13,North,Almond croissant,Snacks,22,2.8
2024-04-13,Centre,Espresso beans,Coffee,20,9.5
2024-04-13,Centre,Filter coffee,Coffee,47,7.0
2024-04-13,Centre,Green tea,Tea,16,4.5
2024-04-13,Centre,Earl Grey,Tea,18,4.0
2024-04-13,Centre,Flapjack,Snacks,50,2.2
2024-04-13,Centre,Almond croissant,Snacks,43,2.8
2024-04-13,South,Espresso beans,Coffee,13,9.5
2024-04-13,South,Filter coffee,Coffee,16,7.0
2024-04-13,South,Green tea,Tea,12,4.5
2024-04-13,South,Earl Grey,Tea,12,4.0
2024-04-13,South,Flapjack,Snacks,28,2.2
2024-04-13,South,Almond croissant,Snacks,26,2.8
2024-04-14,North,Espresso beans,Coffee,12,9.5
2024-04-14,North,Filter coffee,Coffee,30,7.0
2024-04-14,North,Green tea,Tea,12,4.5
2024-04-14,North,Earl Grey,Tea,17,4.0
2024-04-14,North,Flapjack,Snacks,31,2.2
2024-04-14,North,Almond croissant,Snacks,23,2.8
2024-04-14,Centre,Espresso beans,Coffee,20,9.5
2024-04-14,Centre,Filter coffee,Coffee,24,7.0
2024-04-14,Centre,Green tea,Tea,12,4.5
2024-04-14,Centre,Earl Grey,Tea,14,4.0
2024-04-14,Centre,Flapjack,Snacks,27,2.2
2024-04-14,Centre,Almond croissant,Snacks,35,2.8
2024-04-14,South,Espresso beans,Coffee,19,9.5
2024-04-14,South,Filter coffee,Coffee,11,7.0
2024-04-14,South,Green tea,Tea,4,4.5
2024-04-14,South,Earl Grey,Tea,9,3.2
2024-04-14,South,Flapjack,Snacks,21,2.2
2024-04-14,South,Almond croissant,Snacks,22,2.8
2024-04-15,North,Espresso beans,Coffee,14,9.5
2024-04-15,North,Filter coffee,Coffee,14,7.0
2024-04-15,North,Green tea,Tea,20,3.6
2024-04-15,North,Earl Grey,Tea,12,4.0
2024-04-15,North,Flapjack,Snacks,28,2.2
2024-04-15,North,Almond croissant,Snacks,14,2.8
2024-04-15,Centre,Espresso beans,Coffee,14,9.5
2024-04-15,Centre,Filter coffee,Coffee,18,7.0
2024-04-15,Centre,Green tea,Tea,9,4.5
2024-04-15,Centre,Earl Grey,Tea,12,4.0
2024-04-15,Centre,Flapjack,Snacks,33,2.2
2024-04-15,Centre,Almond croissant,Snacks,25,2.8
2024-04-15,South,Espresso beans,Coffee,9,9.5
2024-04-15,South,Filter coffee,Coffee,18,7.0
2024-04-15,South,Green tea,Tea,6,4.5
2024-04-15,South,Earl Grey,Tea,10,4.0
2024-04-15,South,Flapjack,Snacks,19,2.2
2024-04-15,South,Almond croissant,Snacks,13,2.8
2024-04-16,North,Espresso beans,Coffee,20,9.5
2024-04-16,North,Filter coffee,Coffee,12,7.0
2024-04-16,North,Green tea,Tea,11,4.5
2024-04-16,North,Earl Grey,Tea,6,4.0
2024-04-16,North,Flapjack,Snacks,21,2.2
2024-04-16,North,Almond croissant,Snacks,24,2.8
2024-04-16,Centre,Espresso beans,Coffee,19,9.5
2024-04-16,Centre,Filter coffee,Coffee,21,7.0
2024-04-16,Centre,Green tea,Tea,14,4.5
2024-04-16,Centre,Earl Grey,Tea,10,4.0
2024-04-16,Centre,Flapjack,Snacks,37,2.2
2024-04-16,Centre,Almond croissant,Snacks,31,2.8
2024-04-16,South,Espresso beans,Coffee,13,9.5
2024-04-16,South,Filter coffee,Coffee,14,7.0
2024-04-16,South,Green tea,Tea,7,4.5
2024-04-16,South,Earl Grey,Tea,7,4.0
2024-04-16,South,Flapjack,Snacks,18,2.2
2024-04-16,South,Almond croissant,Snacks,12,2.8
2024-04-17,North,Espresso beans,Coffee,10,9.5
2024-04-17,North,Filter coffee,Coffee,18,7.0
2024-04-17,North,Green tea,Tea,8,4.5
2024-04-17,North,Earl Grey,Tea,10,4.0
2024-04-17,North,Flapjack,Snacks,31,2.2
2024-04-17,North,Almond croissant,Snacks,25,2.8
2024-04-17,Centre,Espresso beans,Coffee,22,9.5
2024-04-17,Centre,Filter coffee,Coffee,18,7.0
2024-04-17,Centre,Green tea,Tea,8,4.5
2024-04-17,Centre,Earl Grey,Tea,18,4.0
2024-04-17,Centre,Flapjack,Snacks,38,2.2
2024-04-17,Centre,Almond croissant,Snacks,23,2.8
2024-04-17,South,Espresso beans,Coffee,11,9.5
2024-04-17,South,Filter coffee,Coffee,11,7.0
2024-04-17,South,Green tea,Tea,5,4.5
2024-04-17,South,Earl Grey,Tea,12,4.0
2024-04-17,South,Flapjack,Snacks,12,2.2
2024-04-17,South,Almond croissant,Snacks,22,2.8
2024-04-18,North,Espresso beans,Coffee,14,9.5
2024-04-18,North,Filter coffee,Coffee,15,7.0
2024-04-18,North,Green tea,Tea,8,4.5
2024-04-18,North,Earl Grey,Tea,12,4.0
2024-04-18,North,Flapjack,Snacks,28,2.2
2024-04-18,North,Almond croissant,Snacks,22,2.8
2024-04-18,Centre,Espresso beans,Coffee,12,9.5
2024-04-18,Centre,Filter coffee,Coffee,30,7.0
2024-04-18,Centre,Green tea,Tea,13,4.5
2024-04-18,Centre,Earl Grey,Tea,14,4.0
2024-04-18,Centre,Flapjack,Snacks,46,2.2
2024-04-18,Centre,Almond croissant,Snacks,20,2.8
2024-04-18,South,Espresso beans,Coffee,9,9.5
2024-04-18,South,Filter coffee,Coffee,18,7.0
2024-04-18,South,Green tea,Tea,8,4.5
2024-04-18,South,Earl Grey,Tea,4,4.0
2024-04-18,South,Flapjack,Snacks,20,2.2
2024-04-18,South,Almond croissant,Snacks,12,2.8
2024-04-19,North,Espresso beans,Coffee,27,9.5
2024-04-19,North,Filter coffee,Coffee,25,7.0
2024-04-19,North,Green tea,Tea,8,4.5
2024-04-19,North,Earl Grey,Tea,9,4.0
2024-04-19,North,Flapjack,Snacks,23,2.2
2024-04-19,North,Almond croissant,Snacks,22,2.8
2024-04-19,Centre,Espresso beans,Coffee,24,9.5
2024-04-19,Centre,Filter coffee,Coffee,28,7.0
2024-04-19,Centre,Green tea,Tea,16,4.5
2024-04-19,Centre,Earl Grey,Tea,20,4.0
2024-04-19,Centre,Flapjack,Snacks,43,2.2
2024-04-19,Centre,Almond croissant,Snacks,33,2.8
2024-04-19,South,Espresso beans,Coffee,17,9.5
2024-04-19,South,Filter coffee,Coffee,17,7.0
2024-04-19,South,Green tea,Tea,6,4.5
2024-04-19,South,Earl Grey,Tea,14,4.0
2024-04-19,South,Flapjack,Snacks,31,2.2
2024-04-19,South,Almond croissant,Snacks,11,2.8
2024-04-20,North,Espresso beans,Coffee,18,9.5
2024-04-20,North,Filter coffee,Coffee,21,7.0
2024-04-20,North,Green tea,Tea,25,4.5
2024-04-20,North,Earl Grey,Tea,11,4.0
2024-04-20,North,Flapjack,Snacks,29,2.2
2024-04-20,North,Almond croissant,Snacks,30,2.8
2024-04-20,Centre,Espresso beans,Coffee,34,9.5
2024-04-20,Centre,Filter coffee,Coffee,27,7.0
2024-04-20,Centre,Green tea,Tea,19,4.5
2024-04-20,Centre,Earl Grey,Tea,21,4.0
2024-04-20,Centre,Flapjack,Snacks,46,2.2
2024-04-20,Centre,Almond croissant,Snacks,62,2.8
2024-04-20,South,Espresso beans,Coffee,20,9.5
2024-04-20,South,Filter coffee,Coffee,20,7.0
2024-04-20,South,Green tea,Tea,12,4.5
2024-04-20,South,Earl Grey,Tea,12,4.0
2024-04-20,South,Flapjack,Snacks,28,2.2
2024-04-20,South,Almond croissant,Snacks,28,2.8
2024-04-21,North,Espresso beans,Coffee,21,9.5
2024-04-21,North,Filter coffee,Coffee,21,7.0
2024-04-21,North,Green tea,Tea,8,4.5
2024-04-21,North,Earl Grey,Tea,11,4.0
2024-04-21,North,Flapjack,Snacks,23,2.2
2024-04-21,North,Almond croissant,Snacks,51,2.24
2024-04-21,Centre,Espresso beans,Coffee,23,9.5
2024-04-21,Centre,Filter coffee,Coffee,15,7.0
2024-04-21,Centre,Green tea,Tea,16,4.5
2024-04-21,Centre,Earl Grey,Tea,20,4.0
2024-04-21,Centre,Flapjack,Snacks,31,2.2
2024-04-21,Centre,Almond croissant,Snacks,30,2.8
2024-04-21,South,Espresso beans,Coffee,16,9.5
2024-04-21,South,Filter coffee,Coffee,15,7.0
2024-04-21,South,Green tea,Tea,11,4.5
2024-04-21,South,Earl Grey,Tea,9,4.0
2024-04-21,South,Flapjack,Snacks,27,2.2
2024-04-21,South,Almond croissant,Snacks,23,2.8
2024-04-22,North,Espresso beans,Coffee,10,9.5
2024-04-22,North,Filter coffee,Coffee,13,7.0
2024-04-22,North,Green tea,Tea,4,4.5
2024-04-22,North,Earl Grey,Tea,9,4.0
2024-04-22,North,Flapjack,Snacks,19,2.2
2024-04-22,North,Almond croissant,Snacks,19,2.8
2024-04-22,Centre,Espresso beans,Coffee,17,9.5
2024-04-22,Centre,Filter coffee,Coffee,21,7.0
2024-04-22,Centre,Green tea,Tea,11,4.5
2024-04-22,Centre,Earl Grey,Tea,20,4.0
2024-04-22,Centre,Flapjack,Snacks,24,2.2
2024-04-22,Centre,Almond croissant,Snacks,30,2.8
2024-04-22,South,Espresso beans,Coffee,8,9.5
2024-04-22,South,Filter coffee,Coffee,10,7.0
2024-04-22,South,Green tea,Tea,8,4.5
2024-04-22,South,Earl Grey,Tea,10,4.0
2024-04-22,South,Flapjack,Snacks,19,2.2
2024-04-22,South,Almond croissant,Snacks,15,2.8
2024-04-23,North,Espresso beans,Coffee,9,9.5
2024-04-23,North,Filter coffee,Coffee,16,7.0
2024-04-23,North,Green tea,Tea,13,4.5
2024-04-23,North,Earl Grey,Tea,6,4.0
2024-04-23,North,Flapjack,Snacks,30,2.2
2024-04-23,North,Almond croissant,Snacks,12,2.8
2024-04-23,Centre,Espresso beans,Coffee,16,9.5
2024-04-23,Centre,Filter coffee,Coffee,13,7.0
2024-04-23,Centre,Green tea,Tea,10,4.5
2024-04-23,Centre,Earl Grey,Tea,12,4.0
2024-04-23,Centre,Flapjack,Snacks,40,2.2
2024-04-23,Centre,Almond croissant,Snacks,30,2.8
2024-04-23,South,Espresso beans,Coffee,12,9.5
2024-04-23,South,Filter coffee,Coffee,15,7.0
2024-04-23,South,Green tea,Tea,10,4.5
2024-04-23,South,Earl Grey,Tea,9,4.0
2024-04-23,South,Flapjack,Snacks,26,2.2
2024-04-23,South,Almond croissant,Snacks,23,2.24
2024-04-24,North,Espresso beans,Coffee,17,9.5
2024-04-24,North,Filter coffee,Coffee,9,7.0
2024-04-24,North,Green tea,Tea,5,4.5
2024-04-24,North,Earl Grey,Tea,9,4.0
2024-04-24,North,Flapjack,Snacks,15,2.2
2024-04-24,North,Almond croissant,Snacks,19,2.8
2024-04-24,Centre,Espresso beans,Coffee,23,9.5
2024-04-24,Centre,Filter coffee,Coffee,44,5.6
2024-04-24,Centre,Green tea,Tea,14,4.5
2024-04-24,Centre,Earl Grey,Tea,22,4.0
2024-04-24,Centre,Flapjack,Snacks,39,2.2
2024-04-24,Centre,Almond croissant,Snacks,30,2.8
2024-04-24,South,Espresso beans,Coffee,16,9.5
2024-04-24,South,Filter coffee,Coffee,24,5.6
2024-04-24,South,Green tea,Tea,11,4.5
2024-04-24,South,Earl Grey,Tea,9,4.0
2024-04-24,South,Flapjack,Snacks,22,2.2
2024-04-24,South,Almond croissant,Snacks,16,2.8
2024-04-25,North,Espresso beans,Coffee,13,9.5
2024-04-25,North,Filter coffee,Coffee,20,7.0
2024-04-25,North,Green tea,Tea,7,4.5
2024-04-25,North,Earl Grey,Tea,11,4.0
2024-04-25,North,Flapjack,Snacks,24,2.2
2024-04-25,North,Almond croissant,Snacks,23,2.8
2024-04-25,Centre,Espresso beans,Coffee,23,9.5
2024-04-25,Centre,Filter coffee,Coffee,26,7.0
2024-04-25,Centre,Green tea,Tea,12,4.5
2024-04-25,Centre,Earl Grey,Tea,12,4.0
2024-04-25,Centre,Flapjack,Snacks,29,2.2
2024-04-25,Centre,Almond croissant,Snacks,25,2.8
2024-04-25,South,Espresso beans,Coffee,9,9.5
2024-04-25,South,Filter coffee,Coffee,24,5.6
2024-04-25,South,Green tea,Tea,7,4.5
2024-04-25,South,Earl Grey,Tea,10,4.0
2024-04-25,South,Flapjack,Snacks,16,2.2
2024-04-25,South,Almond croissant,Snacks,22,2.8
2024-04-26,North,Espresso beans,Coffee,26,7.6
2024-04-26,North,Filter coffee,Coffee,18,7.0
2024-04-26,North,Green tea,Tea,7,4.5
2024-04-26,North,Earl Grey,Tea,12,4.0
2024-04-26,North,Flapjack,Snacks,20,2.2
2024-04-26,North,Almond croissant,Snacks,21,2.8
2024-04-26,Centre,Espresso beans,Coffee,24,9.5
2024-04-26,Centre,Filter coffee,Coffee,33,7.0
2024-04-26,Centre,Green tea,Tea,9,4.5
2024-04-26,Centre,Earl Grey,Tea,12,4.0
2024-04-26,Centre,Flapjack,Snacks,50,2.2
2024-04-26,Centre,Almond croissant,Snacks,53,2.24
2024-04-26,South,Espresso beans,Coffee,11,9.5
2024-04-26,South,Filter coffee,Coffee,16,7.0
2024-04-26,South,Green tea,Tea,4,4.5
2024-04-26,South,Earl Grey,Tea,14,3.2
2024-04-26,South,Flapjack,Snacks,34,2.2
2024-04-26,South,Almond croissant,Snacks,21,2.8
2024-04-27,North,Espresso beans,Coffee,26,7.6
2024-04-27,North,Filter coffee,Coffee,24,7.0
2024-04-27,North,Green tea,Tea,9,4.5
2024-04-27,North,Earl Grey,Tea,7,4.0
2024-04-27,North,Flapjack,Snacks,29,2.2
2024-04-27,North,Almond croissant,Snacks,29,2.8
2024-04-27,Centre,Espresso beans,Coffee,26,9.5
2024-04-27,Centre,Filter coffee,Coffee,34,7.0
2024-04-27,Centre,Green tea,Tea,17,4.5
2024-04-27,Centre,Earl Grey,Tea,19,4.0
2024-04-27,Centre,Flapjack,Snacks,48,2.2
2024-04-27,Centre,Almond croissant,Snacks,44,2.8
2024-04-27,South,Espresso beans,Coffee,16,9.5
2024-04-27,South,Filter coffee,Coffee,32,7.0
2024-04-27,South,Green tea,Tea,10,4.5
2024-04-27,South,Earl Grey,Tea,6,4.0
2024-04-27,South,Flapjack,Snacks,20,2.2
2024-04-27,South,Almond croissant,Snacks,16,2.8
2024-04-28,North,Espresso beans,Coffee,24,9.5
2024-04-28,North,Filter coffee,Coffee,11,7.0
2024-04-28,North,Green tea,Tea,14,4.5
2024-04-28,North,Earl Grey,Tea,12,4.0
2024-04-28,North,Flapjack,Snacks,27,2.2
2024-04-28,North,Almond croissant,Snacks,29,2.24
2024-04-28,Centre,Espresso beans,Coffee,17,9.5
2024-04-28,Centre,Filter coffee,Coffee,28,7.0
2024-04-28,Centre,Green tea,Tea,10,4.5
2024-04-28,Centre,Earl Grey,Tea,14,4.0
2024-04-28,Centre,Flapjack,Snacks,43,2.2
2024-04-28,Centre,Almond croissant,Snacks,29,2.8
2024-04-28,South,Espresso beans,Coffee,14,9.5
2024-04-28,South,Filter coffee,Coffee,14,7.0
2024-04-28,South,Green tea,Tea,13,3.6
2024-04-28,South,Earl Grey,Tea,5,4.0
2024-04-28,South,Flapjack,Snacks,17,2.2
2024-04-28,South,Almond croissant,Snacks,22,2.8
2024-04-29,North,Espresso beans,Coffee,20,7.6
2024-04-29,North,Filter coffee,Coffee,25,7.0
2024-04-29,North,Green tea,Tea,5,4.5
2024-04-29,North,Earl Grey,Tea,4,4.0
2024-04-29,North,Flapjack,Snacks,20,2.2
2024-04-29,North,Almond croissant,Snacks,22,2.8
2024-04-29,Centre,Espresso beans,Coffee,14,9.5
2024-04-29,Centre,Filter coffee,Coffee,22,7.0
2024-04-29,Centre,Green tea,Tea,15,4.5
2024-04-29,Centre,Earl Grey,Tea,8,4.0
2024-04-29,Centre,Flapjack,Snacks,59,1.76
2024-04-29,Centre,Almond croissant,Snacks,23,2.8
2024-04-29,South,Espresso beans,Coffee,7,9.5
2024-04-29,South,Filter coffee,Coffee,12,7.0
2024-04-29,South,Green tea,Tea,7,4.5
2024-04-29,South,Earl Grey,Tea,8,4.0
2024-04-29,South,Flapjack,Snacks,17,2.2
2024-04-29,South,Almond croissant,Snacks,15,2.8
2024-04-30,North,Espresso beans,Coffee,15,9.5
2024-04-30,North,Filter coffee,Coffee,18,7.0
2024-04-30,North,Green tea,Tea,8,4.5
2024-04-30,North,Earl Grey,Tea,8,4.0
2024-04-30,North,Flapjack,Snacks,21,2.2
2024-04-30,North,Almond croissant,Snacks,13,2.8
2024-04-30,Centre,Espresso beans,Coffee,23,9.5
2024-04-30,Centre,Filter coffee,Coffee,18,7.0
2024-04-30,Centre,Green tea,Tea,11,4.5
2024-04-30,Centre,Earl Grey,Tea,11,4.0
2024-04-30,Centre,Flapjack,Snacks,27,2.2
2024-04-30,Centre,Almond croissant,Snacks,25,2.8
2024-04-30,South,Espresso beans,Coffee,7,9.5
2024-04-30,South,Filter coffee,Coffee,21,7.0
2024-04-30,South,Green tea,Tea,8,4.5
2024-04-30,South,Earl Grey,Tea,8,4.0
2024-04-30,South,Flapjack,Snacks,15,2.2
2024-04-30,South,Almond croissant,Snacks,10,2.8
2024-05-01,North,Espresso beans,Coffee,13,9.5
2024-05-01,North,Filter coffee,Coffee,10,7.0
2024-05-01,North,Green tea,Tea,8,4.5
2024-05-01,North,Earl Grey,Tea,8,4.0
2024-05-01,North,Flapjack,Snacks,28,2.2
2024-05-01,North,Almond croissant,Snacks,20,2.8
2024-05-01,Centre,Espresso beans,Coffee,19,9.5
2024-05-01,Centre,Filter coffee,Coffee,27,7.0
2024-05-01,Centre,Green tea,Tea,14,4.5
2024-05-01,Centre,Earl Grey,Tea,14,4.0
2024-05-01,Centre,Flapjack,Snacks,36,2.2
2024-05-01,Centre,Almond croissant,Snacks,39,2.24
2024-05-01,South,Espresso beans,Coffee,11,9.5
2024-05-01,South,Filter coffee,Coffee,12,7.0
2024-05-01,South,Green tea,Tea,5,4.5
2024-05-01,South,Earl Grey,Tea,8,4.0
2024-05-01,South,Flapjack,Snacks,20,2.2
2024-05-01,South,Almond croissant,Snacks,14,2.8
2024-05-02,North,Espresso beans,Coffee,15,9.5
2024-05-02,North,Filter coffee,Coffee,12,7.0
2024-05-02,North,Green tea,Tea,6,4.5
2024-05-02,North,Earl Grey,Tea,5,4.0
2024-05-02,North,Flapjack,Snacks,26,2.2
2024-05-02,North,Almond croissant,Snacks,17,2.8
2024-05-02,Centre,Espresso beans,Coffee,34,7.6
2024-05-02,Centre,Filter coffee,Coffee,22,7.0
2024-05-02,Centre,Green tea,Tea,13,4.5
2024-05-02,Centre,Earl Grey,Tea,10,4.0
2024-05-02,Centre,Flapjack,Snacks,52,2.2
2024-05-02,Centre,Almond croissant,Snacks,21,2.8
2024-05-02,South,Espresso beans,Coffee,10,9.5
2024-05-02,South,Filter coffee,Coffee,17,7.0
2024-05-02,South,Green tea,Tea,13,4.5
2024-05-02,South,Earl Grey,Tea,12,4.0
2024-05-02,South,Flapjack,Snacks,26,2.2
2024-05-02,South,Almond croissant,Snacks,21,2.8
2024-05-03,North,Espresso beans,Coffee,11,9.5
2024-05-03,North,Filter coffee,Coffee,18,7.0
2024-05-03,North,Green tea,Tea,6,4.5
2024-05-03,North,Earl Grey,Tea,10,4.0
2024-05-03,North,Flapjack,Snacks,19,2.2
2024-05-03,North,Almond croissant,Snacks,19,2.8
2024-05-03,Centre,Espresso beans,Coffee,30,7.6
2024-05-03,Centre,Filter coffee,Coffee,25,7.0
2024-05-03,Centre,Green tea,Tea,16,4.5
2024-05-03,Centre,Earl Grey,Tea,22,4.0
2024-05-03,Centre,Flapjack,Snacks,42,2.2
2024-05-03,Centre,Almond croissant,Snacks,47,2.8
2024-05-03,South,Espresso beans,Coffee,16,7.6
2024-05-03,South,Filter coffee,Coffee,14,7.0
2024-05-03,South,Green tea,Tea,9,4.5
2024-05-03,South,Earl Grey,Tea,5,4.0
2024-05-03,South,Flapjack,Snacks,19,2.2
2024-05-03,South,Almond croissant,Snacks,17,2.8
2024-05-04,North,Espresso beans,Coffee,17,9.5
2024-05-04,North,Filter coffee,Coffee,21,7.0
2024-05-04,North,Green tea,Tea,8,4.5
2024-05-04,North,Earl Grey,Tea,8,4.0
2024-05-04,North,Flapjack,Snacks,34,2.2
2024-05-04,North,Almond croissant,Snacks,29,2.8
2024-05-04,Centre,Espresso beans,Coffee,21,9.5
2024-05-04,Centre,Filter coffee,Coffee,49,5.6
2024-05-04,Centre,Green tea,Tea,19,4.5
2024-05-04,Centre,Earl Grey,Tea,13,4.0
2024-05-04,Centre,Flapjack,Snacks,44,2.2
2024-05-04,Centre,Almond croissant,Snacks,35,2.8
2024-05-04,South,Espresso beans,Coffee,16,7.6
2024-05-04,South,Filter coffee,Coffee,21,7.0
2024-05-04,South,Green tea,Tea,11,4.5
2024-05-04,South,Earl Grey,Tea,10,4.0
2024-05-04,South,Flapjack,Snacks,33,2.2
2024-05-04,South,Almond croissant,Snacks,23,2.8
2024-05-05,North,Espresso beans,Coffee,27,7.6
2024-05-05,North,Filter coffee,Coffee,24,7.0
2024-05-05,North,Green tea,Tea,13,4.5
2024-05-05,North,Earl Grey,Tea,13,4.0
2024-05-05,North,Flapjack,Snacks,31,2.2
2024-05-05,North,Almond croissant,Snacks,19,2.8
2024-05-05,Centre,Espresso beans,Coffee,18,9.5
2024-05-05,Centre,Filter coffee,Coffee,41,7.0
2024-05-05,Centre,Green tea,Tea,10,4.5
2024-05-05,Centre,Earl Grey,Tea,16,4.0
2024-05-05,Centre,Flapjack,Snacks,30,2.2
2024-05-05,Centre,Almond croissant,Snacks,30,2.8
2024-05-05,South,Espresso beans,Coffee,11,9.5
2024-05-05,South,Filter coffee,Coffee,19,7.0
2024-05-05,South,Green tea,Tea,6,4.5
2024-05-05,South,Earl Grey,Tea,5,4.0
2024-05-05,South,Flapjack,Snacks,23,2.2
2024-05-05,South,Almond croissant,Snacks,15,2.8
2024-05-06,North,Espresso beans,Coffee,16,9.5
2024-05-06,North,Filter coffee,Coffee,10,7.0
2024-05-06,North,Green tea,Tea,10,4.5
2024-05-06,North,Earl Grey,Tea,12,4.0
2024-05-06,North,Flapjack,Snacks,30,2.2
2024-05-06,North,Almond croissant,Snacks,19,2.8
2024-05-06,Centre,Espresso beans,Coffee,19,9.5
2024-05-06,Centre,Filter coffee,Coffee,22,7.0
2024-05-06,Centre,Green tea,Tea,14,3.6
2024-05-06,Centre,Earl Grey,Tea,9,4.0
2024-05-06,Centre,Flapjack,Snacks,29,2.2
2024-05-06,Centre,Almond croissant,Snacks,27,2.8
2024-05-06,South,Espresso beans,Coffee,8,9.5
2024-05-06,South,Filter coffee,Coffee,12,7.0
2024-05-06,South,Green tea,Tea,8,4.5
2024-05-06,South,Earl Grey,Tea,4,4.0
2024-05-06,South,Flapjack,Snacks,30,1.76
2024-05-06,South,Almond croissant,Snacks,13,2.8
2024-05-07,North,Espresso beans,Coffee,7,9.5
2024-05-07,North,Filter coffee,Coffee,9,7.0
2024-05-07,North,Green tea,Tea,7,4.5
2024-05-07,North,Earl Grey,Tea,4,4.0
2024-05-07,North,Flapjack,Snacks,14,2.2
2024-05-07,North,Almond croissant,Snacks,20,2.8
2024-05-07,Centre,Espresso beans,Coffee,23,9.5
2024-05-07,Centre,Filter coffee,Coffee,20,7.0
2024-05-07,Centre,Green tea,Tea,6,4.5
2024-05-07,Centre,Earl Grey,Tea,11,4.0
2024-05-07,Centre,Flapjack,Snacks,39,2.2
2024-05-07,Centre,Almond croissant,Snacks,20,2.8
2024-05-07,South,Espresso beans,Coffee,8,9.5
2024-05-07,South,Filter coffee,Coffee,18,5.6
2024-05-07,South,Green tea,Tea,6,4.5
2024-05-07,South,Earl Grey,Tea,8,4.0
2024-05-07,South,Flapjack,Snacks,20,2.2
2024-05-07,South,Almond croissant,Snacks,24,2.8
2024-05-08,North,Espresso beans,Coffee,25,7.6
2024-05-08,North,Filter coffee,Coffee,19,7.0
2024-05-08,North,Green tea,Tea,5,4.5
2024-05-08,North,Earl Grey,Tea,10,4.0
2024-05-08,North,Flapjack,Snacks,18,2.2
2024-05-08,North,Almond croissant,Snacks,18,2.8
2024-05-08,Centre,Espresso beans,Coffee,23,9.5
2024-05-08,Centre,Filter coffee,Coffee,31,7.0
2024-05-08,Centre,Green tea,Tea,6,4.5
2024-05-08,Centre,Earl Grey,Tea,12,4.0
2024-05-08,Centre,Flapjack,Snacks,47,1.76
2024-05-08,Centre,Almond croissant,Snacks,30,2.8
2024-05-08,South,Espresso beans,Coffee,12,9.5
2024-05-08,South,Filter coffee,Coffee,15,7.0
2024-05-08,South,Green tea,Tea,5,4.5
2024-05-08,South,Earl Grey,Tea,6,4.0
2024-05-08,South,Flapjack,Snacks,13,2.2
2024-05-08,South,Almond croissant,Snacks,20,2.8
2024-05-09,North,Espresso beans,Coffee,14,9.5
2024-05-09,North,Filter coffee,Coffee,22,5.6
2024-05-09,North,Green tea,Tea,7,4.5
2024-05-09,North,Earl Grey,Tea,6,4.0
2024-05-09,North,Flapjack,Snacks,26,2.2
2024-05-09,North,Almond croissant,Snacks,27,2.8
2024-05-09,Centre,Espresso beans,Coffee,38,7.6
2024-05-09,Centre,Filter coffee,Coffee,17,7.0
2024-05-09,Centre,Green tea,Tea,12,4.5
2024-05-09,Centre,Earl Grey,Tea,23,4.0
2024-05-09,Centre,Flapjack,Snacks,35,2.2
2024-05-09,Centre,Almond croissant,Snacks,32,2.8
2024-05-09,South,Espresso beans,Coffee,18,9.5
2024-05-09,South,Filter coffee,Coffee,12,7.0
2024-05-09,South,Green tea,Tea,8,4.5
2024-05-09,South,Earl Grey,Tea,7,4.0
2024-05-09,South,Flapjack,Snacks,15,2.2
2024-05-09,South,Almond croissant,Snacks,13,2.8
2024-05-10,North,Espresso beans,Coffee,17,9.5
2024-05-10,North,Filter coffee,Coffee,19,5.6
2024-05-10,North,Green tea,Tea,11,4.5
2024-05-10,North,Earl Grey,Tea,14,4.0
2024-05-10,North,Flapjack,Snacks,35,2.2
2024-05-10,North,Almond croissant,Snacks,19,2.8
2024-05-10,Centre,Espresso beans,Coffee,22,9.5
2024-05-10,Centre,Filter coffee,Coffee,34,7.0
2024-05-10,Centre,Green tea,Tea,10,4.5
2024-05-10,Centre,Earl Grey,Tea,14,4.0
2024-05-10,Centre,Flapjack,Snacks,46,2.2
2024-05-10,Centre,Almond croissant,Snacks,38,2.8
2024-05-10,South,Espresso beans,Coffee,16,9.5
2024-05-10,South,Filter coffee,Coffee,19,7.0
2024-05-10,South,Green tea,Tea,6,4.5
2024-05-10,South,Earl Grey,Tea,13,4.0
2024-05-10,South,Flapjack,Snacks,19,2.2
2024-05-10,South,Almond croissant,Snacks,24,2.8
2024-05-11,North,Espresso beans,Coffee,15,9.5
2024-05-11,North,Filter coffee,Coffee,31,7.0
2024-05-11,North,Green tea,Tea,6,4.5
2024-05-11,North,Earl Grey,Tea,19,4.0
2024-05-11,North,Flapjack,Snacks,35,2.2
2024-05-11,North,Almond croissant,Snacks,29,2.8
2024-05-11,Centre,Espresso beans,Coffee,30,9.5
2024-05-11,Centre,Filter coffee,Coffee,35,7.0
2024-05-11,Centre,Green tea,Tea,16,4.5
2024-05-11,Centre,Earl Grey,Tea,27,3.2
2024-05-11,Centre,Flapjack,Snacks,36,2.2
2024-05-11,Centre,Almond croissant,Snacks,41,2.8
2024-05-11,South,Espresso beans,Coffee,16,9.5
2024-05-11,South,Filter coffee,Coffee,16,5.6
2024-05-11,South,Green tea,Tea,8,4.5
2024-05-11,South,Earl Grey,Tea,17,4.0
2024-05-11,South,Flapjack,Snacks,28,2.2
2024-05-11,South,Almond croissant,Snacks,29,2.8
2024-05-12,North,Espresso beans,Coffee,8,9.5
2024-05-12,North,Filter coffee,Coffee,18,7.0
2024-05-12,North,Green tea,Tea,11,4.5
2024-05-12,North,Earl Grey,Tea,12,4.0
2024-05-12,North,Flapjack,Snacks,30,2.2
2024-05-12,North,Almond croissant,Snacks,23,2.8
2024-05-12,Centre,Espresso beans,Coffee,23,9.5
2024-05-12,Centre,Filter coffee,Coffee,22,7.0
2024-05-12,Centre,Green tea,Tea,13,4.5
2024-05-12,Centre,Earl Grey,Tea,24,4.0
2024-05-12,Centre,Flapjack,Snacks,39,2.2
2024-05-12,Centre,Almond croissant,Snacks,27,2.8
2024-05-12,South,Espresso beans,Coffee,11,9.5
2024-05-12,South,Filter coffee,Coffee,17,7.0
2024-05-12,South,Green tea,Tea,9,4.5
2024-05-12,South,Earl Grey,Tea,6,4.0
2024-05-12,South,Flapjack,Snacks,16,2.2
2024-05-12,South,Almond croissant,Snacks,15,2.8
2024-05-13,North,Espresso beans,Coffee,14,9.5
2024-05-13,North,Filter coffee,Coffee,17,7.0
2024-05-13,North,Green tea,Tea,11,4.5
2024-05-13,North,Earl Grey,Tea,12,4.0
2024-05-13,North,Flapjack,Snacks,25,2.2
2024-05-13,North,Almond croissant,Snacks,14,2.8
2024-05-13,Centre,Espresso beans,Coffee,20,9.5
2024-05-13,Centre,Filter coffee,Coffee,17,7.0
2024-05-13,Centre,Green tea,Tea,4,4.5
2024-05-13,Centre,Earl Grey,Tea,17,4.0
2024-05-13,Centre,Flapjack,Snacks,36,2.2
2024-05-13,Centre,Almond croissant,Snacks,23,2.8
2024-05-13,South,Espresso beans,Coffee,10,9.5
2024-05-13,South,Filter coffee,Coffee,19,7.0
2024-05-13,South,Green tea,Tea,12,3.6
2024-05-13,South,Earl Grey,Tea,6,4.0
2024-05-13,South,Flapjack,Snacks,25,2.2
2024-05-13,South,Almond croissant,Snacks,17,2.8
2024-05-14,North,Espresso beans,Coffee,18,9.5
2024-05-14,North,Filter coffee,Coffee,11,7.0
2024-05-14,North,Green tea,Tea,8,4.5
2024-05-14,North,Earl Grey,Tea,4,4.0
2024-05-14,North,Flapjack,Snacks,19,2.2
2024-05-14,North,Almond croissant,Snacks,19,2.8
2024-05-14,Centre,Espresso beans,Coffee,15,9.5
2024-05-14,Centre,Filter coffee,Coffee,21,7.0
2024-05-14,Centre,Green tea,Tea,10,4.5
2024-05-14,Centre,Earl Grey,Tea,14,4.0
2024-05-14,Centre,Flapjack,Snacks,34,2.2
2024-05-14,Centre,Almond croissant,Snacks,43,2.24
2024-05-14,South,Espresso beans,Coffee,8,9.5
2024-05-14,South,Filter coffee,Coffee,7,7.0
2024-05-14,South,Green tea,Tea,5,4.5
2024-05-14,South,Earl Grey,Tea,10,4.0
2024-05-14,South,Flapjack,Snacks,15,2.2
2024-05-14,South,Almond croissant,Snacks,9,2.8
2024-05-15,North,Espresso beans,Coffee,10,9.5
2024-05-15,North,Filter coffee,Coffee,25,5.6
2024-05-15,North,Green tea,Tea,7,4.5
2024-05-15,North,Earl Grey,Tea,8,4.0
2024-05-15,North,Flapjack,Snacks,20,2.2
2024-05-15,North,Almond croissant,Snacks,25,2.24
2024-05-15,Centre,Espresso beans,Coffee,31,9.5
2024-05-15,Centre,Filter coffee,Coffee,22,7.0
2024-05-15,Centre,Green tea,Tea,7,4.5
2024-05-15,Centre,Earl Grey,Tea,8,4.0
2024-05-15,Centre,Flapjack,Snacks,38,2.2
2024-05-15,Centre,Almond croissant,Snacks,31,2.8
2024-05-15,South,Espresso beans,Coffee,12,9.5
2024-05-15,South,Filter coffee,Coffee,11,7.0
2024-05-15,South,Green tea,Tea,3,4.5
2024-05-15,South,Earl Grey,Tea,10,4.0
2024-05-15,South,Flapjack,Snacks,19,2.2
2024-05-15,South,Almond croissant,Snacks,13,2.8
2024-05-16,North,Espresso beans,Coffee,11,9.5
2024-05-16,North,Filter coffee,Coffee,10,7.0
2024-05-16,North,Green tea,Tea,12,4.5
2024-05-16,North,Earl Grey,Tea,12,4.0
2024-05-16,North,Flapjack,Snacks,26,2.2
2024-05-16,North,Almond croissant,Snacks,19,2.8
2024-05-16,Centre,Espresso beans,Coffee,13,9.5
2024-05-16,Centre,Filter coffee,Coffee,29,7.0
2024-05-16,Centre,Green tea,Tea,9,4.5
2024-05-16,Centre,Earl Grey,Tea,21,4.0
2024-05-16,Centre,Flapjack,Snacks,46,2.2
2024-05-16,Centre,Almond croissant,Snacks,26,2.8
2024-05-16,South,Espresso beans,Coffee,9,9.5
2024-05-16,South,Filter coffee,Coffee,8,7.0
2024-05-16,South,Green tea,Tea,5,4.5
2024-05-16,South,Earl Grey,Tea,6,4.0
2024-05-16,South,Flapjack,Snacks,26,2.2
2024-05-16,South,Almond croissant,Snacks,13,2.8
2024-05-17,North,Espresso beans,Coffee,8,9.5
2024-05-17,North,Filter coffee,Coffee,17,7.0
2024-05-17,North,Green tea,Tea,10,4.5
2024-05-17,North,Earl Grey,Tea,11,4.0
2024-05-17,North,Flapjack,Snacks,19,2.2
2024-05-17,North,Almond croissant,Snacks,17,2.8
2024-05-17,Centre,Espresso beans,Coffee,22,9.5
2024-05-17,Centre,Filter coffee,Coffee,25,7.0
2024-05-17,Centre,Green tea,Tea,14,4.5
2024-05-17,Centre,Earl Grey,Tea,14,4.0
2024-05-17,Centre,Flapjack,Snacks,46,2.2
2024-05-17,Centre,Almond croissant,Snacks,36,2.8
2024-05-17,South,Espresso beans,Coffee,13,9.5
2024-05-17,South,Filter coffee,Coffee,18,7.0
2024-05-17,South,Green tea,Tea,9,4.5
2024-05-17,South,Earl Grey,Tea,8,4.0
2024-05-17,South,Flapjack,Snacks,24,2.2
2024-05-17,South,Almond croissant,Snacks,15,2.8
2024-05-18,North,Espresso beans,Coffee,15,9.5
2024-05-18,North,Filter coffee,Coffee,17,7.0
2024-05-18,North,Green tea,Tea,11,4.5
2024-05-18,North,Earl Grey,Tea,11,4.0
2024-05-18,North,Flapjack,Snacks,35,2.2
2024-05-18,North,Almond croissant,Snacks,25,2.8
2024-05-18,Centre,Espresso beans,Coffee,21,9.5
2024-05-18,Centre,Filter coffee,Coffee,32,7.0
2024-05-18,Centre,Green tea,Tea,22,4.5
2024-05-18,Centre,Earl Grey,Tea,25,4.0
2024-05-18,Centre,Flapjack,Snacks,57,2.2
2024-05-18,Centre,Almond croissant,Snacks,29,2.8
2024-05-18,South,Espresso beans,Coffee,14,9.5
2024-05-18,South,Filter coffee,Coffee,14,7.0
2024-05-18,South,Green tea,Tea,9,4.5
2024-05-18,South,Earl Grey,Tea,20,4.0
2024-05-18,South,Flapjack,Snacks,30,2.2
2024-05-18,South,Almond croissant,Snacks,18,2.8
2024-05-19,North,Espresso beans,Coffee,19,9.5
2024-05-19,North,Filter coffee,Coffee,20,7.0
2024-05-19,North,Green tea,Tea,11,4.5
2024-05-19,North,Earl Grey,Tea,15,4.0
2024-05-19,North,Flapjack,Snacks,23,2.2
2024-05-19,North,Almond croissant,Snacks,27,2.24
2024-05-19,Centre,Espresso beans,Coffee,12,9.5
2024-05-19,Centre,Filter coffee,Coffee,27,7.0
2024-05-19,Centre,Green tea,Tea,6,4.5
2024-05-19,Centre,Earl Grey,Tea,14,4.0
2024-05-19,Centre,Flapjack,Snacks,52,1.76
2024-05-19,Centre,Almond croissant,Snacks,42,2.24
2024-05-19,South,Espresso beans,Coffee,12,9.5
2024-05-19,South,Filter coffee,Coffee,13,7.0
2024-05-19,South,Green tea,Tea,10,4.5
2024-05-19,South,Earl Grey,Tea,11,4.0
2024-05-19,South,Flapjack,Snacks,18,2.2
2024-05-19,South,Almond croissant,Snacks,18,2.8
2024-05-20,North,Espresso beans,Coffee,14,9.5
2024-05-20,North,Filter coffee,Coffee,23,7.0
2024-05-20,North,Green tea,Tea,10,4.5
2024-05-20,North,Earl Grey,Tea,10,4.0
2024-05-20,North,Flapjack,Snacks,27,2.2
2024-05-20,North,Almond croissant,Snacks,17,2.8
2024-05-20,Centre,Espresso beans,Coffee,14,9.5
2024-05-20,Centre,Filter coffee,Coffee,13,7.0
2024-05-20,Centre,Green tea,Tea,4,4.5
2024-05-20,Centre,Earl Grey,Tea,32,3.2
2024-05-20,Centre,Flapjack,Snacks,18,2.2
2024-05-20,Centre,Almond croissant,Snacks,11,2.8
2024-05-20,South,Espresso beans,Coffee,6,9.5
2024-05-20,South,Filter coffee,Coffee,15,7.0
2024-05-20,South,Green tea,Tea,11,4.5
2024-05-20,South,Earl Grey,Tea,7,4.0
2024-05-20,South,Flapjack,Snacks,10,2.2
2024-05-20,South,Almond croissant,Snacks,13,2.8
2024-05-21,North,Espresso beans,Coffee,15,9.5
2024-05-21,North,Filter coffee,Coffee,9,7.0
2024-05-21,North,Green tea,Tea,20,4.5
2024-05-21,North,Earl Grey,Tea,7,4.0
2024-05-21,North,Flapjack,Snacks,15,2.2
2024-05-21,North,Almond croissant,Snacks,19,2.8
2024-05-21,Centre,Espresso beans,Coffee,14,9.5
2024-05-21,Centre,Filter coffee,Coffee,19,7.0
2024-05-21,Centre,Green tea,Tea,14,4.5
2024-05-21,Centre,Earl Grey,Tea,8,4.0
2024-05-21,Centre,Flapjack,Snacks,34,2.2
2024-05-21,Centre,Almond croissant,Snacks,30,2.8
2024-05-21,South,Espresso beans,Coffee,6,9.5
2024-05-21,South,Filter coffee,Coffee,15,7.0
2024-05-21,South,Green tea,Tea,13,4.5
2024-05-21,South,Earl Grey,Tea,3,4.0
2024-05-21,South,Flapjack,Snacks,20,2.2
2024-05-21,South,Almond croissant,Snacks,16,2.8
2024-05-22,North,Espresso beans,Coffee,19,7.6
2024-05-22,North,Filter coffee,Coffee,9,7.0
2024-05-22,North,Green tea,Tea,4,4.5
2024-05-22,North,Earl Grey,Tea,14,4.0
2024-05-22,North,Flapjack,Snacks,24,2.2
2024-05-22,North,Almond croissant,Snacks,16,2.8
2024-05-22,Centre,Espresso beans,Coffee,14,9.5
2024-05-22,Centre,Filter coffee,Coffee,23,7.0
2024-05-22,Centre,Green tea,Tea,9,4.5
2024-05-22,Centre,Earl Grey,Tea,16,4.0
2024-05-22,Centre,Flapjack,Snacks,29,2.2
2024-05-22,Centre,Almond croissant,Snacks,27,2.8
2024-05-22,South,Espresso beans,Coffee,8,9.5
2024-05-22,South,Filter coffee,Coffee,21,5.6
2024-05-22,South,Green tea,Tea,7,4.5
2024-05-22,South,Earl Grey,Tea,8,4.0
2024-05-22,South,Flapjack,Snacks,16,2.2
2024-05-22,South,Almond croissant,Snacks,15,2.8
2024-05-23,North,Espresso beans,Coffee,15,9.5
2024-05-23,North,Filter coffee,Coffee,15,7.0
2024-05-23,North,Green tea,Tea,8,4.5
2024-05-23,North,Earl Grey,Tea,9,4.0
2024-05-23,North,Flapjack,Snacks,20,2.2
2024-05-23,North,Almond croissant,Snacks,19,2.8
2024-05-23,Centre,Espresso beans,Coffee,19,9.5
2024-05-23,Centre,Filter coffee,Coffee,23,7.0
2024-05-23,Centre,Green tea,Tea,7,4.5
2024-05-23,Centre,Earl Grey,Tea,17,4.0
2024-05-23,Centre,Flapjack,Snacks,28,2.2
2024-05-23,Centre,Almond croissant,Snacks,23,2.8
2024-05-23,South,Espresso beans,Coffee,3,9.5
2024-05-23,South,Filter coffee,Coffee,14,7.0
2024-05-23,South,Green tea,Tea,6,4.5
2024-05-23,South,Earl Grey,Tea,5,4.0
2024-05-23,South,Flapjack,Snacks,21,2.2
2024-05-23,South,Almond croissant,Snacks,15,2.8
2024-05-24,North,Espresso beans,Coffee,15,9.5
2024-05-24,North,Filter coffee,Coffee,18,7.0
2024-05-24,North,Green tea,Tea,11,4.5
2024-05-24,North,Earl Grey,Tea,11,4.0
2024-05-24,North,Flapjack,Snacks,21,2.2
2024-05-24,North,Almond croissant,Snacks,13,2.8
2024-05-24,Centre,Espresso beans,Coffee,18,9.5
2024-05-24,Centre,Filter coffee,Coffee,28,7.0
2024-05-24,Centre,Green tea,Tea,14,4.5
2024-05-24,Centre,Earl Grey,Tea,15,4.0
2024-05-24,Centre,Flapjack,Snacks,47,2.2
2024-05-24,Centre,Almond croissant,Snacks,42,2.8
2024-05-24,South,Espresso beans,Coffee,14,9.5
2024-05-24,South,Filter coffee,Coffee,9,7.0
2024-05-24,South,Green tea,Tea,3,4.5
2024-05-24,South,Earl Grey,Tea,9,4.0
2024-05-24,South,Flapjack,Snacks,14,2.2
2024-05-24,South,Almond croissant,Snacks,13,2.8
2024-05-25,North,Espresso beans,Coffee,13,9.5
2024-05-25,North,Filter coffee,Coffee,18,7.0
2024-05-25,North,Green tea,Tea,15,4.5
2024-05-25,North,Earl Grey,Tea,20,4.0
2024-05-25,North,Flapjack,Snacks,33,2.2
2024-05-25,North,Almond croissant,Snacks,28,2.8
2024-05-25,Centre,Espresso beans,Coffee,21,9.5
2024-05-25,Centre,Filter coffee,Coffee,29,7.0
2024-05-25,Centre,Green tea,Tea,12,4.5
2024-05-25,Centre,Earl Grey,Tea,25,4.0
2024-05-25,Centre,Flapjack,Snacks,29,2.2
2024-05-25,Centre,Almond croissant,Snacks,26,2.8
2024-05-25,South,Espresso beans,Coffee,15,9.5
2024-05-25,South,Filter coffee,Coffee,19,7.0
2024-05-25,South,Green tea,Tea,6,4.5
2024-05-25,South,Earl Grey,Tea,19,3.2
2024-05-25,South,Flapjack,Snacks,32,2.2
2024-05-25,South,Almond croissant,Snacks,20,2.8
2024-05-26,North,Espresso beans,Coffee,16,9.5
2024-05-26,North,Filter coffee,Coffee,13,7.0
2024-05-26,North,Green tea,Tea,7,4.5
2024-05-26,North,Earl Grey,Tea,13,4.0
2024-05-26,North,Flapjack,Snacks,18,2.2
2024-05-26,North,Almond croissant,Snacks,16,2.8
2024-05-26,Centre,Espresso beans,Coffee,24,9.5
2024-05-26,Centre,Filter coffee,Coffee,21,7.0
2024-05-26,Centre,Green tea,Tea,17,4.5
2024-05-26,Centre,Earl Grey,Tea,13,4.0
2024-05-26,Centre,Flapjack,Snacks,28,2.2
2024-05-26,Centre,Almond croissant,Snacks,21,2.8
2024-05-26,South,Espresso beans,Coffee,6,9.5
2024-05-26,South,Filter coffee,Coffee,20,7.0
2024-05-26,South,Green tea,Tea,13,4.5
2024-05-26,South,Earl Grey,Tea,13,4.0
2024-05-26,South,Flapjack,Snacks,17,2.2
2024-05-26,South,Almond croissant,Snacks,14,2.8
2024-05-27,North,Espresso beans,Coffee,16,7.6
2024-05-27,North,Filter coffee,Coffee,19,7.0
2024-05-27,North,Green tea,Tea,11,4.5
2024-05-27,North,Earl Grey,Tea,9,4.0
2024-05-27,North,Flapjack,Snacks,21,2.2
2024-05-27,North,Almond croissant,Snacks,8,2.8
2024-05-27,Centre,Espresso beans,Coffee,16,9.5
2024-05-27,Centre,Filter coffee,Coffee,16,7.0
2024-05-27,Centre,Green tea,Tea,5,4.5
2024-05-27,Centre,Earl Grey,Tea,18,4.0
2024-05-27,Centre,Flapjack,Snacks,36,2.2
2024-05-27,Centre,Almond croissant,Snacks,26,2.8
2024-05-27,South,Espresso beans,Coffee,7,9.5
2024-05-27,South,Filter coffee,Coffee,9,7.0
2024-05-27,South,Green tea,Tea,8,4.5
2024-05-27,South,Earl Grey,Tea,9,4.0
2024-05-27,South,Flapjack,Snacks,21,2.2
2024-05-27,South,Almond croissant,Snacks,13,2.8
2024-05-28,North,Espresso beans,Coffee,9,9.5
2024-05-28,North,Filter coffee,Coffee,11,7.0
2024-05-28,North,Green tea,Tea,5,4.5
2024-05-28,North,Earl Grey,Tea,9,4.0
2024-05-28,North,Flapjack,Snacks,28,2.2
2024-05-28,North,Almond croissant,Snacks,21,2.8
2024-05-28,Centre,Espresso beans,Coffee,17,9.5
2024-05-28,Centre,Filter coffee,Coffee,20,7.0
2024-05-28,Centre,Green tea,Tea,15,4.5
2024-05-28,Centre,Earl Grey,Tea,12,4.0
2024-05-28,Centre,Flapjack,Snacks,26,2.2
2024-05-28,Centre,Almond croissant,Snacks,26,2.8
2024-05-28,South,Espresso beans,Coffee,7,9.5
2024-05-28,South,Filter coffee,Coffee,8,7.0
2024-05-28,South,Green tea,Tea,5,4.5
2024-05-28,South,Earl Grey,Tea,8,4.0
2024-05-28,South,Flapjack,Snacks,10,2.2
2024-05-28,South,Almond croissant,Snacks,14,2.8
2024-05-29,North,Espresso beans,Coffee,16,9.5
2024-05-29,North,Filter coffee,Coffee,17,7.0
2024-05-29,North,Green tea,Tea,7,4.5
2024-05-29,North,Earl Grey,Tea,10,4.0
2024-05-29,North,Flapjack,Snacks,14,2.2
2024-05-29,North,Almond croissant,Snacks,16,2.8
2024-05-29,Centre,Espresso beans,Coffee,13,9.5
2024-05-29,Centre,Filter coffee,Coffee,37,7.0
2024-05-29,Centre,Green tea,Tea,11,4.5
2024-05-29,Centre,Earl Grey,Tea,13,4.0
2024-05-29,Centre,Flapjack,Snacks,19,2.2
2024-05-29,Centre,Almond croissant,Snacks,20,2.8
2024-05-29,South,Espresso beans,Coffee,8,9.5
2024-05-29,South,Filter coffee,Coffee,15,7.0
2024-05-29,South,Green tea,Tea,5,4.5
2024-05-29,South,Earl Grey,Tea,8,4.0
2024-05-29,South,Flapjack,Snacks,15,2.2
2024-05-29,South,Almond croissant,Snacks,10,2.8
2024-05-30,North,Espresso beans,Coffee,11,9.5
2024-05-30,North,Filter coffee,Coffee,12,7.0
2024-05-30,North,Green tea,Tea,9,4.5
2024-05-30,North,Earl Grey,Tea,12,4.0
2024-05-30,North,Flapjack,Snacks,14,2.2
2024-05-30,North,Almond croissant,Snacks,22,2.8
2024-05-30,Centre,Espresso beans,Coffee,23,7.6
2024-05-30,Centre,Filter coffee,Coffee,15,7.0
2024-05-30,Centre,Green tea,Tea,14,4.5
2024-05-30,Centre,Earl Grey,Tea,14,4.0
2024-05-30,Centre,Flapjack,Snacks,35,2.2
2024-05-30,Centre,Almond croissant,Snacks,29,2.8
2024-05-30,South,Espresso beans,Coffee,12,9.5
2024-05-30,South,Filter coffee,Coffee,14,7.0
2024-05-30,South,Green tea,Tea,9,4.5
2024-05-30,South,Earl Grey,Tea,8,4.0
2024-05-30,South,Flapjack,Snacks,15,2.2
2024-05-30,South,Almond croissant,Snacks,12,2.8
2024-05-31,North,Espresso beans,Coffee,18,9.5
2024-05-31,North,Filter coffee,Coffee,22,7.0
2024-05-31,North,Green tea,Tea,7,4.5
2024-05-31,North,Earl Grey,Tea,14,4.0
2024-05-31,North,Flapjack,Snacks,27,2.2
2024-05-31,North,Almond croissant,Snacks,34,2.8
2024-05-31,Centre,Espresso beans,Coffee,19,9.5
2024-05-31,Centre,Filter coffee,Coffee,38,5.6
2024-05-31,Centre,Green tea,Tea,9,4.5
2024-05-31,Centre,Earl Grey,Tea,15,4.0
2024-05-31,Centre,Flapjack,Snacks,70,1.76
2024-05-31,Centre,Almond croissant,Snacks,34,2.8
2024-05-31,South,Espresso beans,Coffee,12,9.5
2024-05-31,South,Filter coffee,Coffee,16,7.0
2024-05-31,South,Green tea,Tea,11,4.5
2024-05-31,South,Earl Grey,Tea,9,4.0
2024-05-31,South,Flapjack,Snacks,20,2.2
2024-05-31,South,Almond croissant,Snacks,18,2.8
2024-06-01,North,Espresso beans,Coffee,11,9.5
2024-06-01,North,Filter coffee,Coffee,23,7.0
2024-06-01,North,Green tea,Tea,6,4.5
2024-06-01,North,Earl Grey,Tea,10,4.0
2024-06-01,North,Flapjack,Snacks,44,2.2
2024-06-01,North,Almond croissant,Snacks,22,2.8
2024-06-01,Centre,Espresso beans,Coffee,29,9.5
2024-06-01,Centre,Filter coffee,Coffee,55,5.6
2024-06-01,Centre,Green tea,Tea,23,4.5
2024-06-01,Centre,Earl Grey,Tea,21,4.0
2024-06-01,Centre,Flapjack,Snacks,53,2.2
2024-06-01,Centre,Almond croissant,Snacks,24,2.8
2024-06-01,South,Espresso beans,Coffee,18,9.5
2024-06-01,South,Filter coffee,Coffee,24,7.0
2024-06-01,South,Green tea,Tea,7,4.5
2024-06-01,South,Earl Grey,Tea,12,3.2
2024-06-01,South,Flapjack,Snacks,17,2.2
2024-06-01,South,Almond croissant,Snacks,21,2.8
2024-06-02,North,Espresso beans,Coffee,17,9.5
2024-06-02,North,Filter coffee,Coffee,21,7.0
2024-06-02,North,Green tea,Tea,10,4.5
2024-06-02,North,Earl Grey,Tea,18,3.2
2024-06-02,North,Flapjack,Snacks,26,2.2
2024-06-02,North,Almond croissant,Snacks,17,2.8
2024-06-02,Centre,Espresso beans,Coffee,21,9.5
2024-06-02,Centre,Filter coffee,Coffee,22,7.0
2024-06-02,Centre,Green tea,Tea,11,4.5
2024-06-02,Centre,Earl Grey,Tea,16,4.0
2024-06-02,Centre,Flapjack,Snacks,34,2.2
2024-06-02,Centre,Almond croissant,Snacks,21,2.8
2024-06-02,South,Espresso beans,Coffee,7,9.5
2024-06-02,South,Filter coffee,Coffee,18,7.0
2024-06-02,South,Green tea,Tea,12,4.5
2024-06-02,South,Earl Grey,Tea,10,4.0
2024-06-02,South,Flapjack,Snacks,20,2.2
2024-06-02,South,Almond croissant,Snacks,11,2.8
2024-06-03,North,Espresso beans,Coffee,10,9.5
2024-06-03,North,Filter coffee,Coffee,9,7.0
2024-06-03,North,Green tea,Tea,2,4.5
2024-06-03,North,Earl Grey,Tea,12,4.0
2024-06-03,North,Flapjack,Snacks,25,2.2
2024-06-03,North,Almond croissant,Snacks,18,2.8
2024-06-03,Centre,Espresso beans,Coffee,22,9.5
2024-06-03,Centre,Filter coffee,Coffee,33,7.0
2024-06-03,Centre,Green tea,Tea,7,4.5
2024-06-03,Centre,Earl Grey,Tea,13,4.0
2024-06-03,Centre,Flapjack,Snacks,29,2.2
2024-06-03,Centre,Almond croissant,Snacks,21,2.8
2024-06-03,South,Espresso beans,Coffee,9,9.5
2024-06-03,South,Filter coffee,Coffee,11,7.0
2024-06-03,South,Green tea,Tea,7,4.5
2024-06-03,South,Earl Grey,Tea,6,4.0
2024-06-03,South,Flapjack,Snacks,15,2.2
2024-06-03,South,Almond croissant,Snacks,21,2.24
2024-06-04,North,Espresso beans,Coffee,13,9.5
2024-06-04,North,Filter coffee,Coffee,18,7.0
2024-06-04,North,Green tea,Tea,7,4.5
2024-06-04,North,Earl Grey,Tea,6,4.0
2024-06-04,North,Flapjack,Snacks,16,2.2
2024-06-04,North,Almond croissant,Snacks,18,2.8
2024-06-04,Centre,Espresso beans,Coffee,20,9.5
2024-06-04,Centre,Filter coffee,Coffee,18,7.0
2024-06-04,Centre,Green tea,Tea,8,4.5
2024-06-04,Centre,Earl Grey,Tea,8,4.0
2024-06-04,Centre,Flapjack,Snacks,35,2.2
2024-06-04,Centre,Almond croissant,Snacks,18,2.8
2024-06-04,South,Espresso beans,Coffee,11,9.5
2024-06-04,South,Filter coffee,Coffee,8,7.0
2024-06-04,South,Green tea,Tea,6,4.5
2024-06-04,South,Earl Grey,Tea,8,4.0
2024-06-04,South,Flapjack,Snacks,10,2.2
2024-06-04,South,Almond croissant,Snacks,30,2.24
2024-06-05,North,Espresso beans,Coffee,13,9.5
2024-06-05,North,Filter coffee,Coffee,8,7.0
2024-06-05,North,Green tea,Tea,11,4.5
2024-06-05,North,Earl Grey,Tea,10,4.0
2024-06-05,North,Flapjack,Snacks,22,2.2
2024-06-05,North,Almond croissant,Snacks,12,2.8
2024-06-05,Centre,Espresso beans,Coffee,16,9.5
2024-06-05,Centre,Filter coffee,Coffee,24,7.0
2024-06-05,Centre,Green tea,Tea,18,4.5
2024-06-05,Centre,Earl Grey,Tea,14,4.0
2024-06-05,Centre,Flapjack,Snacks,27,2.2
2024-06-05,Centre,Almond croissant,Snacks,28,2.8
2024-06-05,South,Espresso beans,Coffee,9,9.5
2024-06-05,South,Filter coffee,Coffee,8,7.0
2024-06-05,South,Green tea,Tea,3,4.5
2024-06-05,South,Earl Grey,Tea,5,4.0
2024-06-05,South,Flapjack,Snacks,17,2.2
2024-06-05,South,Almond croissant,Snacks,21,2.24
2024-06-06,North,Espresso beans,Coffee,12,9.5
2024-06-06,North,Filter coffee,Coffee,23,7.0
2024-06-06,North,Green tea,Tea,10,4.5
2024-06-06,North,Earl Grey,Tea,5,4.0
2024-06-06,North,Flapjack,Snacks,19,2.2
2024-06-06,North,Almond croissant,Snacks,29,2.24
2024-06-06,Centre,Espresso beans,Coffee,23,9.5
2024-06-06,Centre,Filter coffee,Coffee,29,5.6
2024-06-06,Centre,Green tea,Tea,12,4.5
2024-06-06,Centre,Earl Grey,Tea,7,4.0
2024-06-06,Centre,Flapjack,Snacks,32,2.2
2024-06-06,Centre,Almond croissant,Snacks,31,2.8
2024-06-06,South,Espresso beans,Coffee,12,9.5
2024-06-06,South,Filter coffee,Coffee,9,7.0
2024-06-06,South,Green tea,Tea,8,4.5
2024-06-06,South,Earl Grey,Tea,10,4.0
2024-06-06,South,Flapjack,Snacks,21,2.2
2024-06-06,South,Almond croissant,Snacks,9,2.8
2024-06-07,North,Espresso beans,Coffee,12,9.5
2024-06-07,North,Filter coffee,Coffee,14,7.0
2024-06-07,North,Green tea,Tea,7,4.5
2024-06-07,North,Earl Grey,Tea,11,4.0
2024-06-07,North,Flapjack,Snacks,27,2.2
2024-06-07,North,Almond croissant,Snacks,24,2.8
2024-06-07,Centre,Espresso beans,Coffee,27,9.5
2024-06-07,Centre,Filter coffee,Coffee,27,7.0
2024-06-07,Centre,Green tea,Tea,16,4.5
2024-06-07,Centre,Earl Grey,Tea,13,4.0
2024-06-07,Centre,Flapjack,Snacks,41,2.2
2024-06-07,Centre,Almond croissant,Snacks,35,2.8
2024-06-07,South,Espresso beans,Coffee,10,9.5
2024-06-07,South,Filter coffee,Coffee,17,7.0
2024-06-07,South,Green tea,Tea,11,4.5
2024-06-07,South,Earl Grey,Tea,5,4.0
2024-06-07,South,Flapjack,Snacks,23,2.2
2024-06-07,South,Almond croissant,Snacks,18,2.8
2024-06-08,North,Espresso beans,Coffee,13,9.5
2024-06-08,North,Filter coffee,Coffee,15,7.0
2024-06-08,North,Green tea,Tea,9,4.5
2024-06-08,North,Earl Grey,Tea,15,4.0
2024-06-08,North,Flapjack,Snacks,29,2.2
2024-06-08,North,Almond croissant,Snacks,24,2.8
2024-06-08,Centre,Espresso beans,Coffee,27,9.5
2024-06-08,Centre,Filter coffee,Coffee,29,7.0
2024-06-08,Centre,Green tea,Tea,17,4.5
2024-06-08,Centre,Earl Grey,Tea,14,4.0
2024-06-08,Centre,Flapjack,Snacks,49,2.2
2024-06-08,Centre,Almond croissant,Snacks,34,2.8
2024-06-08,South,Espresso beans,Coffee,12,9.5
2024-06-08,South,Filter coffee,Coffee,19,7.0
2024-06-08,South,Green tea,Tea,7,4.5
2024-06-08,South,Earl Grey,Tea,15,4.0
2024-06-08,South,Flapjack,Snacks,20,2.2
2024-06-08,South,Almond croissant,Snacks,25,2.8
2024-06-09,North,Espresso beans,Coffee,17,9.5
2024-06-09,North,Filter coffee,Coffee,13,7.0
2024-06-09,North,Green tea,Tea,10,4.5
2024-06-09,North,Earl Grey,Tea,9,4.0
2024-06-09,North,Flapjack,Snacks,23,2.2
2024-06-09,North,Almond croissant,Snacks,21,2.8
2024-06-09,Centre,Espresso beans,Coffee,13,9.5
2024-06-09,Centre,Filter coffee,Coffee,25,7.0
2024-06-09,Centre,Green tea,Tea,12,4.5
2024-06-09,Centre,Earl Grey,Tea,21,4.0
2024-06-09,Centre,Flapjack,Snacks,33,2.2
2024-06-09,Centre,Almond croissant,Snacks,18,2.8
2024-06-09,South,Espresso beans,Coffee,13,9.5
2024-06-09,South,Filter coffee,Coffee,16,7.0
2024-06-09,South,Green tea,Tea,11,4.5
2024-06-09,South,Earl Grey,Tea,7,3.2
2024-06-09,South,Flapjack,Snacks,21,2.2
2024-06-09,South,Almond croissant,Snacks,24,2.8
2024-06-10,North,Espresso beans,Coffee,14,9.5
2024-06-10,North,Filter coffee,Coffee,22,7.0
2024-06-10,North,Green tea,Tea,6,4.5
2024-06-10,North,Earl Grey,Tea,12,3.2
2024-06-10,North,Flapjack,Snacks,19,2.2
2024-06-10,North,Almond croissant,Snacks,17,2.8
2024-06-10,Centre,Espresso beans,Coffee,26,9.5
2024-06-10,Centre,Filter coffee,Coffee,34,7.0
2024-06-10,Centre,Green tea,Tea,8,4.5
2024-06-10,Centre,Earl Grey,Tea,16,4.0
2024-06-10,Centre,Flapjack,Snacks,32,2.2
2024-06-10,Centre,Almond croissant,Snacks,28,2.8
2024-06-10,South,Espresso beans,Coffee,11,9.5
2024-06-10,South,Filter coffee,Coffee,13,7.0
2024-06-10,South,Green tea,Tea,3,4.5
2024-06-10,South,Earl Grey,Tea,6,4.0
2024-06-10,South,Flapjack,Snacks,21,2.2
2024-06-10,South,Almond croissant,Snacks,14,2.8
2024-06-11,North,Espresso beans,Coffee,11,9.5
2024-06-11,North,Filter coffee,Coffee,10,7.0
2024-06-11,North,Green tea,Tea,6,4.5
2024-06-11,North,Earl Grey,Tea,15,4.0
2024-06-11,North,Flapjack,Snacks,17,2.2
2024-06-11,North,Almond croissant,Snacks,10,2.8
2024-06-11,Centre,Espresso beans,Coffee,17,9.5
2024-06-11,Centre,Filter coffee,Coffee,18,7.0
2024-06-11,Centre,Green tea,Tea,10,4.5
2024-06-11,Centre,Earl Grey,Tea,10,4.0
2024-06-11,Centre,Flapjack,Snacks,36,2.2
2024-06-11,Centre,Almond croissant,Snacks,30,2.8
2024-06-11,South,Espresso beans,Coffee,9,9.5
2024-06-11,South,Filter coffee,Coffee,10,7.0
2024-06-11,South,Green tea,Tea,5,4.5
2024-06-11,South,Earl Grey,Tea,4,4.0
2024-06-11,South,Flapjack,Snacks,12,2.2
2024-06-11,South,Almond croissant,Snacks,16,2.8
2024-06-12,North,Espresso beans,Coffee,16,9.5
2024-06-12,North,Filter coffee,Coffee,13,7.0
2024-06-12,North,Green tea,Tea,12,4.5
2024-06-12,North,Earl Grey,Tea,9,4.0
2024-06-12,North,Flapjack,Snacks,21,2.2
2024-06-12,North,Almond croissant,Snacks,29,2.24
2024-06-12,Centre,Espresso beans,Coffee,14,9.5
2024-06-12,Centre,Filter coffee,Coffee,19,7.0
2024-06-12,Centre,Green tea,Tea,8,4.5
2024-06-12,Centre,Earl Grey,Tea,13,4.0
2024-06-12,Centre,Flapjack,Snacks,24,2.2
2024-06-12,Centre,Almond croissant,Snacks,26,2.8
2024-06-12,South,Espresso beans,Coffee,9,9.5
2024-06-12,South,Filter coffee,Coffee,10,7.0
2024-06-12,South,Green tea,Tea,6,4.5
2024-06-12,South,Earl Grey,Tea,9,4.0
2024-06-12,South,Flapjack,Snacks,15,2.2
2024-06-12,South,Almond croissant,Snacks,11,2.8
2024-06-13,North,Espresso beans,Coffee,13,9.5
2024-06-13,North,Filter coffee,Coffee,13,7.0
2024-06-13,North,Green tea,Tea,11,4.5
2024-06-13,North,Earl Grey,Tea,5,4.0
2024-06-13,North,Flapjack,Snacks,21,2.2
2024-06-13,North,Almond croissant,Snacks,25,2.24
2024-06-13,Centre,Espresso beans,Coffee,12,9.5
2024-06-13,Centre,Filter coffee,Coffee,27,7.0
2024-06-13,Centre,Green tea,Tea,12,4.5
2024-06-13,Centre,Earl Grey,Tea,24,4.0
2024-06-13,Centre,Flapjack,Snacks,32,2.2
2024-06-13,Centre,Almond croissant,Snacks,27,2.8
2024-06-13,South,Espresso beans,Coffee,8,9.5
2024-06-13,South,Filter coffee,Coffee,13,7.0
2024-06-13,South,Green tea,Tea,3,4.5
2024-06-13,South,Earl Grey,Tea,7,4.0
2024-06-13,South,Flapjack,Snacks,18,2.2
2024-06-13,South,Almond croissant,Snacks,17,2.8
2024-06-14,North,Espresso beans,Coffee,9,9.5
2024-06-14,North,Filter coffee,Coffee,22,7.0
2024-06-14,North,Green tea,Tea,8,4.5
2024-06-14,North,Earl Grey,Tea,12,4.0
2024-06-14,North,Flapjack,Snacks,17,2.2
2024-06-14,North,Almond croissant,Snacks,29,2.8
2024-06-14,Centre,Espresso beans,Coffee,33,9.5
2024-06-14,Centre,Filter coffee,Coffee,25,7.0
2024-06-14,Centre,Green tea,Tea,20,4.5
2024-06-14,Centre,Earl Grey,Tea,17,4.0
2024-06-14,Centre,Flapjack,Snacks,34,2.2
2024-06-14,Centre,Almond croissant,Snacks,30,2.8
2024-06-14,South,Espresso beans,Coffee,16,9.5
2024-06-14,South,Filter coffee,Coffee,14,7.0
2024-06-14,South,Green tea,Tea,7,4.5
2024-06-14,South,Earl Grey,Tea,10,4.0
2024-06-14,South,Flapjack,Snacks,19,2.2
2024-06-14,South,Almond croissant,Snacks,18,2.8
2024-06-15,North,Espresso beans,Coffee,9,9.5
2024-06-15,North,Filter coffee,Coffee,29,7.0
2024-06-15,North,Green tea,Tea,10,4.5
2024-06-15,North,Earl Grey,Tea,21,3.2
2024-06-15,North,Flapjack,Snacks,24,2.2
2024-06-15,North,Almond croissant,Snacks,32,2.8
2024-06-15,Centre,Espresso beans,Coffee,24,9.5
2024-06-15,Centre,Filter coffee,Coffee,33,7.0
2024-06-15,Centre,Green tea,Tea,16,4.5
2024-06-15,Centre,Earl Grey,Tea,15,4.0
2024-06-15,Centre,Flapjack,Snacks,38,2.2
2024-06-15,Centre,Almond croissant,Snacks,45,2.8
2024-06-15,South,Espresso beans,Coffee,14,9.5
2024-06-15,South,Filter coffee,Coffee,15,7.0
2024-06-15,South,Green tea,Tea,8,4.5
2024-06-15,South,Earl Grey,Tea,13,4.0
2024-06-15,South,Flapjack,Snacks,27,2.2
2024-06-15,South,Almond croissant,Snacks,17,2.8
2024-06-16,North,Espresso beans,Coffee,16,9.5
2024-06-16,North,Filter coffee,Coffee,23,7.0
2024-06-16,North,Green tea,Tea,14,4.5
2024-06-16,North,Earl Grey,Tea,5,4.0
2024-06-16,North,Flapjack,Snacks,25,2.2
2024-06-16,North,Almond croissant,Snacks,21,2.8
2024-06-16,Centre,Espresso beans,Coffee,22,9.5
2024-06-16,Centre,Filter coffee,Coffee,15,7.0
2024-06-16,Centre,Green tea,Tea,13,4.5
2024-06-16,Centre,Earl Grey,Tea,12,4.0
2024-06-16,Centre,Flapjack,Snacks,38,2.2
2024-06-16,Centre,Almond croissant,Snacks,51,2.24
2024-06-16,South,Espresso beans,Coffee,10,9.5
2024-06-16,South,Filter coffee,Coffee,17,7.0
2024-06-16,South,Green tea,Tea,3,4.5
2024-06-16,South,Earl Grey,Tea,13,4.0
2024-06-16,South,Flapjack,Snacks,13,2.2
2024-06-16,South,Almond croissant,Snacks,17,2.8
2024-06-17,North,Espresso beans,Coffee,10,9.5
2024-06-17,North,Filter coffee,Coffee,19,7.0
2024-06-17,North,Green tea,Tea,3,4.5
2024-06-17,North,Earl Grey,Tea,10,4.0
2024-06-17,North,Flapjack,Snacks,11,2.2
2024-06-17,North,Almond croissant,Snacks,20,2.8
2024-06-17,Centre,Espresso beans,Coffee,21,9.5
2024-06-17,Centre,Filter coffee,Coffee,18,7.0
2024-06-17,Centre,Green tea,Tea,4,4.5
2024-06-17,Centre,Earl Grey,Tea,16,4.0
2024-06-17,Centre,Flapjack,Snacks,29,2.2
2024-06-17,Centre,Almond croissant,Snacks,23,2.8
2024-06-17,South,Espresso beans,Coffee,12,9.5
2024-06-17,South,Filter coffee,Coffee,12,7.0
2024-06-17,South,Green tea,Tea,1,4.5
2024-06-17,South,Earl Grey,Tea,8,4.0
2024-06-17,South,Flapjack,Snacks,19,2.2
2024-06-17,South,Almond croissant,Snacks,13,2.8
2024-06-18,North,Espresso beans,Coffee,14,9.5
2024-06-18,North,Filter coffee,Coffee,16,7.0
2024-06-18,North,Green tea,Tea,6,4.5
2024-06-18,North,Earl Grey,Tea,7,4.0
2024-06-18,North,Flapjack,Snacks,16,2.2
2024-06-18,North,Almond croissant,Snacks,8,2.8
2024-06-18,Centre,Espresso beans,Coffee,9,9.5
2024-06-18,Centre,Filter coffee,Coffee,33,5.6
2024-06-18,Centre,Green tea,Tea,9,4.5
2024-06-18,Centre,Earl Grey,Tea,12,4.0
2024-06-18,Centre,Flapjack,Snacks,28,2.2
2024-06-18,Centre,Almond croissant,Snacks,25,2.8
2024-06-18,South,Espresso beans,Coffee,7,9.5
2024-06-18,South,Filter coffee,Coffee,13,7.0
2024-06-18,South,Green tea,Tea,5,4.5
2024-06-18,South,Earl Grey,Tea,9,4.0
2024-06-18,South,Flapjack,Snacks,18,2.2
2024-06-18,South,Almond croissant,Snacks,16,2.8
2024-06-19,North,Espresso beans,Coffee,14,9.5
2024-06-19,North,Filter coffee,Coffee,11,7.0
2024-06-19,North,Green tea,Tea,9,4.5
2024-06-19,North,Earl Grey,Tea,3,4.0
2024-06-19,North,Flapjack,Snacks,23,2.2
2024-06-19,North,Almond croissant,Snacks,15,2.8
2024-06-19,Centre,Espresso beans,Coffee,17,9.5
2024-06-19,Centre,Filter coffee,Coffee,14,7.0
2024-06-19,Centre,Green tea,Tea,12,4.5
2024-06-19,Centre,Earl Grey,Tea,15,4.0
2024-06-19,Centre,Flapjack,Snacks,29,2.2
2024-06-19,Centre,Almond croissant,Snacks,18,2.8
2024-06-19,South,Espresso beans,Coffee,6,9.5
2024-06-19,South,Filter coffee,Coffee,17,5.6
2024-06-19,South,Green tea,Tea,7,4.5
2024-06-19,South,Earl Grey,Tea,9,4.0
2024-06-19,South,Flapjack,Snacks,17,2.2
2024-06-19,South,Almond croissant,Snacks,17,2.8
2024-06-20,North,Espresso beans,Coffee,10,9.5
2024-06-20,North,Filter coffee,Coffee,17,7.0
2024-06-20,North,Green tea,Tea,8,4.5
2024-06-20,North,Earl Grey,Tea,9,4.0
2024-06-20,North,Flapjack,Snacks,15,2.2
2024-06-20,North,Almond croissant,Snacks,12,2.8
2024-06-20,Centre,Espresso beans,Coffee,21,9.5
2024-06-20,Centre,Filter coffee,Coffee,22,7.0
2024-06-20,Centre,Green tea,Tea,6,4.5
2024-06-20,Centre,Earl Grey,Tea,14,4.0
2024-06-20,Centre,Flapjack,Snacks,32,2.2
2024-06-20,Centre,Almond croissant,Snacks,26,2.8
2024-06-20,South,Espresso beans,Coffee,11,9.5
2024-06-20,South,Filter coffee,Coffee,6,7.0
2024-06-20,South,Green tea,Tea,7,4.5
2024-06-20,South,Earl Grey,Tea,4,4.0
2024-06-20,South,Flapjack,Snacks,17,2.2
2024-06-20,South,Almond croissant,Snacks,9,2.8
2024-06-21,North,Espresso beans,Coffee,17,9.5
2024-06-21,North,Filter coffee,Coffee,24,7.0
2024-06-21,North,Green tea,Tea,10,4.5
2024-06-21,North,Earl Grey,Tea,12,4.0
2024-06-21,North,Flapjack,Snacks,27,2.2
2024-06-21,North,Almond croissant,Snacks,22,2.8
2024-06-21,Centre,Espresso beans,Coffee,21,9.5
2024-06-21,Centre,Filter coffee,Coffee,27,7.0
2024-06-21,Centre,Green tea,Tea,14,4.5
2024-06-21,Centre,Earl Grey,Tea,14,4.0
2024-06-21,Centre,Flapjack,Snacks,33,2.2
2024-06-21,Centre,Almond croissant,Snacks,38,2.8
2024-06-21,South,Espresso beans,Coffee,16,9.5
2024-06-21,South,Filter coffee,Coffee,22,5.6
2024-06-21,South,Green tea,Tea,11,4.5
2024-06-21,South,Earl Grey,Tea,3,4.0
2024-06-21,South,Flapjack,Snacks,28,2.2
2024-06-21,South,Almond croissant,Snacks,17,2.8
2024-06-22,North,Espresso beans,Coffee,10,9.5
2024-06-22,North,Filter coffee,Coffee,25,7.0
2024-06-22,North,Green tea,Tea,14,3.6
2024-06-22,North,Earl Grey,Tea,8,4.0
2024-06-22,North,Flapjack,Snacks,28,2.2
2024-06-22,North,Almond croissant,Snacks,24,2.8
2024-06-22,Centre,Espresso beans,Coffee,19,9.5
2024-06-22,Centre,Filter coffee,Coffee,34,7.0
2024-06-22,Centre,Green tea,Tea,20,4.5
2024-06-22,Centre,Earl Grey,Tea,26,4.0
2024-06-22,Centre,Flapjack,Snacks,30,2.2
2024-06-22,Centre,Almond croissant,Snacks,38,2.8
2024-06-22,South,Espresso beans,Coffee,15,9.5
2024-06-22,South,Filter coffee,Coffee,15,7.0
2024-06-22,South,Green tea,Tea,14,3.6
2024-06-22,South,Earl Grey,Tea,6,4.0
2024-06-22,South,Flapjack,Snacks,20,2.2
2024-06-22,South,Almond croissant,Snacks,26,2.8
2024-06-23,North,Espresso beans,Coffee,12,9.5
2024-06-23,North,Filter coffee,Coffee,16,7.0
2024-06-23,North,Green tea,Tea,6,4.5
2024-06-23,North,Earl Grey,Tea,2,4.0
2024-06-23,North,Flapjack,Snacks,19,2.2
2024-06-23,North,Almond croissant,Snacks,22,2.8
2024-06-23,Centre,Espresso beans,Coffee,21,9.5
2024-06-23,Centre,Filter coffee,Coffee,33,7.0
2024-06-23,Centre,Green tea,Tea,14,4.5
2024-06-23,Centre,Earl Grey,Tea,14,4.0
2024-06-23,Centre,Flapjack,Snacks,30,2.2
2024-06-23,Centre,Almond croissant,Snacks,33,2.8
2024-06-23,South,Espresso beans,Coffee,11,9.5
2024-06-23,South,Filter coffee,Coffee,12,7.0
2024-06-23,South,Green tea,Tea,7,4.5
2024-06-23,South,Earl Grey,Tea,11,4.0
2024-06-23,South,Flapjack,Snacks,19,2.2
2024-06-23,South,Almond croissant,Snacks,14,2.8
2024-06-24,North,Espresso beans,Coffee,11,9.5
2024-06-24,North,Filter coffee,Coffee,15,7.0
2024-06-24,North,Green tea,Tea,7,4.5
2024-06-24,North,Earl Grey,Tea,10,4.0
2024-06-24,North,Flapjack,Snacks,20,2.2
2024-06-24,North,Almond croissant,Snacks,22,2.8
2024-06-24,Centre,Espresso beans,Coffee,19,9.5
2024-06-24,Centre,Filter coffee,Coffee,26,7.0
2024-06-24,Centre,Green tea,Tea,11,4.5
2024-06-24,Centre,Earl Grey,Tea,19,4.0
2024-06-24,Centre,Flapjack,Snacks,28,2.2
2024-06-24,Centre,Almond croissant,Snacks,19,2.8
2024-06-24,South,Espresso beans,Coffee,7,9.5
2024-06-24,South,Filter coffee,Coffee,11,7.0
2024-06-24,South,Green tea,Tea,9,4.5
2024-06-24,South,Earl Grey,Tea,8,4.0
2024-06-24,South,Flapjack,Snacks,20,2.2
2024-06-24,South,Almond croissant,Snacks,15,2.8
2024-06-25,North,Espresso beans,Coffee,11,9.5
2024-06-25,North,Filter coffee,Coffee,15,7.0
2024-06-25,North,Green tea,Tea,6,4.5
2024-06-25,North,Earl Grey,Tea,9,4.0
2024-06-25,North,Flapjack,Snacks,20,2.2
2024-06-25,North,Almond croissant,Snacks,19,2.8
2024-06-25,Centre,Espresso beans,Coffee,15,9.5
2024-06-25,Centre,Filter coffee,Coffee,21,7.0
2024-06-25,Centre,Green tea,Tea,8,4.5
2024-06-25,Centre,Earl Grey,Tea,10,4.0
2024-06-25,Centre,Flapjack,Snacks,43,1.76
2024-06-25,Centre,Almond croissant,Snacks,22,2.8
2024-06-25,South,Espresso beans,Coffee,11,9.5
2024-06-25,South,Filter coffee,Coffee,11,7.0
2024-06-25,South,Green tea,Tea,6,4.5
2024-06-25,South,Earl Grey,Tea,12,4.0
2024-06-25,South,Flapjack,Snacks,11,2.2
2024-06-25,South,Almond croissant,Snacks,10,2.8
2024-06-26,North,Espresso beans,Coffee,17,7.6
2024-06-26,North,Filter coffee,Coffee,15,7.0
2024-06-26,North,Green tea,Tea,13,4.5
2024-06-26,North,Earl Grey,Tea,8,4.0
2024-06-26,North,Flapjack,Snacks,14,2.2
2024-06-26,North,Almond croissant,Snacks,21,2.8
2024-06-26,Centre,Espresso beans,Coffee,15,9.5
2024-06-26,Centre,Filter coffee,Coffee,18,7.0
2024-06-26,Centre,Green tea,Tea,6,4.5
2024-06-26,Centre,Earl Grey,Tea,9,4.0
2024-06-26,Centre,Flapjack,Snacks,39,2.2
2024-06-26,Centre,Almond croissant,Snacks,26,2.8
2024-06-26,South,Espresso beans,Coffee,5,9.5
2024-06-26,South,Filter coffee,Coffee,18,7.0
2024-06-26,South,Green tea,Tea,10,4.5
2024-06-26,South,Earl Grey,Tea,7,4.0
2024-06-26,South,Flapjack,Snacks,15,2.2
2024-06-26,South,Almond croissant,Snacks,20,2.8
2024-06-27,North,Espresso beans,Coffee,13,9.5
2024-06-27,North,Filter coffee,Coffee,15,7.0
2024-06-27,North,Green tea,Tea,11,4.5
2024-06-27,North,Earl Grey,Tea,10,4.0
2024-06-27,North,Flapjack,Snacks,25,2.2
2024-06-27,North,Almond croissant,Snacks,15,2.8
2024-06-27,Centre,Espresso beans,Coffee,15,9.5
2024-06-27,Centre,Filter coffee,Coffee,28,7.0
2024-06-27,Centre,Green tea,Tea,16,4.5
2024-06-27,Centre,Earl Grey,Tea,6,4.0
2024-06-27,Centre,Flapjack,Snacks,22,2.2
2024-06-27,Centre,Almond croissant,Snacks,29,2.8
2024-06-27,South,Espresso beans,Coffee,9,9.5
2024-06-27,South,Filter coffee,Coffee,15,7.0
2024-06-27,South,Green tea,Tea,13,3.6
2024-06-27,South,Earl Grey,Tea,10,4.0
2024-06-27,South,Flapjack,Snacks,11,2.2
2024-06-27,South,Almond croissant,Snacks,17,2.8
2024-06-28,North,Espresso beans,Coffee,15,9.5
2024-06-28,North,Filter coffee,Coffee,27,7.0
2024-06-28,North,Green tea,Tea,9,4.5
2024-06-28,North,Earl Grey,Tea,17,4.0
2024-06-28,North,Flapjack,Snacks,24,2.2
2024-06-28,North,Almond croissant,Snacks,22,2.8
2024-06-28,Centre,Espresso beans,Coffee,17,9.5
2024-06-28,Centre,Filter coffee,Coffee,36,7.0
2024-06-28,Centre,Green tea,Tea,14,4.5
2024-06-28,Centre,Earl Grey,Tea,21,4.0
2024-06-28,Centre,Flapjack,Snacks,32,2.2
2024-06-28,Centre,Almond croissant,Snacks,29,2.8
2024-06-28,South,Espresso beans,Coffee,10,9.5
2024-06-28,South,Filter coffee,Coffee,21,5.6
2024-06-28,South,Green tea,Tea,10,4.5
2024-06-28,South,Earl Grey,Tea,2,4.0
2024-06-28,South,Flapjack,Snacks,28,2.2
2024-06-28,South,Almond croissant,Snacks,22,2.8
2024-06-29,North,Espresso beans,Coffee,22,9.5
2024-06-29,North,Filter coffee,Coffee,24,7.0
2024-06-29,North,Green tea,Tea,12,4.5
2024-06-29,North,Earl Grey,Tea,9,4.0
2024-06-29,North,Flapjack,Snacks,31,2.2
2024-06-29,North,Almond croissant,Snacks,23,2.8
2024-06-29,Centre,Espresso beans,Coffee,20,9.5
2024-06-29,Centre,Filter coffee,Coffee,24,7.0
2024-06-29,Centre,Green tea,Tea,14,4.5
2024-06-29,Centre,Earl Grey,Tea,15,4.0
2024-06-29,Centre,Flapjack,Snacks,40,2.2
2024-06-29,Centre,Almond croissant,Snacks,40,2.8
2024-06-29,South,Espresso beans,Coffee,11,9.5
2024-06-29,South,Filter coffee,Coffee,20,7.0
2024-06-29,South,Green tea,Tea,9,4.5
2024-06-29,South,Earl Grey,Tea,15,4.0
2024-06-29,South,Flapjack,Snacks,18,2.2
2024-06-29,South,Almond croissant,Snacks,21,2.8
2024-06-30,North,Espresso beans,Coffee,14,9.5
2024-06-30,North,Filter coffee,Coffee,20,7.0
2024-06-30,North,Green tea,Tea,6,4.5
2024-06-30,North,Earl Grey,Tea,11,4.0
2024-06-30,North,Flapjack,Snacks,29,2.2
2024-06-30,North,Almond croissant,Snacks,21,2.24
2024-06-30,Centre,Espresso beans,Coffee,19,9.5
2024-06-30,Centre,Filter coffee,Coffee,29,7.0
2024-06-30,Centre,Green tea,Tea,11,4.5
2024-06-30,Centre,Earl Grey,Tea,13,4.0
2024-06-30,Centre,Flapjack,Snacks,44,2.2
2024-06-30,Centre,Almond croissant,Snacks,26,2.8
2024-06-30,South,Espresso beans,Coffee,13,9.5
2024-06-30,South,Filter coffee,Coffee,12,7.0
2024-06-30,South,Green tea,Tea,6,4.5
2024-06-30,South,Earl Grey,Tea,8,4.0
2024-06-30,South,Flapjack,Snacks,22,2.2
2024-06-30,South,Almond croissant,Snacks,11,2.8
2024-07-01,North,Espresso beans,Coffee,13,9.5
2024-07-01,North,Filter coffee,Coffee,21,5.6
2024-07-01,North,Green tea,Tea,12,4.5
2024-07-01,North,Earl Grey,Tea,10,4.0
2024-07-01,North,Flapjack,Snacks,12,2.2
2024-07-01,North,Almond croissant,Snacks,17,2.8
2024-07-01,Centre,Espresso beans,Coffee,6,9.5
2024-07-01,Centre,Filter coffee,Coffee,22,7.0
2024-07-01,Centre,Green tea,Tea,3,4.5
2024-07-01,Centre,Earl Grey,Tea,15,4.0
2024-07-01,Centre,Flapjack,Snacks,29,2.2
2024-07-01,Centre,Almond croissant,Snacks,26,2.8
2024-07-01,South,Espresso beans,Coffee,7,9.5
2024-07-01,South,Filter coffee,Coffee,7,7.0
2024-07-01,South,Green tea,Tea,3,4.5
2024-07-01,South,Earl Grey,Tea,11,3.2
2024-07-01,South,Flapjack,Snacks,17,2.2
2024-07-01,South,Almond croissant,Snacks,16,2.8
2024-07-02,North,Espresso beans,Coffee,15,7.6
2024-07-02,North,Filter coffee,Coffee,13,7.0
2024-07-02,North,Green tea,Tea,11,4.5
2024-07-02,North,Earl Grey,Tea,5,4.0
2024-07-02,North,Flapjack,Snacks,17,2.2
2024-07-02,North,Almond croissant,Snacks,13,2.8
2024-07-02,Centre,Espresso beans,Coffee,25,7.6
2024-07-02,Centre,Filter coffee,Coffee,23,7.0
2024-07-02,Centre,Green tea,Tea,10,4.5
2024-07-02,Centre,Earl Grey,Tea,12,4.0
2024-07-02,Centre,Flapjack,Snacks,25,2.2
2024-07-02,Centre,Almond croissant,Snacks,37,2.24
2024-07-02,South,Espresso beans,Coffee,5,9.5
2024-07-02,South,Filter coffee,Coffee,19,5.6
2024-07-02,South,Green tea,Tea,9,4.5
2024-07-02,South,Earl Grey,Tea,7,4.0
2024-07-02,South,Flapjack,Snacks,11,2.2
2024-07-02,South,Almond croissant,Snacks,18,2.8
2024-07-03,North,Espresso beans,Coffee,10,9.5
2024-07-03,North,Filter coffee,Coffee,17,7.0
2024-07-03,North,Green tea,Tea,10,4.5
2024-07-03,North,Earl Grey,Tea,12,4.0
2024-07-03,North,Flapjack,Snacks,24,2.2
2024-07-03,North,Almond croissant,Snacks,17,2.8
2024-07-03,Centre,Espresso beans,Coffee,15,9.5
2024-07-03,Centre,Filter coffee,Coffee,21,7.0
2024-07-03,Centre,Green tea,Tea,9,4.5
2024-07-03,Centre,Earl Grey,Tea,12,4.0
2024-07-03,Centre,Flapjack,Snacks,34,2.2
2024-07-03,Centre,Almond croissant,Snacks,26,2.8
2024-07-03,South,Espresso beans,Coffee,8,9.5
2024-07-03,South,Filter coffee,Coffee,15,7.0
2024-07-03,South,Green tea,Tea,8,4.5
2024-07-03,South,Earl Grey,Tea,10,4.0
2024-07-03,South,Flapjack,Snacks,15,2.2
2024-07-03,South,Almond croissant,Snacks,11,2.8
2024-07-04,North,Espresso beans,Coffee,12,9.5
2024-07-04,North,Filter coffee,Coffee,12,7.0
2024-07-04,North,Green tea,Tea,12,4.5
2024-07-04,North,Earl Grey,Tea,12,4.0
2024-07-04,North,Flapjack,Snacks,24,1.76
2024-07-04,North,Almond croissant,Snacks,16,2.8
2024-07-04,Centre,Espresso beans,Coffee,17,9.5
2024-07-04,Centre,Filter coffee,Coffee,20,7.0
2024-07-04,Centre,Green tea,Tea,9,4.5
2024-07-04,Centre,Earl Grey,Tea,17,4.0
2024-07-04,Centre,Flapjack,Snacks,26,2.2
2024-07-04,Centre,Almond croissant,Snacks,31,2.8
2024-07-04,South,Espresso beans,Coffee,6,9.5
2024-07-04,South,Filter coffee,Coffee,12,7.0
2024-07-04,South,Green tea,Tea,7,4.5
2024-07-04,South,Earl Grey,Tea,8,4.0
2024-07-04,South,Flapjack,Snacks,20,2.2
2024-07-04,South,Almond croissant,Snacks,11,2.8
2024-07-05,North,Espresso beans,Coffee,10,9.5
2024-07-05,North,Filter coffee,Coffee,23,7.0
2024-07-05,North,Green tea,Tea,8,4.5
2024-07-05,North,Earl Grey,Tea,15,4.0
2024-07-05,North,Flapjack,Snacks,35,1.76
2024-07-05,North,Almond croissant,Snacks,23,2.8
2024-07-05,Centre,Espresso beans,Coffee,15,9.5
2024-07-05,Centre,Filter coffee,Coffee,32,7.0
2024-07-05,Centre,Green tea,Tea,15,4.5
2024-07-05,Centre,Earl Grey,Tea,19,4.0
2024-07-05,Centre,Flapjack,Snacks,38,2.2
2024-07-05,Centre,Almond croissant,Snacks,42,2.8
2024-07-05,South,Espresso beans,Coffee,14,9.5
2024-07-05,South,Filter coffee,Coffee,17,7.0
2024-07-05,South,Green tea,Tea,7,4.5
2024-07-05,South,Earl Grey,Tea,5,4.0
2024-07-05,South,Flapjack,Snacks,14,2.2
2024-07-05,South,Almond croissant,Snacks,20,2.8
2024-07-06,North,Espresso beans,Coffee,16,9.5
2024-07-06,North,Filter coffee,Coffee,20,7.0
2024-07-06,North,Green tea,Tea,9,4.5
2024-07-06,North,Earl Grey,Tea,16,4.0
2024-07-06,North,Flapjack,Snacks,39,2.2
2024-07-06,North,Almond croissant,Snacks,42,2.24
2024-07-06,Centre,Espresso beans,Coffee,24,9.5
2024-07-06,Centre,Filter coffee,Coffee,23,7.0
2024-07-06,Centre,Green tea,Tea,10,4.5
2024-07-06,Centre,Earl Grey,Tea,21,4.0
2024-07-06,Centre,Flapjack,Snacks,53,2.2
2024-07-06,Centre,Almond croissant,Snacks,42,2.8
2024-07-06,South,Espresso beans,Coffee,16,9.5
2024-07-06,South,Filter coffee,Coffee,18,7.0
2024-07-06,South,Green tea,Tea,6,4.5
2024-07-06,South,Earl Grey,Tea,8,4.0
2024-07-06,South,Flapjack,Snacks,25,2.2
2024-07-06,South,Almond croissant,Snacks,21,2.8
2024-07-07,North,Espresso beans,Coffee,18,9.5
2024-07-07,North,Filter coffee,Coffee,17,7.0
2024-07-07,North,Green tea,Tea,10,4.5
2024-07-07,North,Earl Grey,Tea,13,4.0
2024-07-07,North,Flapjack,Snacks,39,1.76
2024-07-07,North,Almond croissant,Snacks,17,2.8
2024-07-07,Centre,Espresso beans,Coffee,18,9.5
2024-07-07,Centre,Filter coffee,Coffee,26,7.0
2024-07-07,Centre,Green tea,Tea,10,4.5
2024-07-07,Centre,Earl Grey,Tea,13,4.0
2024-07-07,Centre,Flapjack,Snacks,36,2.2
2024-07-07,Centre,Almond croissant,Snacks,22,2.8
2024-07-07,South,Espresso beans,Coffee,15,9.5
2024-07-07,South,Filter coffee,Coffee,12,7.0
2024-07-07,South,Green tea,Tea,6,4.5
2024-07-07,South,Earl Grey,Tea,4,4.0
2024-07-07,South,Flapjack,Snacks,21,2.2
2024-07-07,South,Almond croissant,Snacks,10,2.8
2024-07-08,North,Espresso beans,Coffee,20,7.6
2024-07-08,North,Filter coffee,Coffee,10,7.0
2024-07-08,North,Green tea,Tea,5,4.5
2024-07-08,North,Earl Grey,Tea,7,4.0
2024-07-08,North,Flapjack,Snacks,12,2.2
2024-07-08,North,Almond croissant,Snacks,22,2.8
2024-07-08,Centre,Espresso beans,Coffee,15,9.5
2024-07-08,Centre,Filter coffee,Coffee,15,7.0
2024-07-08,Centre,Green tea,Tea,13,4.5
2024-07-08,Centre,Earl Grey,Tea,18,4.0
2024-07-08,Centre,Flapjack,Snacks,34,2.2
2024-07-08,Centre,Almond croissant,Snacks,28,2.8
2024-07-08,South,Espresso beans,Coffee,5,9.5
2024-07-08,South,Filter coffee,Coffee,7,7.0
2024-07-08,South,Green tea,Tea,7,4.5
2024-07-08,South,Earl Grey,Tea,7,4.0
2024-07-08,South,Flapjack,Snacks,14,2.2
2024-07-08,South,Almond croissant,Snacks,9,2.8
2024-07-09,North,Espresso beans,Coffee,5,9.5
2024-07-09,North,Filter coffee,Coffee,19,7.0
2024-07-09,North,Green tea,Tea,5,4.5
2024-07-09,North,Earl Grey,Tea,8,4.0
2024-07-09,North,Flapjack,Snacks,18,2.2
2024-07-09,North,Almond croissant,Snacks,18,2.8
2024-07-09,Centre,Espresso beans,Coffee,14,9.5
2024-07-09,Centre,Filter coffee,Coffee,17,7.0
2024-07-09,Centre,Green tea,Tea,11,4.5
2024-07-09,Centre,Earl Grey,Tea,14,4.0
2024-07-09,Centre,Flapjack,Snacks,24,2.2
2024-07-09,Centre,Almond croissant,Snacks,26,2.8
2024-07-09,South,Espresso beans,Coffee,5,9.5
2024-07-09,South,Filter coffee,Coffee,23,7.0
2024-07-09,South,Green tea,Tea,9,4.5
2024-07-09,South,Earl Grey,Tea,6,4.0
2024-07-09,South,Flapjack,Snacks,11,2.2
2024-07-09,South,Almond croissant,Snacks,10,2.8
2024-07-10,North,Espresso beans,Coffee,16,9.5
2024-07-10,North,Filter coffee,Coffee,14,7.0
2024-07-10,North,Green tea,Tea,4,4.5
2024-07-10,North,Earl Grey,Tea,9,4.0
2024-07-10,North,Flapjack,Snacks,16,2.2
2024-07-10,North,Almond croissant,Snacks,12,2.8
2024-07-10,Centre,Espresso beans,Coffee,28,7.6
2024-07-10,Centre,Filter coffee,Coffee,23,7.0
2024-07-10,Centre,Green tea,Tea,12,4.5
2024-07-10,Centre,Earl Grey,Tea,8,4.0
2024-07-10,Centre,Flapjack,Snacks,38,2.2
2024-07-10,Centre,Almond croissant,Snacks,24,2.8
2024-07-10,South,Espresso beans,Coffee,6,9.5
2024-07-10,South,Filter coffee,Coffee,14,7.0
2024-07-10,South,Green tea,Tea,10,4.5
2024-07-10,South,Earl Grey,Tea,5,4.0
2024-07-10,South,Flapjack,Snacks,16,2.2
2024-07-10,South,Almond croissant,Snacks,18,2.8
2024-07-11,North,Espresso beans,Coffee,18,9.5
2024-07-11,North,Filter coffee,Coffee,15,7.0
2024-07-11,North,Green tea,Tea,9,4.5
2024-07-11,North,Earl Grey,Tea,13,4.0
2024-07-11,North,Flapjack,Snacks,20,2.2
2024-07-11,North,Almond croissant,Snacks,20,2.8
2024-07-11,Centre,Espresso beans,Coffee,20,9.5
2024-07-11,Centre,Filter coffee,Coffee,20,7.0
2024-07-11,Centre,Green tea,Tea,18,4.5
2024-07-11,Centre,Earl Grey,Tea,17,3.2
2024-07-11,Centre,Flapjack,Snacks,39,2.2
2024-07-11,Centre,Almond croissant,Snacks,20,2.8
2024-07-11,South,Espresso beans,Coffee,14,9.5
2024-07-11,South,Filter coffee,Coffee,14,7.0
2024-07-11,South,Green tea,Tea,7,4.5
2024-07-11,South,Earl Grey,Tea,3,4.0
2024-07-11,South,Flapjack,Snacks,18,2.2
2024-07-11,South,Almond croissant,Snacks,12,2.8
2024-07-12,North,Espresso beans,Coffee,15,9.5
2024-07-12,North,Filter coffee,Coffee,27,7.0
2024-07-12,North,Green tea,Tea,8,4.5
2024-07-12,North,Earl Grey,Tea,12,4.0
2024-07-12,North,Flapjack,Snacks,21,2.2
2024-07-12,North,Almond croissant,Snacks,25,2.8
2024-07-12,Centre,Espresso beans,Coffee,22,9.5
2024-07-12,Centre,Filter coffee,Coffee,28,7.0
2024-07-12,Centre,Green tea,Tea,11,4.5
2024-07-12,Centre,Earl Grey,Tea,14,4.0
2024-07-12,Centre,Flapjack,Snacks,37,2.2
2024-07-12,Centre,Almond croissant,Snacks,26,2.8
2024-07-12,South,Espresso beans,Coffee,12,9.5
2024-07-12,South,Filter coffee,Coffee,19,7.0
2024-07-12,South,Green tea,Tea,12,4.5
2024-07-12,South,Earl Grey,Tea,6,4.0
2024-07-12,South,Flapjack,Snacks,22,2.2
2024-07-12,South,Almond croissant,Snacks,25,2.24
2024-07-13,North,Espresso beans,Coffee,19,9.5
2024-07-13,North,Filter coffee,Coffee,13,7.0
2024-07-13,North,Green tea,Tea,7,4.5
2024-07-13,North,Earl Grey,Tea,11,4.0
2024-07-13,North,Flapjack,Snacks,28,2.2
2024-07-13,North,Almond croissant,Snacks,24,2.8
2024-07-13,Centre,Espresso beans,Coffee,19,9.5
2024-07-13,Centre,Filter coffee,Coffee,37,7.0
2024-07-13,Centre,Green tea,Tea,13,4.5
2024-07-13,Centre,Earl Grey,Tea,13,4.0
2024-07-13,Centre,Flapjack,Snacks,29,2.2
2024-07-13,Centre,Almond croissant,Snacks,34,2.8
2024-07-13,South,Espresso beans,Coffee,14,9.5
2024-07-13,South,Filter coffee,Coffee,25,7.0
2024-07-13,South,Green tea,Tea,9,4.5
2024-07-13,South,Earl Grey,Tea,3,4.0
2024-07-13,South,Flapjack,Snacks,25,2.2
2024-07-13,South,Almond croissant,Snacks,23,2.8
2024-07-14,North,Espresso beans,Coffee,14,9.5
2024-07-14,North,Filter coffee,Coffee,12,7.0
2024-07-14,North,Green tea,Tea,7,4.5
2024-07-14,North,Earl Grey,Tea,5,4.0
2024-07-14,North,Flapjack,Snacks,23,2.2
2024-07-14,North,Almond croissant,Snacks,21,2.8
2024-07-14,Centre,Espresso beans,Coffee,13,9.5
2024-07-14,Centre,Filter coffee,Coffee,28,7.0
2024-07-14,Centre,Green tea,Tea,15,4.5
2024-07-14,Centre,Earl Grey,Tea,14,4.0
2024-07-14,Centre,Flapjack,Snacks,32,2.2
2024-07-14,Centre,Almond croissant,Snacks,29,2.8
2024-07-14,South,Espresso beans,Coffee,8,9.5
2024-07-14,South,Filter coffee,Coffee,11,7.0
2024-07-14,South,Green tea,Tea,4,4.5
2024-07-14,South,Earl Grey,Tea,14,3.2
2024-07-14,South,Flapjack,Snacks,17,2.2
2024-07-14,South,Almond croissant,Snacks,17,2.8
2024-07-15,North,Espresso beans,Coffee,9,9.5
2024-07-15,North,Filter coffee,Coffee,13,7.0
2024-07-15,North,Green tea,Tea,6,4.5
2024-07-15,North,Earl Grey,Tea,6,4.0
2024-07-15,North,Flapjack,Snacks,17,2.2
2024-07-15,North,Almond croissant,Snacks,20,2.8
2024-07-15,Centre,Espresso beans,Coffee,20,9.5
2024-07-15,Centre,Filter coffee,Coffee,33,7.0
2024-07-15,Centre,Green tea,Tea,6,4.5
2024-07-15,Centre,Earl Grey,Tea,15,4.0
2024-07-15,Centre,Flapjack,Snacks,26,2.2
2024-07-15,Centre,Almond croissant,Snacks,36,2.24
2024-07-15,South,Espresso beans,Coffee,8,9.5
2024-07-15,South,Filter coffee,Coffee,20,7.0
2024-07-15,South,Green tea,Tea,4,4.5
2024-07-15,South,Earl Grey,Tea,9,4.0
2024-07-15,South,Flapjack,Snacks,20,2.2
2024-07-15,South,Almond croissant,Snacks,13,2.8
2024-07-16,North,Espresso beans,Coffee,13,9.5
2024-07-16,North,Filter coffee,Coffee,9,7.0
2024-07-16,North,Green tea,Tea,10,4.5
2024-07-16,North,Earl Grey,Tea,16,4.0
2024-07-16,North,Flapjack,Snacks,22,2.2
2024-07-16,North,Almond croissant,Snacks,17,2.8
2024-07-16,Centre,Espresso beans,Coffee,15,9.5
2024-07-16,Centre,Filter coffee,Coffee,16,7.0
2024-07-16,Centre,Green tea,Tea,7,4.5
2024-07-16,Centre,Earl Grey,Tea,12,4.0
2024-07-16,Centre,Flapjack,Snacks,29,2.2
2024-07-16,Centre,Almond croissant,Snacks,31,2.8
2024-07-16,South,Espresso beans,Coffee,5,9.5
2024-07-16,South,Filter coffee,Coffee,9,7.0
2024-07-16,South,Green tea,Tea,5,4.5
2024-07-16,South,Earl Grey,Tea,6,4.0
2024-07-16,South,Flapjack,Snacks,18,2.2
2024-07-16,South,Almond croissant,Snacks,16,2.8
2024-07-17,North,Espresso beans,Coffee,7,9.5
2024-07-17,North,Filter coffee,Coffee,8,7.0
2024-07-17,North,Green tea,Tea,6,4.5
2024-07-17,North,Earl Grey,Tea,8,4.0
2024-07-17,North,Flapjack,Snacks,26,2.2
2024-07-17,North,Almond croissant,Snacks,12,2.8
2024-07-17,Centre,Espresso beans,Coffee,14,9.5
2024-07-17,Centre,Filter coffee,Coffee,24,7.0
2024-07-17,Centre,Green tea,Tea,10,4.5
2024-07-17,Centre,Earl Grey,Tea,17,3.2
2024-07-17,Centre,Flapjack,Snacks,30,2.2
2024-07-17,Centre,Almond croissant,Snacks,33,2.8
2024-07-17,South,Espresso beans,Coffee,8,9.5
2024-07-17,South,Filter coffee,Coffee,16,7.0
2024-07-17,South,Green tea,Tea,4,4.5
2024-07-17,South,Earl Grey,Tea,11,4.0
2024-07-17,South,Flapjack,Snacks,16,2.2
2024-07-17,South,Almond croissant,Snacks,7,2.8
2024-07-18,North,Espresso beans,Coffee,9,9.5
2024-07-18,North,Filter coffee,Coffee,13,7.0
2024-07-18,North,Green tea,Tea,7,4.5
2024-07-18,North,Earl Grey,Tea,7,4.0
2024-07-18,North,Flapjack,Snacks,34,1.76
2024-07-18,North,Almond croissant,Snacks,16,2.8
2024-07-18,Centre,Espresso beans,Coffee,28,9.5
2024-07-18,Centre,Filter coffee,Coffee,17,7.0
2024-07-18,Centre,Green tea,Tea,12,4.5
2024-07-18,Centre,Earl Grey,Tea,12,4.0
2024-07-18,Centre,Flapjack,Snacks,29,2.2
2024-07-18,Centre,Almond croissant,Snacks,29,2.8
2024-07-18,South,Espresso beans,Coffee,11,9.5
2024-07-18,South,Filter coffee,Coffee,18,7.0
2024-07-18,South,Green tea,Tea,10,4.5
2024-07-18,South,Earl Grey,Tea,8,4.0
2024-07-18,South,Flapjack,Snacks,12,2.2
2024-07-18,South,Almond croissant,Snacks,16,2.8
2024-07-19,North,Espresso beans,Coffee,17,9.5
2024-07-19,North,Filter coffee,Coffee,17,7.0
2024-07-19,North,Green tea,Tea,6,4.5
2024-07-19,North,Earl Grey,Tea,5,4.0
2024-07-19,North,Flapjack,Snacks,24,2.2
2024-07-19,North,Almond croissant,Snacks,20,2.8
2024-07-19,Centre,Espresso beans,Coffee,21,9.5
2024-07-19,Centre,Filter coffee,Coffee,21,7.0
2024-07-19,Centre,Green tea,Tea,11,4.5
2024-07-19,Centre,Earl Grey,Tea,14,4.0
2024-07-19,Centre,Flapjack,Snacks,48,2.2
2024-07-19,Centre,Almond croissant,Snacks,23,2.8
2024-07-19,South,Espresso beans,Coffee,8,9.5
2024-07-19,South,Filter coffee,Coffee,15,7.0
2024-07-19,South,Green tea,Tea,10,4.5
2024-07-19,South,Earl Grey,Tea,5,4.0
2024-07-19,South,Flapjack,Snacks,21,2.2
2024-07-19,South,Almond croissant,Snacks,14,2.8
2024-07-20,North,Espresso beans,Coffee,15,9.5
2024-07-20,North,Filter coffee,Coffee,14,7.0
2024-07-20,North,Green tea,Tea,11,4.5
2024-07-20,North,Earl Grey,Tea,12,4.0
2024-07-20,North,Flapjack,Snacks,31,2.2
2024-07-20,North,Almond croissant,Snacks,24,2.8
2024-07-20,Centre,Espresso beans,Coffee,28,9.5
2024-07-20,Centre,Filter coffee,Coffee,25,7.0
2024-07-20,Centre,Green tea,Tea,21,4.5
2024-07-20,Centre,Earl Grey,Tea,18,4.0
2024-07-20,Centre,Flapjack,Snacks,55,2.2
2024-07-20,Centre,Almond croissant,Snacks,32,2.8
2024-07-20,South,Espresso beans,Coffee,17,9.5
2024-07-20,South,Filter coffee,Coffee,15,7.0
2024-07-20,South,Green tea,Tea,13,4.5
2024-07-20,South,Earl Grey,Tea,13,4.0
2024-07-20,South,Flapjack,Snacks,23,2.2
2024-07-20,South,Almond croissant,Snacks,28,2.8
2024-07-21,North,Espresso beans,Coffee,16,9.5
2024-07-21,North,Filter coffee,Coffee,27,7.0
2024-07-21,North,Green tea,Tea,7,4.5
2024-07-21,North,Earl Grey,Tea,9,4.0
2024-07-21,North,Flapjack,Snacks,28,2.2
2024-07-21,North,Almond croissant,Snacks,20,2.8
2024-07-21,Centre,Espresso beans,Coffee,25,9.5
2024-07-21,Centre,Filter coffee,Coffee,23,7.0
2024-07-21,Centre,Green tea,Tea,9,4.5
2024-07-21,Centre,Earl Grey,Tea,18,4.0
2024-07-21,Centre,Flapjack,Snacks,36,2.2
2024-07-21,Centre,Almond croissant,Snacks,39,2.8
2024-07-21,South,Espresso beans,Coffee,14,9.5
2024-07-21,South,Filter coffee,Coffee,11,7.0
2024-07-21,South,Green tea,Tea,9,4.5
2024-07-21,South,Earl Grey,Tea,6,4.0
2024-07-21,South,Flapjack,Snacks,25,2.2
2024-07-21,South,Almond croissant,Snacks,16,2.8
2024-07-22,North,Espresso beans,Coffee,12,9.5
2024-07-22,North,Filter coffee,Coffee,21,7.0
2024-07-22,North,Green tea,Tea,10,4.5
2024-07-22,North,Earl Grey,Tea,14,4.0
2024-07-22,North,Flapjack,Snacks,16,2.2
2024-07-22,North,Almond croissant,Snacks,19,2.8
2024-07-22,Centre,Espresso beans,Coffee,13,9.5
2024-07-22,Centre,Filter coffee,Coffee,24,7.0
2024-07-22,Centre,Green tea,Tea,7,4.5
2024-07-22,Centre,Earl Grey,Tea,10,4.0
2024-07-22,Centre,Flapjack,Snacks,25,2.2
2024-07-22,Centre,Almond croissant,Snacks,25,2.8
2024-07-22,South,Espresso beans,Coffee,5,9.5
2024-07-22,South,Filter coffee,Coffee,15,7.0
2024-07-22,South,Green tea,Tea,3,4.5
2024-07-22,South,Earl Grey,Tea,8,4.0
2024-07-22,South,Flapjack,Snacks,14,2.2
2024-07-22,South,Almond croissant,Snacks,11,2.8
2024-07-23,North,Espresso beans,Coffee,4,9.5
2024-07-23,North,Filter coffee,Coffee,21,5.6
2024-07-23,North,Green tea,Tea,8,4.5
2024-07-23,North,Earl Grey,Tea,6,4.0
2024-07-23,North,Flapjack,Snacks,16,2.2
2024-07-23,North,Almond croissant,Snacks,20,2.8
2024-07-23,Centre,Espresso beans,Coffee,13,9.5
2024-07-23,Centre,Filter coffee,Coffee,17,7.0
2024-07-23,Centre,Green tea,Tea,10,4.5
2024-07-23,Centre,Earl Grey,Tea,9,4.0
2024-07-23,Centre,Flapjack,Snacks,21,2.2
2024-07-23,Centre,Almond croissant,Snacks,25,2.8
2024-07-23,South,Espresso beans,Coffee,6,9.5
2024-07-23,South,Filter coffee,Coffee,14,7.0
2024-07-23,South,Green tea,Tea,5,4.5
2024-07-23,South,Earl Grey,Tea,4,4.0
2024-07-23,South,Flapjack,Snacks,17,2.2
2024-07-23,South,Almond croissant,Snacks,13,2.8
2024-07-24,North,Espresso beans,Coffee,11,9.5
2024-07-24,North,Filter coffee,Coffee,14,7.0
2024-07-24,North,Green tea,Tea,5,4.5
2024-07-24,North,Earl Grey,Tea,3,4.0
2024-07-24,North,Flapjack,Snacks,14,2.2
2024-07-24,North,Almond croissant,Snacks,15,2.8
2024-07-24,Centre,Espresso beans,Coffee,12,9.5
2024-07-24,Centre,Filter coffee,Coffee,21,7.0
2024-07-24,Centre,Green tea,Tea,11,4.5
2024-07-24,Centre,Earl Grey,Tea,15,4.0
2024-07-24,Centre,Flapjack,Snacks,38,2.2
2024-07-24,Centre,Almond croissant,Snacks,27,2.8
2024-07-24,South,Espresso beans,Coffee,6,9.5
2024-07-24,South,Filter coffee,Coffee,15,5.6
2024-07-24,South,Green tea,Tea,10,4.5
2024-07-24,South,Earl Grey,Tea,10,4.0
2024-07-24,South,Flapjack,Snacks,23,2.2
2024-07-24,South,Almond croissant,Snacks,15,2.8
2024-07-25,North,Espresso beans,Coffee,15,9.5
2024-07-25,North,Filter coffee,Coffee,15,7.0
2024-07-25,North,Green tea,Tea,8,4.5
2024-07-25,North,Earl Grey,Tea,15,4.0
2024-07-25,North,Flapjack,Snacks,28,2.2
2024-07-25,North,Almond croissant,Snacks,19,2.8
2024-07-25,Centre,Espresso beans,Coffee,19,9.5
2024-07-25,Centre,Filter coffee,Coffee,20,7.0
2024-07-25,Centre,Green tea,Tea,13,4.5
2024-07-25,Centre,Earl Grey,Tea,13,4.0
2024-07-25,Centre,Flapjack,Snacks,29,2.2
2024-07-25,Centre,Almond croissant,Snacks,19,2.8
2024-07-25,South,Espresso beans,Coffee,10,9.5
2024-07-25,South,Filter coffee,Coffee,12,7.0
2024-07-25,South,Green tea,Tea,8,4.5
2024-07-25,South,Earl Grey,Tea,6,4.0
2024-07-25,South,Flapjack,Snacks,20,2.2
2024-07-25,South,Almond croissant,Snacks,12,2.8
2024-07-26,North,Espresso beans,Coffee,13,9.5
2024-07-26,North,Filter coffee,Coffee,15,7.0
2024-07-26,North,Green tea,Tea,8,4.5
2024-07-26,North,Earl Grey,Tea,4,4.0
2024-07-26,North,Flapjack,Snacks,28,2.2
2024-07-26,North,Almond croissant,Snacks,21,2.8
2024-07-26,Centre,Espresso beans,Coffee,19,9.5
2024-07-26,Centre,Filter coffee,Coffee,27,7.0
2024-07-26,Centre,Green tea,Tea,6,4.5
2024-07-26,Centre,Earl Grey,Tea,13,4.0
2024-07-26,Centre,Flapjack,Snacks,59,2.2
2024-07-26,Centre,Almond croissant,Snacks,28,2.8
2024-07-26,South,Espresso beans,Coffee,12,9.5
2024-07-26,South,Filter coffee,Coffee,19,5.6
2024-07-26,South,Green tea,Tea,5,4.5
2024-07-26,South,Earl Grey,Tea,10,4.0
2024-07-26,South,Flapjack,Snacks,21,2.2
2024-07-26,South,Almond croissant,Snacks,25,2.24
2024-07-27,North,Espresso beans,Coffee,10,9.5
2024-07-27,North,Filter coffee,Coffee,27,7.0
2024-07-27,North,Green tea,Tea,14,4.5
2024-07-27,North,Earl Grey,Tea,9,4.0
2024-07-27,North,Flapjack,Snacks,27,2.2
2024-07-27,North,Almond croissant,Snacks,32,2.8
2024-07-27,Centre,Espresso beans,Coffee,25,9.5
2024-07-27,Centre,Filter coffee,Coffee,34,7.0
2024-07-27,Centre,Green tea,Tea,21,4.5
2024-07-27,Centre,Earl Grey,Tea,17,4.0
2024-07-27,Centre,Flapjack,Snacks,42,2.2
2024-07-27,Centre,Almond croissant,Snacks,48,2.8
2024-07-27,South,Espresso beans,Coffee,21,9.5
2024-07-27,South,Filter coffee,Coffee,18,7.0
2024-07-27,South,Green tea,Tea,12,4.5
2024-07-27,South,Earl Grey,Tea,10,3.2
2024-07-27,South,Flapjack,Snacks,39,1.76
2024-07-27,South,Almond croissant,Snacks,11,2.8
2024-07-28,North,Espresso beans,Coffee,17,9.5
2024-07-28,North,Filter coffee,Coffee,16,7.0
2024-07-28,North,Green tea,Tea,10,4.5
2024-07-28,North,Earl Grey,Tea,6,4.0
2024-07-28,North,Flapjack,Snacks,24,2.2
2024-07-28,North,Almond croissant,Snacks,19,2.8
2024-07-28,Centre,Espresso beans,Coffee,16,9.5
2024-07-28,Centre,Filter coffee,Coffee,24,7.0
2024-07-28,Centre,Green tea,Tea,10,4.5
2024-07-28,Centre,Earl Grey,Tea,23,4.0
2024-07-28,Centre,Flapjack,Snacks,25,2.2
2024-07-28,Centre,Almond croissant,Snacks,29,2.8
2024-07-28,South,Espresso beans,Coffee,9,9.5
2024-07-28,South,Filter coffee,Coffee,9,7.0
2024-07-28,South,Green tea,Tea,6,4.5
2024-07-28,South,Earl Grey,Tea,9,4.0
2024-07-28,South,Flapjack,Snacks,16,2.2
2024-07-28,South,Almond croissant,Snacks,20,2.8
2024-07-29,North,Espresso beans,Coffee,15,9.5
2024-07-29,North,Filter coffee,Coffee,11,7.0
2024-07-29,North,Green tea,Tea,14,4.5
2024-07-29,North,Earl Grey,Tea,6,4.0
2024-07-29,North,Flapjack,Snacks,22,2.2
2024-07-29,North,Almond croissant,Snacks,21,2.8
2024-07-29,Centre,Espresso beans,Coffee,16,9.5
2024-07-29,Centre,Filter coffee,Coffee,19,7.0
2024-07-29,Centre,Green tea,Tea,8,4.5
2024-07-29,Centre,Earl Grey,Tea,23,3.2
2024-07-29,Centre,Flapjack,Snacks,28,2.2
2024-07-29,Centre,Almond croissant,Snacks,26,2.8
2024-07-29,South,Espresso beans,Coffee,6,9.5
2024-07-29,South,Filter coffee,Coffee,10,7.0
2024-07-29,South,Green tea,Tea,6,4.5
2024-07-29,South,Earl Grey,Tea,7,4.0
2024-07-29,South,Flapjack,Snacks,24,2.2
2024-07-29,South,Almond croissant,Snacks,7,2.8
2024-07-30,North,Espresso beans,Coffee,19,7.6
2024-07-30,North,Filter coffee,Coffee,15,7.0
2024-07-30,North,Green tea,Tea,7,4.5
2024-07-30,North,Earl Grey,Tea,8,4.0
2024-07-30,North,Flapjack,Snacks,32,2.2
2024-07-30,North,Almond croissant,Snacks,14,2.8
2024-07-30,Centre,Espresso beans,Coffee,19,9.5
2024-07-30,Centre,Filter coffee,Coffee,36,5.6
2024-07-30,Centre,Green tea,Tea,8,4.5
2024-07-30,Centre,Earl Grey,Tea,14,4.0
2024-07-30,Centre,Flapjack,Snacks,26,2.2
2024-07-30,Centre,Almond croissant,Snacks,27,2.8
2024-07-30,South,Espresso beans,Coffee,8,9.5
2024-07-30,South,Filter coffee,Coffee,11,7.0
2024-07-30,South,Green tea,Tea,3,4.5
2024-07-30,South,Earl Grey,Tea,9,4.0
2024-07-30,South,Flapjack,Snacks,9,2.2
2024-07-30,South,Almond croissant,Snacks,13,2.8
2024-07-31,North,Espresso beans,Coffee,11,9.5
2024-07-31,North,Filter coffee,Coffee,18,7.0
2024-07-31,North,Green tea,Tea,2,4.5
2024-07-31,North,Earl Grey,Tea,15,3.2
2024-07-31,North,Flapjack,Snacks,16,2.2
2024-07-31,North,Almond croissant,Snacks,20,2.8
2024-07-31,Centre,Espresso beans,Coffee,16,9.5
2024-07-31,Centre,Filter coffee,Coffee,13,7.0
2024-07-31,Centre,Green tea,Tea,7,4.5
2024-07-31,Centre,Earl Grey,Tea,15,4.0
2024-07-31,Centre,Flapjack,Snacks,20,2.2
2024-07-31,Centre,Almond croissant,Snacks,30,2.8
2024-07-31,South,Espresso beans,Coffee,8,9.5
2024-07-31,South,Filter coffee,Coffee,12,7.0
2024-07-31,South,Green tea,Tea,5,4.5
2024-07-31,South,Earl Grey,Tea,7,4.0
2024-07-31,South,Flapjack,Snacks,25,2.2
2024-07-31,South,Almond croissant,Snacks,8,2.8
2024-08-01,North,Espresso beans,Coffee,10,9.5
2024-08-01,North,Filter coffee,Coffee,13,7.0
2024-08-01,North,Green tea,Tea,8,4.5
2024-08-01,North,Earl Grey,Tea,8,4.0
2024-08-01,North,Flapjack,Snacks,20,2.2
2024-08-01,North,Almond croissant,Snacks,18,2.8
2024-08-01,Centre,Espresso beans,Coffee,22,9.5
2024-08-01,Centre,Filter coffee,Coffee,17,7.0
2024-08-01,Centre,Green tea,Tea,9,4.5
2024-08-01,Centre,Earl Grey,Tea,10,4.0
2024-08-01,Centre,Flapjack,Snacks,43,2.2
2024-08-01,Centre,Almond croissant,Snacks,28,2.8
2024-08-01,South,Espresso beans,Coffee,13,9.5
2024-08-01,South,Filter coffee,Coffee,10,7.0
2024-08-01,South,Green tea,Tea,7,4.5
2024-08-01,South,Earl Grey,Tea,3,4.0
2024-08-01,South,Flapjack,Snacks,22,2.2
2024-08-01,South,Almond croissant,Snacks,17,2.8
2024-08-02,North,Espresso beans,Coffee,11,9.5
2024-08-02,North,Filter coffee,Coffee,13,7.0
2024-08-02,North,Green tea,Tea,7,4.5
2024-08-02,North,Earl Grey,Tea,14,4.0
2024-08-02,North,Flapjack,Snacks,22,2.2
2024-08-02,North,Almond croissant,Snacks,21,2.8
2024-08-02,Centre,Espresso beans,Coffee,19,9.5
2024-08-02,Centre,Filter coffee,Coffee,27,7.0
2024-08-02,Centre,Green tea,Tea,11,4.5
2024-08-02,Centre,Earl Grey,Tea,12,4.0
2024-08-02,Centre,Flapjack,Snacks,41,2.2
2024-08-02,Centre,Almond croissant,Snacks,24,2.8
2024-08-02,South,Espresso beans,Coffee,11,9.5
2024-08-02,South,Filter coffee,Coffee,9,7.0
2024-08-02,South,Green tea,Tea,4,4.5
2024-08-02,South,Earl Grey,Tea,11,4.0
2024-08-02,South,Flapjack,Snacks,20,2.2
2024-08-02,South,Almond croissant,Snacks,19,2.8
2024-08-03,North,Espresso beans,Coffee,20,9.5
2024-08-03,North,Filter coffee,Coffee,19,7.0
2024-08-03,North,Green tea,Tea,15,4.5
2024-08-03,North,Earl Grey,Tea,14,4.0
2024-08-03,North,Flapjack,Snacks,27,2.2
2024-08-03,North,Almond croissant,Snacks,12,2.8
2024-08-03,Centre,Espresso beans,Coffee,26,9.5
2024-08-03,Centre,Filter coffee,Coffee,22,7.0
2024-08-03,Centre,Green tea,Tea,15,4.5
2024-08-03,Centre,Earl Grey,Tea,21,4.0
2024-08-03,Centre,Flapjack,Snacks,39,2.2
2024-08-03,Centre,Almond croissant,Snacks,28,2.8
2024-08-03,South,Espresso beans,Coffee,12,9.5
2024-08-03,South,Filter coffee,Coffee,19,7.0
2024-08-03,South,Green tea,Tea,11,4.5
2024-08-03,South,Earl Grey,Tea,10,4.0
2024-08-03,South,Flapjack,Snacks,19,2.2
2024-08-03,South,Almond croissant,Snacks,23,2.8
2024-08-04,North,Espresso beans,Coffee,20,9.5
2024-08-04,North,Filter coffee,Coffee,15,7.0
2024-08-04,North,Green tea,Tea,8,4.5
2024-08-04,North,Earl Grey,Tea,14,4.0
2024-08-04,North,Flapjack,Snacks,30,2.2
2024-08-04,North,Almond croissant,Snacks,12,2.8
2024-08-04,Centre,Espresso beans,Coffee,17,9.5
2024-08-04,Centre,Filter coffee,Coffee,23,7.0
2024-08-04,Centre,Green tea,Tea,10,4.5
2024-08-04,Centre,Earl Grey,Tea,18,4.0
2024-08-04,Centre,Flapjack,Snacks,29,2.2
2024-08-04,Centre,Almond croissant,Snacks,29,2.8
2024-08-04,South,Espresso beans,Coffee,7,9.5
2024-08-04,South,Filter coffee,Coffee,29,5.6
2024-08-04,South,Green tea,Tea,10,4.5
2024-08-04,South,Earl Grey,Tea,10,4.0
2024-08-04,South,Flapjack,Snacks,23,2.2
2024-08-04,South,Almond croissant,Snacks,21,2.8
2024-08-05,North,Espresso beans,Coffee,6,9.5
2024-08-05,North,Filter coffee,Coffee,14,7.0
2024-08-05,North,Green tea,Tea,10,3.6
2024-08-05,North,Earl Grey,Tea,9,4.0
2024-08-05,North,Flapjack,Snacks,17,2.2
2024-08-05,North,Almond croissant,Snacks,21,2.8
2024-08-05,Centre,Espresso beans,Coffee,13,9.5
2024-08-05,Centre,Filter coffee,Coffee,22,7.0
2024-08-05,Centre,Green tea,Tea,12,4.5
2024-08-05,Centre,Earl Grey,Tea,19,4.0
2024-08-05,Centre,Flapjack,Snacks,36,2.2
2024-08-05,Centre,Almond croissant,Snacks,23,2.8
2024-08-05,South,Espresso beans,Coffee,6,9.5
2024-08-05,South,Filter coffee,Coffee,16,7.0
2024-08-05,South,Green tea,Tea,4,4.5
2024-08-05,South,Earl Grey,Tea,4,4.0
2024-08-05,South,Flapjack,Snacks,16,2.2
2024-08-05,South,Almond croissant,Snacks,11,2.8
2024-08-06,North,Espresso beans,Coffee,11,9.5
2024-08-06,North,Filter coffee,Coffee,15,7.0
2024-08-06,North,Green tea,Tea,7,4.5
2024-08-06,North,Earl Grey,Tea,7,4.0
2024-08-06,North,Flapjack,Snacks,19,2.2
2024-08-06,North,Almond croissant,Snacks,16,2.8
2024-08-06,Centre,Espresso beans,Coffee,17,9.5
2024-08-06,Centre,Filter coffee,Coffee,15,7.0
2024-08-06,Centre,Green tea,Tea,9,4.5
2024-08-06,Centre,Earl Grey,Tea,14,4.0
2024-08-06,Centre,Flapjack,Snacks,24,2.2
2024-08-06,Centre,Almond croissant,Snacks,27,2.8
2024-08-06,South,Espresso beans,Coffee,13,9.5
2024-08-06,South,Filter coffee,Coffee,11,7.0
2024-08-06,South,Green tea,Tea,8,4.5
2024-08-06,South,Earl Grey,Tea,4,4.0
2024-08-06,South,Flapjack,Snacks,15,2.2
2024-08-06,South,Almond croissant,Snacks,12,2.8
2024-08-07,North,Espresso beans,Coffee,10,9.5
2024-08-07,North,Filter coffee,Coffee,14,7.0
2024-08-07,North,Green tea,Tea,9,4.5
2024-08-07,North,Earl Grey,Tea,9,4.0
2024-08-07,North,Flapjack,Snacks,21,2.2
2024-08-07,North,Almond croissant,Snacks,20,2.8
2024-08-07,Centre,Espresso beans,Coffee,20,9.5
2024-08-07,Centre,Filter coffee,Coffee,25,7.0
2024-08-07,Centre,Green tea,Tea,6,4.5
2024-08-07,Centre,Earl Grey,Tea,7,4.0
2024-08-07,Centre,Flapjack,Snacks,32,2.2
2024-08-07,Centre,Almond croissant,Snacks,24,2.8
2024-08-07,South,Espresso beans,Coffee,11,9.5
2024-08-07,South,Filter coffee,Coffee,11,7.0
2024-08-07,South,Green tea,Tea,4,4.5
2024-08-07,South,Earl Grey,Tea,8,4.0
2024-08-07,South,Flapjack,Snacks,18,2.2
2024-08-07,South,Almond croissant,Snacks,14,2.8
2024-08-08,North,Espresso beans,Coffee,12,9.5
2024-08-08,North,Filter coffee,Coffee,15,7.0
2024-08-08,North,Green tea,Tea,9,4.5
2024-08-08,North,Earl Grey,Tea,14,3.2
2024-08-08,North,Flapjack,Snacks,21,2.2
2024-08-08,North,Almond croissant,Snacks,23,2.8
2024-08-08,Centre,Espresso beans,Coffee,20,9.5
2024-08-08,Centre,Filter coffee,Coffee,21,7.0
2024-08-08,Centre,Green tea,Tea,15,4.5
2024-08-08,Centre,Earl Grey,Tea,5,4.0
2024-08-08,Centre,Flapjack,Snacks,31,2.2
2024-08-08,Centre,Almond croissant,Snacks,24,2.8
2024-08-08,South,Espresso beans,Coffee,13,9.5
2024-08-08,South,Filter coffee,Coffee,20,7.0
2024-08-08,South,Green tea,Tea,6,4.5
2024-08-08,South,Earl Grey,Tea,6,4.0
2024-08-08,South,Flapjack,Snacks,14,2.2
2024-08-08,South,Almond croissant,Snacks,10,2.8
2024-08-09,North,Espresso beans,Coffee,11,9.5
2024-08-09,North,Filter coffee,Coffee,18,7.0
2024-08-09,North,Green tea,Tea,5,4.5
2024-08-09,North,Earl Grey,Tea,16,4.0
2024-08-09,North,Flapjack,Snacks,30,2.2
2024-08-09,North,Almond croissant,Snacks,23,2.8
2024-08-09,Centre,Espresso beans,Coffee,27,9.5
2024-08-09,Centre,Filter coffee,Coffee,25,7.0
2024-08-09,Centre,Green tea,Tea,12,4.5
2024-08-09,Centre,Earl Grey,Tea,11,4.0
2024-08-09,Centre,Flapjack,Snacks,39,2.2
2024-08-09,Centre,Almond croissant,Snacks,22,2.8
2024-08-09,South,Espresso beans,Coffee,9,9.5
2024-08-09,South,Filter coffee,Coffee,16,7.0
2024-08-09,South,Green tea,Tea,2,4.5
2024-08-09,South,Earl Grey,Tea,8,4.0
2024-08-09,South,Flapjack,Snacks,22,2.2
2024-08-09,South,Almond croissant,Snacks,11,2.8
2024-08-10,North,Espresso beans,Coffee,18,9.5
2024-08-10,North,Filter coffee,Coffee,24,7.0
2024-08-10,North,Green tea,Tea,11,4.5
2024-08-10,North,Earl Grey,Tea,17,4.0
2024-08-10,North,Flapjack,Snacks,32,2.2
2024-08-10,North,Almond croissant,Snacks,31,2.24
2024-08-10,Centre,Espresso beans,Coffee,24,9.5
2024-08-10,Centre,Filter coffee,Coffee,25,7.0
2024-08-10,Centre,Green tea,Tea,8,4.5
2024-08-10,Centre,Earl Grey,Tea,15,4.0
2024-08-10,Centre,Flapjack,Snacks,37,2.2
2024-08-10,Centre,Almond croissant,Snacks,32,2.8
2024-08-10,South,Espresso beans,Coffee,14,9.5
2024-08-10,South,Filter coffee,Coffee,15,7.0
2024-08-10,South,Green tea,Tea,11,4.5
2024-08-10,South,Earl Grey,Tea,12,4.0
2024-08-10,South,Flapjack,Snacks,29,2.2
2024-08-10,South,Almond croissant,Snacks,19,2.8
2024-08-11,North,Espresso beans,Coffee,11,9.5
2024-08-11,North,Filter coffee,Coffee,14,7.0
2024-08-11,North,Green tea,Tea,7,4.5
2024-08-11,North,Earl Grey,Tea,19,4.0
2024-08-11,North,Flapjack,Snacks,22,2.2
2024-08-11,North,Almond croissant,Snacks,19,2.8
2024-08-11,Centre,Espresso beans,Coffee,23,9.5
2024-08-11,Centre,Filter coffee,Coffee,31,7.0
2024-08-11,Centre,Green tea,Tea,10,4.5
2024-08-11,Centre,Earl Grey,Tea,11,4.0
2024-08-11,Centre,Flapjack,Snacks,33,2.2
2024-08-11,Centre,Almond croissant,Snacks,32,2.8
2024-08-11,South,Espresso beans,Coffee,10,9.5
2024-08-11,South,Filter coffee,Coffee,11,7.0
2024-08-11,South,Green tea,Tea,10,4.5
2024-08-11,South,Earl Grey,Tea,6,4.0
2024-08-11,South,Flapjack,Snacks,26,2.2
2024-08-11,South,Almond croissant,Snacks,16,2.8
2024-08-12,North,Espresso beans,Coffee,10,9.5
2024-08-12,North,Filter coffee,Coffee,22,7.0
2024-08-12,North,Green tea,Tea,8,4.5
2024-08-12,North,Earl Grey,Tea,7,4.0
2024-08-12,North,Flapjack,Snacks,19,2.2
2024-08-12,North,Almond croissant,Snacks,17,2.8
2024-08-12,Centre,Espresso beans,Coffee,12,9.5
2024-08-12,Centre,Filter coffee,Coffee,22,7.0
2024-08-12,Centre,Green tea,Tea,9,4.5
2024-08-12,Centre,Earl Grey,Tea,13,4.0
2024-08-12,Centre,Flapjack,Snacks,26,2.2
2024-08-12,Centre,Almond croissant,Snacks,18,2.8
2024-08-12,South,Espresso beans,Coffee,4,9.5
2024-08-12,South,Filter coffee,Coffee,7,7.0
2024-08-12,South,Green tea,Tea,6,4.5
2024-08-12,South,Earl Grey,Tea,8,4.0
2024-08-12,South,Flapjack,Snacks,14,2.2
2024-08-12,South,Almond croissant,Snacks,13,2.8
2024-08-13,North,Espresso beans,Coffee,14,9.5
2024-08-13,North,Filter coffee,Coffee,21,7.0
2024-08-13,North,Green tea,Tea,5,4.5
2024-08-13,North,Earl Grey,Tea,15,4.0
2024-08-13,North,Flapjack,Snacks,17,2.2
2024-08-13,North,Almond croissant,Snacks,20,2.8
2024-08-13,Centre,Espresso beans,Coffee,7,9.5
2024-08-13,Centre,Filter coffee,Coffee,21,7.0
2024-08-13,Centre,Green tea,Tea,9,4.5
2024-08-13,Centre,Earl Grey,Tea,10,4.0
2024-08-13,Centre,Flapjack,Snacks,31,2.2
2024-08-13,Centre,Almond croissant,Snacks,24,2.8
2024-08-13,South,Espresso beans,Coffee,6,9.5
2024-08-13,South,Filter coffee,Coffee,11,7.0
2024-08-13,South,Green tea,Tea,4,4.5
2024-08-13,South,Earl Grey,Tea,8,4.0
2024-08-13,South,Flapjack,Snacks,18,2.2
2024-08-13,South,Almond croissant,Snacks,16,2.24
2024-08-14,North,Espresso beans,Coffee,5,9.5
2024-08-14,North,Filter coffee,Coffee,12,7.0
2024-08-14,North,Green tea,Tea,8,4.5
2024-08-14,North,Earl Grey,Tea,10,4.0
2024-08-14,North,Flapjack,Snacks,22,2.2
2024-08-14,North,Almond croissant,Snacks,19,2.8
2024-08-14,Centre,Espresso beans,Coffee,13,9.5
2024-08-14,Centre,Filter coffee,Coffee,18,7.0
2024-08-14,Centre,Green tea,Tea,6,4.5
2024-08-14,Centre,Earl Grey,Tea,15,4.0
2024-08-14,Centre,Flapjack,Snacks,29,2.2
2024-08-14,Centre,Almond croissant,Snacks,20,2.8
2024-08-14,South,Espresso beans,Coffee,9,9.5
2024-08-14,South,Filter coffee,Coffee,10,7.0
2024-08-14,South,Green tea,Tea,13,3.6
2024-08-14,South,Earl Grey,Tea,6,4.0
2024-08-14,South,Flapjack,Snacks,13,2.2
2024-08-14,South,Almond croissant,Snacks,6,2.8
2024-08-15,North,Espresso beans,Coffee,13,9.5
2024-08-15,North,Filter coffee,Coffee,15,7.0
2024-08-15,North,Green tea,Tea,10,4.5
2024-08-15,North,Earl Grey,Tea,10,4.0
2024-08-15,North,Flapjack,Snacks,33,2.2
2024-08-15,North,Almond croissant,Snacks,26,2.8
2024-08-15,Centre,Espresso beans,Coffee,16,9.5
2024-08-15,Centre,Filter coffee,Coffee,22,7.0
2024-08-15,Centre,Green tea,Tea,10,4.5
2024-08-15,Centre,Earl Grey,Tea,15,4.0
2024-08-15,Centre,Flapjack,Snacks,34,2.2
2024-08-15,Centre,Almond croissant,Snacks,28,2.8
2024-08-15,South,Espresso beans,Coffee,13,9.5
2024-08-15,South,Filter coffee,Coffee,11,7.0
2024-08-15,South,Green tea,Tea,3,4.5
2024-08-15,South,Earl Grey,Tea,9,4.0
2024-08-15,South,Flapjack,Snacks,16,2.2
2024-08-15,South,Almond croissant,Snacks,15,2.8
2024-08-16,North,Espresso beans,Coffee,13,9.5
2024-08-16,North,Filter coffee,Coffee,22,7.0
2024-08-16,North,Green tea,Tea,12,4.5
2024-08-16,North,Earl Grey,Tea,10,4.0
2024-08-16,North,Flapjack,Snacks,17,2.2
2024-08-16,North,Almond croissant,Snacks,21,2.8
2024-08-16,Centre,Espresso beans,Coffee,25,9.5
2024-08-16,Centre,Filter coffee,Coffee,15,7.0
2024-08-16,Centre,Green tea,Tea,10,4.5
2024-08-16,Centre,Earl Grey,Tea,13,4.0
2024-08-16,Centre,Flapjack,Snacks,34,2.2
2024-08-16,Centre,Almond croissant,Snacks,30,2.8
2024-08-16,South,Espresso beans,Coffee,7,9.5
2024-08-16,South,Filter coffee,Coffee,17,7.0
2024-08-16,South,Green tea,Tea,3,4.5
2024-08-16,South,Earl Grey,Tea,12,4.0
2024-08-16,South,Flapjack,Snacks,21,2.2
2024-08-16,South,Almond croissant,Snacks,16,2.8
2024-08-17,North,Espresso beans,Coffee,13,9.5
2024-08-17,North,Filter coffee,Coffee,26,7.0
2024-08-17,North,Green tea,Tea,4,4.5
2024-08-17,North,Earl Grey,Tea,12,4.0
2024-08-17,North,Flapjack,Snacks,21,2.2
2024-08-17,North,Almond croissant,Snacks,20,2.8
2024-08-17,Centre,Espresso beans,Coffee,25,9.5
2024-08-17,Centre,Filter coffee,Coffee,29,7.0
2024-08-17,Centre,Green tea,Tea,22,4.5
2024-08-17,Centre,Earl Grey,Tea,17,4.0
2024-08-17,Centre,Flapjack,Snacks,81,1.76
2024-08-17,Centre,Almond croissant,Snacks,30,2.8
2024-08-17,South,Espresso beans,Coffee,5,9.5
2024-08-17,South,Filter coffee,Coffee,19,7.0
2024-08-17,South,Green tea,Tea,7,4.5
2024-08-17,South,Earl Grey,Tea,10,4.0
2024-08-17,South,Flapjack,Snacks,20,2.2
2024-08-17,South,Almond croissant,Snacks,29,2.8
2024-08-18,North,Espresso beans,Coffee,19,9.5
2024-08-18,North,Filter coffee,Coffee,18,7.0
2024-08-18,North,Green tea,Tea,10,4.5
2024-08-18,North,Earl Grey,Tea,6,4.0
2024-08-18,North,Flapjack,Snacks,23,2.2
2024-08-18,North,Almond croissant,Snacks,17,2.8
2024-08-18,Centre,Espresso beans,Coffee,27,9.5
2024-08-18,Centre,Filter coffee,Coffee,39,7.0
2024-08-18,Centre,Green tea,Tea,13,4.5
2024-08-18,Centre,Earl Grey,Tea,21,4.0
2024-08-18,Centre,Flapjack,Snacks,26,2.2
2024-08-18,Centre,Almond croissant,Snacks,23,2.8
2024-08-18,South,Espresso beans,Coffee,5,9.5
2024-08-18,South,Filter coffee,Coffee,15,7.0
2024-08-18,South,Green tea,Tea,14,4.5
2024-08-18,South,Earl Grey,Tea,14,3.2
2024-08-18,South,Flapjack,Snacks,25,2.2
2024-08-18,South,Almond croissant,Snacks,13,2.8
2024-08-19,North,Espresso beans,Coffee,13,9.5
2024-08-19,North,Filter coffee,Coffee,10,7.0
2024-08-19,North,Green tea,Tea,7,4.5
2024-08-19,North,Earl Grey,Tea,6,4.0
2024-08-19,North,Flapjack,Snacks,15,2.2
2024-08-19,North,Almond croissant,Snacks,15,2.8
2024-08-19,Centre,Espresso beans,Coffee,17,9.5
2024-08-19,Centre,Filter coffee,Coffee,13,7.0
2024-08-19,Centre,Green tea,Tea,8,4.5
2024-08-19,Centre,Earl Grey,Tea,10,4.0
2024-08-19,Centre,Flapjack,Snacks,31,2.2
2024-08-19,Centre,Almond croissant,Snacks,33,2.8
2024-08-19,South,Espresso beans,Coffee,9,9.5
2024-08-19,South,Filter coffee,Coffee,14,7.0
2024-08-19,South,Green tea,Tea,3,4.5
2024-08-19,South,Earl Grey,Tea,14,3.2
2024-08-19,South,Flapjack,Snacks,12,2.2
2024-08-19,South,Almond croissant,Snacks,15,2.8
2024-08-20,North,Espresso beans,Coffee,9,9.5
2024-08-20,North,Filter coffee,Coffee,10,7.0
2024-08-20,North,Green tea,Tea,11,4.5
2024-08-20,North,Earl Grey,Tea,7,4.0
2024-08-20,North,Flapjack,Snacks,26,2.2
2024-08-20,North,Almond croissant,Snacks,16,2.8
2024-08-20,Centre,Espresso beans,Coffee,10,9.5
2024-08-20,Centre,Filter coffee,Coffee,25,7.0
2024-08-20,Centre,Green tea,Tea,5,4.5
2024-08-20,Centre,Earl Grey,Tea,13,4.0
2024-08-20,Centre,Flapjack,Snacks,37,2.2
2024-08-20,Centre,Almond croissant,Snacks,26,2.8
2024-08-20,South,Espresso beans,Coffee,13,9.5
2024-08-20,South,Filter coffee,Coffee,8,7.0
2024-08-20,South,Green tea,Tea,4,4.5
2024-08-20,South,Earl Grey,Tea,2,4.0
2024-08-20,South,Flapjack,Snacks,15,2.2
2024-08-20,South,Almond croissant,Snacks,17,2.8
2024-08-21,North,Espresso beans,Coffee,17,7.6
2024-08-21,North,Filter coffee,Coffee,17,7.0
2024-08-21,North,Green tea,Tea,8,4.5
2024-08-21,North,Earl Grey,Tea,13,4.0
2024-08-21,North,Flapjack,Snacks,11,2.2
2024-08-21,North,Almond croissant,Snacks,19,2.8
2024-08-21,Centre,Espresso beans,Coffee,17,9.5
2024-08-21,Centre,Filter coffee,Coffee,20,7.0
2024-08-21,Centre,Green tea,Tea,9,4.5
2024-08-21,Centre,Earl Grey,Tea,11,4.0
2024-08-21,Centre,Flapjack,Snacks,23,2.2
2024-08-21,Centre,Almond croissant,Snacks,27,2.8
2024-08-21,South,Espresso beans,Coffee,6,9.5
2024-08-21,South,Filter coffee,Coffee,11,7.0
2024-08-21,South,Green tea,Tea,2,4.5
2024-08-21,South,Earl Grey,Tea,5,4.0
2024-08-21,South,Flapjack,Snacks,16,2.2
2024-08-21,South,Almond croissant,Snacks,18,2.8
2024-08-22,North,Espresso beans,Coffee,13,9.5
2024-08-22,North,Filter coffee,Coffee,15,7.0
2024-08-22,North,Green tea,Tea,9,4.5
2024-08-22,North,Earl Grey,Tea,3,4.0
2024-08-22,North,Flapjack,Snacks,24,2.2
2024-08-22,North,Almond croissant,Snacks,8,2.8
2024-08-22,Centre,Espresso beans,Coffee,18,9.5
2024-08-22,Centre,Filter coffee,Coffee,24,7.0
2024-08-22,Centre,Green tea,Tea,12,4.5
2024-08-22,Centre,Earl Grey,Tea,14,4.0
2024-08-22,Centre,Flapjack,Snacks,23,2.2
2024-08-22,Centre,Almond croissant,Snacks,25,2.8
2024-08-22,South,Espresso beans,Coffee,10,9.5
2024-08-22,South,Filter coffee,Coffee,15,7.0
2024-08-22,South,Green tea,Tea,9,4.5
2024-08-22,South,Earl Grey,Tea,4,4.0
2024-08-22,South,Flapjack,Snacks,32,1.76
2024-08-22,South,Almond croissant,Snacks,10,2.8
2024-08-23,North,Espresso beans,Coffee,22,9.5
2024-08-23,North,Filter coffee,Coffee,18,7.0
2024-08-23,North,Green tea,Tea,4,4.5
2024-08-23,North,Earl Grey,Tea,9,4.0
2024-08-23,North,Flapjack,Snacks,17,2.2
2024-08-23,North,Almond croissant,Snacks,18,2.8
2024-08-23,Centre,Espresso beans,Coffee,26,9.5
2024-08-23,Centre,Filter coffee,Coffee,26,7.0
2024-08-23,Centre,Green tea,Tea,18,4.5
2024-08-23,Centre,Earl Grey,Tea,16,4.0
2024-08-23,Centre,Flapjack,Snacks,37,2.2
2024-08-23,Centre,Almond croissant,Snacks,26,2.8
2024-08-23,South,Espresso beans,Coffee,11,9.5
2024-08-23,South,Filter coffee,Coffee,12,7.0
2024-08-23,South,Green tea,Tea,11,4.5
2024-08-23,South,Earl Grey,Tea,13,4.0
2024-08-23,South,Flapjack,Snacks,23,2.2
2024-08-23,South,Almond croissant,Snacks,20,2.8
2024-08-24,North,Espresso beans,Coffee,33,7.6
2024-08-24,North,Filter coffee,Coffee,22,7.0
2024-08-24,North,Green tea,Tea,10,4.5
2024-08-24,North,Earl Grey,Tea,11,4.0
2024-08-24,North,Flapjack,Snacks,34,2.2
2024-08-24,North,Almond croissant,Snacks,25,2.8
2024-08-24,Centre,Espresso beans,Coffee,25,9.5
2024-08-24,Centre,Filter coffee,Coffee,33,7.0
2024-08-24,Centre,Green tea,Tea,16,4.5
2024-08-24,Centre,Earl Grey,Tea,17,4.0
2024-08-24,Centre,Flapjack,Snacks,52,2.2
2024-08-24,Centre,Almond croissant,Snacks,48,2.8
2024-08-24,South,Espresso beans,Coffee,12,9.5
2024-08-24,South,Filter coffee,Coffee,23,7.0
2024-08-24,South,Green tea,Tea,16,4.5
2024-08-24,South,Earl Grey,Tea,9,4.0
2024-08-24,South,Flapjack,Snacks,25,2.2
2024-08-24,South,Almond croissant,Snacks,15,2.8
2024-08-25,North,Espresso beans,Coffee,16,9.5
2024-08-25,North,Filter coffee,Coffee,17,7.0
2024-08-25,North,Green tea,Tea,12,4.5
2024-08-25,North,Earl Grey,Tea,8,4.0
2024-08-25,North,Flapjack,Snacks,35,1.76
2024-08-25,North,Almond croissant,Snacks,17,2.8
2024-08-25,Centre,Espresso beans,Coffee,15,9.5
2024-08-25,Centre,Filter coffee,Coffee,20,7.0
2024-08-25,Centre,Green tea,Tea,10,4.5
2024-08-25,Centre,Earl Grey,Tea,16,4.0
2024-08-25,Centre,Flapjack,Snacks,29,2.2
2024-08-25,Centre,Almond croissant,Snacks,29,2.8
2024-08-25,South,Espresso beans,Coffee,10,9.5
2024-08-25,South,Filter coffee,Coffee,10,7.0
2024-08-25,South,Green tea,Tea,14,4.5
2024-08-25,South,Earl Grey,Tea,5,4.0
2024-08-25,South,Flapjack,Snacks,18,2.2
2024-08-25,South,Almond croissant,Snacks,21,2.8
2024-08-26,North,Espresso beans,Coffee,8,9.5
2024-08-26,North,Filter coffee,Coffee,16,7.0
2024-08-26,North,Green tea,Tea,5,4.5
2024-08-26,North,Earl Grey,Tea,10,4.0
2024-08-26,North,Flapjack,Snacks,23,2.2
2024-08-26,North,Almond croissant,Snacks,16,2.8
2024-08-26,Centre,Espresso beans,Coffee,14,9.5
2024-08-26,Centre,Filter coffee,Coffee,23,7.0
2024-08-26,Centre,Green tea,Tea,12,4.5
2024-08-26,Centre,Earl Grey,Tea,18,4.0
2024-08-26,Centre,Flapjack,Snacks,42,2.2
2024-08-26,Centre,Almond croissant,Snacks,23,2.8
2024-08-26,South,Espresso beans,Coffee,5,9.5
2024-08-26,South,Filter coffee,Coffee,15,5.6
2024-08-26,South,Green tea,Tea,7,4.5
2024-08-26,South,Earl Grey,Tea,6,4.0
2024-08-26,South,Flapjack,Snacks,12,2.2
2024-08-26,South,Almond croissant,Snacks,11,2.8
2024-08-27,North,Espresso beans,Coffee,11,9.5
2024-08-27,North,Filter coffee,Coffee,11,7.0
2024-08-27,North,Green tea,Tea,10,4.5
2024-08-27,North,Earl Grey,Tea,11,4.0
2024-08-27,North,Flapjack,Snacks,18,2.2
2024-08-27,North,Almond croissant,Snacks,23,2.8
2024-08-27,Centre,Espresso beans,Coffee,19,9.5
2024-08-27,Centre,Filter coffee,Coffee,21,7.0
2024-08-27,Centre,Green tea,Tea,10,4.5
2024-08-27,Centre,Earl Grey,Tea,12,3.2
2024-08-27,Centre,Flapjack,Snacks,24,2.2
2024-08-27,Centre,Almond croissant,Snacks,22,2.8
2024-08-27,South,Espresso beans,Coffee,17,7.6
2024-08-27,South,Filter coffee,Coffee,11,7.0
2024-08-27,South,Green tea,Tea,9,4.5
2024-08-27,South,Earl Grey,Tea,8,4.0
2024-08-27,South,Flapjack,Snacks,22,2.2
2024-08-27,South,Almond croissant,Snacks,14,2.8
2024-08-28,North,Espresso beans,Coffee,13,9.5
2024-08-28,North,Filter coffee,Coffee,19,7.0
2024-08-28,North,Green tea,Tea,10,4.5
2024-08-28,North,Earl Grey,Tea,10,4.0
2024-08-28,North,Flapjack,Snacks,30,2.2
2024-08-28,North,Almond croissant,Snacks,12,2.8
2024-08-28,Centre,Espresso beans,Coffee,13,9.5
2024-08-28,Centre,Filter coffee,Coffee,26,7.0
2024-08-28,Centre,Green tea,Tea,13,4.5
2024-08-28,Centre,Earl Grey,Tea,9,4.0
2024-08-28,Centre,Flapjack,Snacks,39,2.2
2024-08-28,Centre,Almond croissant,Snacks,20,2.8
2024-08-28,South,Espresso beans,Coffee,10,9.5
2024-08-28,South,Filter coffee,Coffee,8,7.0
2024-08-28,South,Green tea,Tea,3,4.5
2024-08-28,South,Earl Grey,Tea,11,4.0
2024-08-28,South,Flapjack,Snacks,21,2.2
2024-08-28,South,Almond croissant,Snacks,15,2.8
2024-08-29,North,Espresso beans,Coffee,10,9.5
2024-08-29,North,Filter coffee,Coffee,17,7.0
2024-08-29,North,Green tea,Tea,7,4.5
2024-08-29,North,Earl Grey,Tea,13,4.0
2024-08-29,North,Flapjack,Snacks,15,2.2
2024-08-29,North,Almond croissant,Snacks,13,2.8
2024-08-29,Centre,Espresso beans,Coffee,20,9.5
2024-08-29,Centre,Filter coffee,Coffee,16,7.0
2024-08-29,Centre,Green tea,Tea,11,4.5
2024-08-29,Centre,Earl Grey,Tea,12,4.0
2024-08-29,Centre,Flapjack,Snacks,40,2.2
2024-08-29,Centre,Almond croissant,Snacks,27,2.8
2024-08-29,South,Espresso beans,Coffee,8,9.5
2024-08-29,South,Filter coffee,Coffee,20,7.0
2024-08-29,South,Green tea,Tea,7,4.5
2024-08-29,South,Earl Grey,Tea,9,4.0
2024-08-29,South,Flapjack,Snacks,15,2.2
2024-08-29,South,Almond croissant,Snacks,15,2.8
2024-08-30,North,Espresso beans,Coffee,14,9.5
2024-08-30,North,Filter coffee,Coffee,23,7.0
2024-08-30,North,Green tea,Tea,11,4.5
2024-08-30,North,Earl Grey,Tea,12,4.0
2024-08-30,North,Flapjack,Snacks,33,2.2
2024-08-30,North,Almond croissant,Snacks,28,2.8
2024-08-30,Centre,Espresso beans,Coffee,31,9.5
2024-08-30,Centre,Filter coffee,Coffee,18,7.0
2024-08-30,Centre,Green tea,Tea,15,4.5
2024-08-30,Centre,Earl Grey,Tea,12,4.0
2024-08-30,Centre,Flapjack,Snacks,29,2.2
2024-08-30,Centre,Almond croissant,Snacks,33,2.8
2024-08-30,South,Espresso beans,Coffee,10,9.5
2024-08-30,South,Filter coffee,Coffee,11,7.0
2024-08-30,South,Green tea,Tea,4,4.5
2024-08-30,South,Earl Grey,Tea,6,4.0
2024-08-30,South,Flapjack,Snacks,24,2.2
2024-08-30,South,Almond croissant,Snacks,24,2.8
2024-08-31,North,Espresso beans,Coffee,19,9.5
2024-08-31,North,Filter coffee,Coffee,28,7.0
2024-08-31,North,Green tea,Tea,6,4.5
2024-08-31,North,Earl Grey,Tea,9,4.0
2024-08-31,North,Flapjack,Snacks,25,2.2
2024-08-31,North,Almond croissant,Snacks,43,2.24
2024-08-31,Centre,Espresso beans,Coffee,24,9.5
2024-08-31,Centre,Filter coffee,Coffee,31,7.0
2024-08-31,Centre,Green tea,Tea,17,4.5
2024-08-31,Centre,Earl Grey,Tea,25,4.0
2024-08-31,Centre,Flapjack,Snacks,47,2.2
2024-08-31,Centre,Almond croissant,Snacks,33,2.8
2024-08-31,South,Espresso beans,Coffee,17,9.5
2024-08-31,South,Filter coffee,Coffee,13,7.0
2024-08-31,South,Green tea,Tea,4,4.5
2024-08-31,South,Earl Grey,Tea,9,4.0
2024-08-31,South,Flapjack,Snacks,31,2.2
2024-08-31,South,Almond croissant,Snacks,18,2.8
2024-09-01,North,Espresso beans,Coffee,12,9.5
2024-09-01,North,Filter coffee,Coffee,13,7.0
2024-09-01,North,Green tea,Tea,17,3.6
2024-09-01,North,Earl Grey,Tea,9,4.0
2024-09-01,North,Flapjack,Snacks,18,2.2
2024-09-01,North,Almond croissant,Snacks,19,2.8
2024-09-01,Centre,Espresso beans,Coffee,14,9.5
2024-09-01,Centre,Filter coffee,Coffee,22,7.0
2024-09-01,Centre,Green tea,Tea,18,3.6
2024-09-01,Centre,Earl Grey,Tea,16,4.0
2024-09-01,Centre,Flapjack,Snacks,33,2.2
2024-09-01,Centre,Almond croissant,Snacks,38,2.8
2024-09-01,South,Espresso beans,Coffee,14,9.5
2024-09-01,South,Filter coffee,Coffee,11,7.0
2024-09-01,South,Green tea,Tea,14,4.5
2024-09-01,South,Earl Grey,Tea,4,4.0
2024-09-01,South,Flapjack,Snacks,21,2.2
2024-09-01,South,Almond croissant,Snacks,16,2.8
2024-09-02,North,Espresso beans,Coffee,11,7.6
2024-09-02,North,Filter coffee,Coffee,16,7.0
2024-09-02,North,Green tea,Tea,6,4.5
2024-09-02,North,Earl Grey,Tea,7,4.0
2024-09-02,North,Flapjack,Snacks,18,2.2
2024-09-02,North,Almond croissant,Snacks,16,2.8
2024-09-02,Centre,Espresso beans,Coffee,9,9.5
2024-09-02,Centre,Filter coffee,Coffee,22,7.0
2024-09-02,Centre,Green tea,Tea,7,4.5
2024-09-02,Centre,Earl Grey,Tea,16,4.0
2024-09-02,Centre,Flapjack,Snacks,34,2.2
2024-09-02,Centre,Almond croissant,Snacks,12,2.8
2024-09-02,South,Espresso beans,Coffee,15,9.5
2024-09-02,South,Filter coffee,Coffee,13,7.0
2024-09-02,South,Green tea,Tea,3,4.5
2024-09-02,South,Earl Grey,Tea,7,4.0
2024-09-02,South,Flapjack,Snacks,18,2.2
2024-09-02,South,Almond croissant,Snacks,13,2.8
2024-09-03,North,Espresso beans,Coffee,10,9.5
2024-09-03,North,Filter coffee,Coffee,10,7.0
2024-09-03,North,Green tea,Tea,7,4.5
2024-09-03,North,Earl Grey,Tea,16,4.0
2024-09-03,North,Flapjack,Snacks,23,2.2
2024-09-03,North,Almond croissant,Snacks,20,2.8
2024-09-03,Centre,Espresso beans,Coffee,18,9.5
2024-09-03,Centre,Filter coffee,Coffee,30,7.0
2024-09-03,Centre,Green tea,Tea,18,4.5
2024-09-03,Centre,Earl Grey,Tea,11,4.0
2024-09-03,Centre,Flapjack,Snacks,28,2.2
2024-09-03,Centre,Almond croissant,Snacks,33,2.8
2024-09-03,South,Espresso beans,Coffee,11,9.5
2024-09-03,South,Filter coffee,Coffee,11,7.0
2024-09-03,South,Green tea,Tea,5,4.5
2024-09-03,South,Earl Grey,Tea,8,4.0
2024-09-03,South,Flapjack,Snacks,18,2.2
2024-09-03,South,Almond croissant,Snacks,10,2.8
2024-09-04,North,Espresso beans,Coffee,7,9.5
2024-09-04,North,Filter coffee,Coffee,16,7.0
2024-09-04,North,Green tea,Tea,8,4.5
2024-09-04,North,Earl Grey,Tea,9,4.0
2024-09-04,North,Flapjack,Snacks,18,2.2
2024-09-04,North,Almond croissant,Snacks,21,2.8
2024-09-04,Centre,Espresso beans,Coffee,21,9.5
2024-09-04,Centre,Filter coffee,Coffee,16,7.0
2024-09-04,Centre,Green tea,Tea,6,4.5
2024-09-04,Centre,Earl Grey,Tea,14,4.0
2024-09-04,Centre,Flapjack,Snacks,33,2.2
2024-09-04,Centre,Almond croissant,Snacks,24,2.8
2024-09-04,South,Espresso beans,Coffee,7,9.5
2024-09-04,South,Filter coffee,Coffee,11,7.0
2024-09-04,South,Green tea,Tea,7,4.5
2024-09-04,South,Earl Grey,Tea,7,4.0
2024-09-04,South,Flapjack,Snacks,18,2.2
2024-09-04,South,Almond croissant,Snacks,23,2.8
2024-09-05,North,Espresso beans,Coffee,8,9.5
2024-09-05,North,Filter coffee,Coffee,17,7.0
2024-09-05,North,Green tea,Tea,7,4.5
2024-09-05,North,Earl Grey,Tea,8,4.0
2024-09-05,North,Flapjack,Snacks,28,2.2
2024-09-05,North,Almond croissant,Snacks,16,2.8
2024-09-05,Centre,Espresso beans,Coffee,22,9.5
2024-09-05,Centre,Filter coffee,Coffee,23,7.0
2024-09-05,Centre,Green tea,Tea,11,4.5
2024-09-05,Centre,Earl Grey,Tea,11,4.0
2024-09-05,Centre,Flapjack,Snacks,40,2.2
2024-09-05,Centre,Almond croissant,Snacks,26,2.8
2024-09-05,South,Espresso beans,Coffee,7,9.5
2024-09-05,South,Filter coffee,Coffee,15,7.0
2024-09-05,South,Green tea,Tea,8,4.5
2024-09-05,South,Earl Grey,Tea,6,4.0
2024-09-05,South,Flapjack,Snacks,15,2.2
2024-09-05,South,Almond croissant,Snacks,11,2.8
2024-09-06,North,Espresso beans,Coffee,13,9.5
2024-09-06,North,Filter coffee,Coffee,13,7.0
2024-09-06,North,Green tea,Tea,9,4.5
2024-09-06,North,Earl Grey,Tea,9,4.0
2024-09-06,North,Flapjack,Snacks,27,2.2
2024-09-06,North,Almond croissant,Snacks,22,2.8
2024-09-06,Centre,Espresso beans,Coffee,20,9.5
2024-09-06,Centre,Filter coffee,Coffee,22,7.0
2024-09-06,Centre,Green tea,Tea,8,4.5
2024-09-06,Centre,Earl Grey,Tea,18,4.0
2024-09-06,Centre,Flapjack,Snacks,44,2.2
2024-09-06,Centre,Almond croissant,Snacks,26,2.8
2024-09-06,South,Espresso beans,Coffee,14,9.5
2024-09-06,South,Filter coffee,Coffee,14,7.0
2024-09-06,South,Green tea,Tea,9,4.5
2024-09-06,South,Earl Grey,Tea,10,4.0
2024-09-06,South,Flapjack,Snacks,19,2.2
2024-09-06,South,Almond croissant,Snacks,21,2.8
2024-09-07,North,Espresso beans,Coffee,19,9.5
2024-09-07,North,Filter coffee,Coffee,17,7.0
2024-09-07,North,Green tea,Tea,15,4.5
2024-09-07,North,Earl Grey,Tea,10,4.0
2024-09-07,North,Flapjack,Snacks,31,2.2
2024-09-07,North,Almond croissant,Snacks,33,2.8
2024-09-07,Centre,Espresso beans,Coffee,15,9.5
2024-09-07,Centre,Filter coffee,Coffee,32,7.0
2024-09-07,Centre,Green tea,Tea,15,4.5
2024-09-07,Centre,Earl Grey,Tea,8,4.0
2024-09-07,Centre,Flapjack,Snacks,42,2.2
2024-09-07,Centre,Almond croissant,Snacks,27,2.8
2024-09-07,South,Espresso beans,Coffee,19,9.5
2024-09-07,South,Filter coffee,Coffee,17,7.0
2024-09-07,South,Green tea,Tea,9,4.5
2024-09-07,South,Earl Grey,Tea,9,4.0
2024-09-07,South,Flapjack,Snacks,21,2.2
2024-09-07,South,Almond croissant,Snacks,23,2.8
2024-09-08,North,Espresso beans,Coffee,13,9.5
2024-09-08,North,Filter coffee,Coffee,20,7.0
2024-09-08,North,Green tea,Tea,11,4.5
2024-09-08,North,Earl Grey,Tea,17,4.0
2024-09-08,North,Flapjack,Snacks,24,2.2
2024-09-08,North,Almond croissant,Snacks,23,2.8
2024-09-08,Centre,Espresso beans,Coffee,18,9.5
2024-09-08,Centre,Filter coffee,Coffee,14,7.0
2024-09-08,Centre,Green tea,Tea,14,4.5
2024-09-08,Centre,Earl Grey,Tea,17,4.0
2024-09-08,Centre,Flapjack,Snacks,32,2.2
2024-09-08,Centre,Almond croissant,Snacks,33,2.8
2024-09-08,South,Espresso beans,Coffee,12,9.5
2024-09-08,South,Filter coffee,Coffee,13,7.0
2024-09-08,South,Green tea,Tea,13,3.6
2024-09-08,South,Earl Grey,Tea,7,4.0
2024-09-08,South,Flapjack,Snacks,18,2.2
2024-09-08,South,Almond croissant,Snacks,22,2.8
2024-09-09,North,Espresso beans,Coffee,15,9.5
2024-09-09,North,Filter coffee,Coffee,16,7.0
2024-09-09,North,Green tea,Tea,7,4.5
2024-09-09,North,Earl Grey,Tea,6,4.0
2024-09-09,North,Flapjack,Snacks,25,2.2
2024-09-09,North,Almond croissant,Snacks,20,2.8
2024-09-09,Centre,Espresso beans,Coffee,17,9.5
2024-09-09,Centre,Filter coffee,Coffee,19,7.0
2024-09-09,Centre,Green tea,Tea,10,4.5
2024-09-09,Centre,Earl Grey,Tea,21,4.0
2024-09-09,Centre,Flapjack,Snacks,30,2.2
2024-09-09,Centre,Almond croissant,Snacks,28,2.8
2024-09-09,South,Espresso beans,Coffee,7,9.5
2024-09-09,South,Filter coffee,Coffee,18,7.0
2024-09-09,South,Green tea,Tea,5,4.5
2024-09-09,South,Earl Grey,Tea,8,4.0
2024-09-09,South,Flapjack,Snacks,13,2.2
2024-09-09,South,Almond croissant,Snacks,11,2.8
2024-09-10,North,Espresso beans,Coffee,10,9.5
2024-09-10,North,Filter coffee,Coffee,20,7.0
2024-09-10,North,Green tea,Tea,6,4.5
2024-09-10,North,Earl Grey,Tea,12,4.0
2024-09-10,North,Flapjack,Snacks,34,1.76
2024-09-10,North,Almond croissant,Snacks,36,2.24
2024-09-10,Centre,Espresso beans,Coffee,14,9.5
2024-09-10,Centre,Filter coffee,Coffee,19,7.0
2024-09-10,Centre,Green tea,Tea,15,3.6
2024-09-10,Centre,Earl Grey,Tea,16,3.2
2024-09-10,Centre,Flapjack,Snacks,36,2.2
2024-09-10,Centre,Almond croissant,Snacks,26,2.8
2024-09-10,South,Espresso beans,Coffee,12,9.5
2024-09-10,South,Filter coffee,Coffee,8,7.0
2024-09-10,South,Green tea,Tea,9,4.5
2024-09-10,South,Earl Grey,Tea,10,4.0
2024-09-10,South,Flapjack,Snacks,15,2.2
2024-09-10,South,Almond croissant,Snacks,11,2.8
2024-09-11,North,Espresso beans,Coffee,11,9.5
2024-09-11,North,Filter coffee,Coffee,15,7.0
2024-09-11,North,Green tea,Tea,13,4.5
2024-09-11,North,Earl Grey,Tea,4,4.0
2024-09-11,North,Flapjack,Snacks,27,2.2
2024-09-11,North,Almond croissant,Snacks,15,2.8
2024-09-11,Centre,Espresso beans,Coffee,18,9.5
2024-09-11,Centre,Filter coffee,Coffee,16,7.0
2024-09-11,Centre,Green tea,Tea,13,4.5
2024-09-11,Centre,Earl Grey,Tea,15,3.2
2024-09-11,Centre,Flapjack,Snacks,43,2.2
2024-09-11,Centre,Almond croissant,Snacks,21,2.8
2024-09-11,South,Espresso beans,Coffee,9,9.5
2024-09-11,South,Filter coffee,Coffee,7,7.0
2024-09-11,South,Green tea,Tea,9,4.5
2024-09-11,South,Earl Grey,Tea,4,4.0
2024-09-11,South,Flapjack,Snacks,19,2.2
2024-09-11,South,Almond croissant,Snacks,14,2.8
2024-09-12,North,Espresso beans,Coffee,12,9.5
2024-09-12,North,Filter coffee,Coffee,18,7.0
2024-09-12,North,Green tea,Tea,5,4.5
2024-09-12,North,Earl Grey,Tea,7,4.0
2024-09-12,North,Flapjack,Snacks,33,1.76
2024-09-12,North,Almond croissant,Snacks,18,2.8
2024-09-12,Centre,Espresso beans,Coffee,25,9.5
2024-09-12,Centre,Filter coffee,Coffee,17,7.0
2024-09-12,Centre,Green tea,Tea,14,4.5
2024-09-12,Centre,Earl Grey,Tea,7,4.0
2024-09-12,Centre,Flapjack,Snacks,40,2.2
2024-09-12,Centre,Almond croissant,Snacks,27,2.8
2024-09-12,South,Espresso beans,Coffee,8,9.5
2024-09-12,South,Filter coffee,Coffee,19,7.0
2024-09-12,South,Green tea,Tea,8,4.5
2024-09-12,South,Earl Grey,Tea,3,4.0
2024-09-12,South,Flapjack,Snacks,22,2.2
2024-09-12,South,Almond croissant,Snacks,22,2.8
2024-09-13,North,Espresso beans,Coffee,13,9.5
2024-09-13,North,Filter coffee,Coffee,19,7.0
2024-09-13,North,Green tea,Tea,9,4.5
2024-09-13,North,Earl Grey,Tea,19,4.0
2024-09-13,North,Flapjack,Snacks,23,2.2
2024-09-13,North,Almond croissant,Snacks,23,2.8
2024-09-13,Centre,Espresso beans,Coffee,27,9.5
2024-09-13,Centre,Filter coffee,Coffee,35,7.0
2024-09-13,Centre,Green tea,Tea,16,4.5
2024-09-13,Centre,Earl Grey,Tea,21,4.0
2024-09-13,Centre,Flapjack,Snacks,43,2.2
2024-09-13,Centre,Almond croissant,Snacks,35,2.8
2024-09-13,South,Espresso beans,Coffee,13,9.5
2024-09-13,South,Filter coffee,Coffee,16,7.0
2024-09-13,South,Green tea,Tea,7,4.5
2024-09-13,South,Earl Grey,Tea,9,4.0
2024-09-13,South,Flapjack,Snacks,25,2.2
2024-09-13,South,Almond croissant,Snacks,22,2.8
2024-09-14,North,Espresso beans,Coffee,19,9.5
2024-09-14,North,Filter coffee,Coffee,25,7.0
2024-09-14,North,Green tea,Tea,5,4.5
2024-09-14,North,Earl Grey,Tea,14,4.0
2024-09-14,North,Flapjack,Snacks,57,1.76
2024-09-14,North,Almond croissant,Snacks,25,2.8
2024-09-14,Centre,Espresso beans,Coffee,20,9.5
2024-09-14,Centre,Filter coffee,Coffee,31,7.0
2024-09-14,Centre,Green tea,Tea,16,4.5
2024-09-14,Centre,Earl Grey,Tea,20,4.0
2024-09-14,Centre,Flapjack,Snacks,47,2.2
2024-09-14,Centre,Almond croissant,Snacks,41,2.8
2024-09-14,South,Espresso beans,Coffee,19,9.5
2024-09-14,South,Filter coffee,Coffee,22,7.0
2024-09-14,South,Green tea,Tea,7,4.5
2024-09-14,South,Earl Grey,Tea,10,4.0
2024-09-14,South,Flapjack,Snacks,26,2.2
2024-09-14,South,Almond croissant,Snacks,29,2.8
2024-09-15,North,Espresso beans,Coffee,23,7.6
2024-09-15,North,Filter coffee,Coffee,16,7.0
2024-09-15,North,Green tea,Tea,9,4.5
2024-09-15,North,Earl Grey,Tea,21,3.2
2024-09-15,North,Flapjack,Snacks,20,2.2
2024-09-15,North,Almond croissant,Snacks,19,2.8
2024-09-15,Centre,Espresso beans,Coffee,17,9.5
2024-09-15,Centre,Filter coffee,Coffee,35,7.0
2024-09-15,Centre,Green tea,Tea,18,4.5
2024-09-15,Centre,Earl Grey,Tea,18,4.0
2024-09-15,Centre,Flapjack,Snacks,31,2.2
2024-09-15,Centre,Almond croissant,Snacks,30,2.8
2024-09-15,South,Espresso beans,Coffee,11,9.5
2024-09-15,South,Filter coffee,Coffee,7,7.0
2024-09-15,South,Green tea,Tea,10,4.5
2024-09-15,South,Earl Grey,Tea,6,4.0
2024-09-15,South,Flapjack,Snacks,17,2.2
2024-09-15,South,Almond croissant,Snacks,18,2.8
2024-09-16,North,Espresso beans,Coffee,13,9.5
2024-09-16,North,Filter coffee,Coffee,19,7.0
2024-09-16,North,Green tea,Tea,6,4.5
2024-09-16,North,Earl Grey,Tea,7,4.0
2024-09-16,North,Flapjack,Snacks,36,1.76
2024-09-16,North,Almond croissant,Snacks,22,2.8
2024-09-16,Centre,Espresso beans,Coffee,14,9.5
2024-09-16,Centre,Filter coffee,Coffee,17,7.0
2024-09-16,Centre,Green tea,Tea,15,4.5
2024-09-16,Centre,Earl Grey,Tea,13,4.0
2024-09-16,Centre,Flapjack,Snacks,24,2.2
2024-09-16,Centre,Almond croissant,Snacks,26,2.8
2024-09-16,South,Espresso beans,Coffee,9,9.5
2024-09-16,South,Filter coffee,Coffee,21,7.0
2024-09-16,South,Green tea,Tea,4,4.5
2024-09-16,South,Earl Grey,Tea,7,4.0
2024-09-16,South,Flapjack,Snacks,32,1.76
2024-09-16,South,Almond croissant,Snacks,19,2.24
2024-09-17,North,Espresso beans,Coffee,16,9.5
2024-09-17,North,Filter coffee,Coffee,12,7.0
2024-09-17,North,Green tea,Tea,7,4.5
2024-09-17,North,Earl Grey,Tea,7,4.0
2024-09-17,North,Flapjack,Snacks,28,2.2
2024-09-17,North,Almond croissant,Snacks,19,2.8
2024-09-17,Centre,Espresso beans,Coffee,22,9.5
2024-09-17,Centre,Filter coffee,Coffee,14,7.0
2024-09-17,Centre,Green tea,Tea,12,4.5
2024-09-17,Centre,Earl Grey,Tea,6,4.0
2024-09-17,Centre,Flapjack,Snacks,32,2.2
2024-09-17,Centre,Almond croissant,Snacks,24,2.8
2024-09-17,South,Espresso beans,Coffee,7,9.5
2024-09-17,South,Filter coffee,Coffee,11,5.6
2024-09-17,South,Green tea,Tea,6,4.5
2024-09-17,South,Earl Grey,Tea,6,4.0
2024-09-17,South,Flapjack,Snacks,25,1.76
2024-09-17,South,Almond croissant,Snacks,9,2.8
2024-09-18,North,Espresso beans,Coffee,14,7.6
2024-09-18,North,Filter coffee,Coffee,18,7.0
2024-09-18,North,Green tea,Tea,7,4.5
2024-09-18,North,Earl Grey,Tea,8,4.0
2024-09-18,North,Flapjack,Snacks,24,2.2
2024-09-18,North,Almond croissant,Snacks,14,2.8
2024-09-18,Centre,Espresso beans,Coffee,15,9.5
2024-09-18,Centre,Filter coffee,Coffee,26,7.0
2024-09-18,Centre,Green tea,Tea,17,3.6
2024-09-18,Centre,Earl Grey,Tea,11,4.0
2024-09-18,Centre,Flapjack,Snacks,27,2.2
2024-09-18,Centre,Almond croissant,Snacks,31,2.8
2024-09-18,South,Espresso beans,Coffee,14,9.5
2024-09-18,South,Filter coffee,Coffee,14,7.0
2024-09-18,South,Green tea,Tea,9,4.5
2024-09-18,South,Earl Grey,Tea,6,4.0
2024-09-18,South,Flapjack,Snacks,20,2.2
2024-09-18,South,Almond croissant,Snacks,22,2.8
2024-09-19,North,Espresso beans,Coffee,10,9.5
2024-09-19,North,Filter coffee,Coffee,11,7.0
2024-09-19,North,Green tea,Tea,9,4.5
2024-09-19,North,Earl Grey,Tea,13,4.0
2024-09-19,North,Flapjack,Snacks,20,2.2
2024-09-19,North,Almond croissant,Snacks,24,2.8
2024-09-19,Centre,Espresso beans,Coffee,17,9.5
2024-09-19,Centre,Filter coffee,Coffee,33,7.0
2024-09-19,Centre,Green tea,Tea,12,4.5
2024-09-19,Centre,Earl Grey,Tea,28,3.2
2024-09-19,Centre,Flapjack,Snacks,33,2.2
2024-09-19,Centre,Almond croissant,Snacks,28,2.8
2024-09-19,South,Espresso beans,Coffee,10,9.5
2024-09-19,South,Filter coffee,Coffee,14,7.0
2024-09-19,South,Green tea,Tea,7,4.5
2024-09-19,South,Earl Grey,Tea,14,4.0
2024-09-19,South,Flapjack,Snacks,19,2.2
2024-09-19,South,Almond croissant,Snacks,15,2.8
2024-09-20,North,Espresso beans,Coffee,20,9.5
2024-09-20,North,Filter coffee,Coffee,18,7.0
2024-09-20,North,Green tea,Tea,15,4.5
2024-09-20,North,Earl Grey,Tea,9,4.0
2024-09-20,North,Flapjack,Snacks,31,2.2
2024-09-20,North,Almond croissant,Snacks,32,2.8
2024-09-20,Centre,Espresso beans,Coffee,27,9.5
2024-09-20,Centre,Filter coffee,Coffee,25,7.0
2024-09-20,Centre,Green tea,Tea,15,4.5
2024-09-20,Centre,Earl Grey,Tea,12,4.0
2024-09-20,Centre,Flapjack,Snacks,42,2.2
2024-09-20,Centre,Almond croissant,Snacks,40,2.8
2024-09-20,South,Espresso beans,Coffee,13,9.5
2024-09-20,South,Filter coffee,Coffee,16,7.0
2024-09-20,South,Green tea,Tea,10,4.5
2024-09-20,South,Earl Grey,Tea,14,4.0
2024-09-20,South,Flapjack,Snacks,21,2.2
2024-09-20,South,Almond croissant,Snacks,15,2.8
2024-09-21,North,Espresso beans,Coffee,17,9.5
2024-09-21,North,Filter coffee,Coffee,18,7.0
2024-09-21,North,Green tea,Tea,24,3.6
2024-09-21,North,Earl Grey,Tea,15,4.0
2024-09-21,North,Flapjack,Snacks,34,2.2
2024-09-21,North,Almond croissant,Snacks,24,2.8
2024-09-21,Centre,Espresso beans,Coffee,19,9.5
2024-09-21,Centre,Filter coffee,Coffee,27,7.0
2024-09-21,Centre,Green tea,Tea,25,3.6
2024-09-21,Centre,Earl Grey,Tea,21,4.0
2024-09-21,Centre,Flapjack,Snacks,48,2.2
2024-09-21,Centre,Almond croissant,Snacks,44,2.8
2024-09-21,South,Espresso beans,Coffee,7,9.5
2024-09-21,South,Filter coffee,Coffee,19,7.0
2024-09-21,South,Green tea,Tea,9,4.5
2024-09-21,South,Earl Grey,Tea,11,4.0
2024-09-21,South,Flapjack,Snacks,29,2.2
2024-09-21,South,Almond croissant,Snacks,18,2.8
2024-09-22,North,Espresso beans,Coffee,18,9.5
2024-09-22,North,Filter coffee,Coffee,18,7.0
2024-09-22,North,Green tea,Tea,6,4.5
2024-09-22,North,Earl Grey,Tea,14,4.0
2024-09-22,North,Flapjack,Snacks,31,2.2
2024-09-22,North,Almond croissant,Snacks,28,2.8
2024-09-22,Centre,Espresso beans,Coffee,24,9.5
2024-09-22,Centre,Filter coffee,Coffee,31,7.0
2024-09-22,Centre,Green tea,Tea,13,4.5
2024-09-22,Centre,Earl Grey,Tea,14,4.0
2024-09-22,Centre,Flapjack,Snacks,72,1.76
2024-09-22,Centre,Almond croissant,Snacks,58,2.24
2024-09-22,South,Espresso beans,Coffee,15,9.5
2024-09-22,South,Filter coffee,Coffee,16,7.0
2024-09-22,South,Green tea,Tea,9,4.5
2024-09-22,South,Earl Grey,Tea,8,4.0
2024-09-22,South,Flapjack,Snacks,23,2.2
2024-09-22,South,Almond croissant,Snacks,17,2.8
2024-09-23,North,Espresso beans,Coffee,10,9.5
2024-09-23,North,Filter coffee,Coffee,25,5.6
2024-09-23,North,Green tea,Tea,10,4.5
2024-09-23,North,Earl Grey,Tea,4,4.0
2024-09-23,North,Flapjack,Snacks,24,2.2
2024-09-23,North,Almond croissant,Snacks,14,2.8
2024-09-23,Centre,Espresso beans,Coffee,12,9.5
2024-09-23,Centre,Filter coffee,Coffee,16,7.0
2024-09-23,Centre,Green tea,Tea,12,4.5
2024-09-23,Centre,Earl Grey,Tea,9,4.0
2024-09-23,Centre,Flapjack,Snacks,28,2.2
2024-09-23,Centre,Almond croissant,Snacks,30,2.8
2024-09-23,South,Espresso beans,Coffee,8,9.5
2024-09-23,South,Filter coffee,Coffee,6,7.0
2024-09-23,South,Green tea,Tea,3,4.5
2024-09-23,South,Earl Grey,Tea,6,4.0
2024-09-23,South,Flapjack,Snacks,17,2.2
2024-09-23,South,Almond croissant,Snacks,12,2.8
2024-09-24,North,Espresso beans,Coffee,17,9.5
2024-09-24,North,Filter coffee,Coffee,12,7.0
2024-09-24,North,Green tea,Tea,11,4.5
2024-09-24,North,Earl Grey,Tea,9,4.0
2024-09-24,North,Flapjack,Snacks,25,2.2
2024-09-24,North,Almond croissant,Snacks,16,2.8
2024-09-24,Centre,Espresso beans,Coffee,18,9.5
2024-09-24,Centre,Filter coffee,Coffee,23,7.0
2024-09-24,Centre,Green tea,Tea,9,4.5
2024-09-24,Centre,Earl Grey,Tea,14,4.0
2024-09-24,Centre,Flapjack,Snacks,27,2.2
2024-09-24,Centre,Almond croissant,Snacks,26,2.8
2024-09-24,South,Espresso beans,Coffee,10,9.5
2024-09-24,South,Filter coffee,Coffee,8,7.0
2024-09-24,South,Green tea,Tea,7,4.5
2024-09-24,South,Earl Grey,Tea,7,4.0
2024-09-24,South,Flapjack,Snacks,30,1.76
2024-09-24,South,Almond croissant,Snacks,16,2.8
2024-09-25,North,Espresso beans,Coffee,14,9.5
2024-09-25,North,Filter coffee,Coffee,17,7.0
2024-09-25,North,Green tea,Tea,6,4.5
2024-09-25,North,Earl Grey,Tea,14,4.0
2024-09-25,North,Flapjack,Snacks,20,2.2
2024-09-25,North,Almond croissant,Snacks,9,2.8
2024-09-25,Centre,Espresso beans,Coffee,17,9.5
2024-09-25,Centre,Filter coffee,Coffee,27,7.0
2024-09-25,Centre,Green tea,Tea,10,4.5
2024-09-25,Centre,Earl Grey,Tea,12,4.0
2024-09-25,Centre,Flapjack,Snacks,39,2.2
2024-09-25,Centre,Almond croissant,Snacks,29,2.8
2024-09-25,South,Espresso beans,Coffee,8,9.5
2024-09-25,South,Filter coffee,Coffee,21,7.0
2024-09-25,South,Green tea,Tea,7,4.5
2024-09-25,South,Earl Grey,Tea,5,4.0
2024-09-25,South,Flapjack,Snacks,19,2.2
2024-09-25,South,Almond croissant,Snacks,14,2.8
2024-09-26,North,Espresso beans,Coffee,10,9.5
2024-09-26,North,Filter coffee,Coffee,21,7.0
2024-09-26,North,Green tea,Tea,14,4.5
2024-09-26,North,Earl Grey,Tea,13,4.0
2024-09-26,North,Flapjack,Snacks,24,2.2
2024-09-26,North,Almond croissant,Snacks,27,2.8
2024-09-26,Centre,Espresso beans,Coffee,12,9.5
2024-09-26,Centre,Filter coffee,Coffee,22,7.0
2024-09-26,Centre,Green tea,Tea,12,4.5
2024-09-26,Centre,Earl Grey,Tea,10,4.0
2024-09-26,Centre,Flapjack,Snacks,41,2.2
2024-09-26,Centre,Almond croissant,Snacks,44,2.8
2024-09-26,South,Espresso beans,Coffee,9,9.5
2024-09-26,South,Filter coffee,Coffee,18,7.0
2024-09-26,South,Green tea,Tea,10,4.5
2024-09-26,South,Earl Grey,Tea,11,4.0
2024-09-26,South,Flapjack,Snacks,19,2.2
2024-09-26,South,Almond croissant,Snacks,13,2.8
2024-09-27,North,Espresso beans,Coffee,14,9.5
2024-09-27,North,Filter coffee,Coffee,22,7.0
2024-09-27,North,Green tea,Tea,12,4.5
2024-09-27,North,Earl Grey,Tea,13,4.0
2024-09-27,North,Flapjack,Snacks,32,2.2
2024-09-27,North,Almond croissant,Snacks,17,2.8
2024-09-27,Centre,Espresso beans,Coffee,21,9.5
2024-09-27,Centre,Filter coffee,Coffee,37,7.0
2024-09-27,Centre,Green tea,Tea,12,4.5
2024-09-27,Centre,Earl Grey,Tea,25,4.0
2024-09-27,Centre,Flapjack,Snacks,34,2.2
2024-09-27,Centre,Almond croissant,Snacks,40,2.8
2024-09-27,South,Espresso beans,Coffee,11,9.5
2024-09-27,South,Filter coffee,Coffee,18,7.0
2024-09-27,South,Green tea,Tea,11,4.5
2024-09-27,South,Earl Grey,Tea,11,4.0
2024-09-27,South,Flapjack,Snacks,13,2.2
2024-09-27,South,Almond croissant,Snacks,15,2.8
2024-09-28,North,Espresso beans,Coffee,16,9.5
2024-09-28,North,Filter coffee,Coffee,24,7.0
2024-09-28,North,Green tea,Tea,9,4.5
2024-09-28,North,Earl Grey,Tea,4,4.0
2024-09-28,North,Flapjack,Snacks,39,2.2
2024-09-28,North,Almond croissant,Snacks,19,2.8
2024-09-28,Centre,Espresso beans,Coffee,23,9.5
2024-09-28,Centre,Filter coffee,Coffee,29,7.0
2024-09-28,Centre,Green tea,Tea,13,4.5
2024-09-28,Centre,Earl Grey,Tea,25,4.0
2024-09-28,Centre,Flapjack,Snacks,50,2.2
2024-09-28,Centre,Almond croissant,Snacks,33,2.8
2024-09-28,South,Espresso beans,Coffee,16,9.5
2024-09-28,South,Filter coffee,Coffee,20,7.0
2024-09-28,South,Green tea,Tea,7,4.5
2024-09-28,South,Earl Grey,Tea,11,4.0
2024-09-28,South,Flapjack,Snacks,29,2.2
2024-09-28,South,Almond croissant,Snacks,22,2.8
2024-09-29,North,Espresso beans,Coffee,9,9.5
2024-09-29,North,Filter coffee,Coffee,18,7.0
2024-09-29,North,Green tea,Tea,13,4.5
2024-09-29,North,Earl Grey,Tea,13,4.0
2024-09-29,North,Flapjack,Snacks,27,2.2
2024-09-29,North,Almond croissant,Snacks,27,2.8
2024-09-29,Centre,Espresso beans,Coffee,20,9.5
2024-09-29,Centre,Filter coffee,Coffee,30,7.0
2024-09-29,Centre,Green tea,Tea,11,4.5
2024-09-29,Centre,Earl Grey,Tea,26,3.2
2024-09-29,Centre,Flapjack,Snacks,34,2.2
2024-09-29,Centre,Almond croissant,Snacks,34,2.8
2024-09-29,South,Espresso beans,Coffee,8,9.5
2024-09-29,South,Filter coffee,Coffee,16,7.0
2024-09-29,South,Green tea,Tea,8,4.5
2024-09-29,South,Earl Grey,Tea,4,4.0
2024-09-29,South,Flapjack,Snacks,29,2.2
2024-09-29,South,Almond croissant,Snacks,31,2.24
2024-09-30,North,Espresso beans,Coffee,17,9.5
2024-09-30,North,Filter coffee,Coffee,17,7.0
2024-09-30,North,Green tea,Tea,6,4.5
2024-09-30,North,Earl Grey,Tea,8,4.0
2024-09-30,North,Flapjack,Snacks,22,2.2
2024-09-30,North,Almond croissant,Snacks,15,2.8
2024-09-30,Centre,Espresso beans,Coffee,20,9.5
2024-09-30,Centre,Filter coffee,Coffee,24,7.0
2024-09-30,Centre,Green tea,Tea,9,4.5
2024-09-30,Centre,Earl Grey,Tea,12,4.0
2024-09-30,Centre,Flapjack,Snacks,26,2.2
2024-09-30,Centre,Almond croissant,Snacks,32,2.8
2024-09-30,South,Espresso beans,Coffee,12,9.5
2024-09-30,South,Filter coffee,Coffee,8,7.0
2024-09-30,South,Green tea,Tea,8,4.5
2024-09-30,South,Earl Grey,Tea,7,4.0
2024-09-30,South,Flapjack,Snacks,15,2.2
2024-09-30,South,Almond croissant,Snacks,17,2.8
2024-10-01,North,Espresso beans,Coffee,20,9.5
2024-10-01,North,Filter coffee,Coffee,24,7.0
2024-10-01,North,Green tea,Tea,6,4.5
2024-10-01,North,Earl Grey,Tea,9,4.0
2024-10-01,North,Flapjack,Snacks,25,1.76
2024-10-01,North,Almond croissant,Snacks,15,2.8
2024-10-01,Centre,Espresso beans,Coffee,17,9.5
2024-10-01,Centre,Filter coffee,Coffee,18,7.0
2024-10-01,Centre,Green tea,Tea,11,4.5
2024-10-01,Centre,Earl Grey,Tea,19,4.0
2024-10-01,Centre,Flapjack,Snacks,38,2.2
2024-10-01,Centre,Almond croissant,Snacks,35,2.8
2024-10-01,South,Espresso beans,Coffee,14,9.5
2024-10-01,South,Filter coffee,Coffee,10,7.0
2024-10-01,South,Green tea,Tea,6,4.5
2024-10-01,South,Earl Grey,Tea,13,4.0
2024-10-01,South,Flapjack,Snacks,16,2.2
2024-10-01,South,Almond croissant,Snacks,13,2.8
2024-10-02,North,Espresso beans,Coffee,18,9.5
2024-10-02,North,Filter coffee,Coffee,21,7.0
2024-10-02,North,Green tea,Tea,3,4.5
2024-10-02,North,Earl Grey,Tea,7,4.0
2024-10-02,North,Flapjack,Snacks,28,2.2
2024-10-02,North,Almond croissant,Snacks,24,2.8
2024-10-02,Centre,Espresso beans,Coffee,19,9.5
2024-10-02,Centre,Filter coffee,Coffee,30,7.0
2024-10-02,Centre,Green tea,Tea,19,4.5
2024-10-02,Centre,Earl Grey,Tea,19,4.0
2024-10-02,Centre,Flapjack,Snacks,35,2.2
2024-10-02,Centre,Almond croissant,Snacks,24,2.8
2024-10-02,South,Espresso beans,Coffee,6,9.5
2024-10-02,South,Filter coffee,Coffee,14,7.0
2024-10-02,South,Green tea,Tea,8,4.5
2024-10-02,South,Earl Grey,Tea,14,4.0
2024-10-02,South,Flapjack,Snacks,11,2.2
2024-10-02,South,Almond croissant,Snacks,19,2.8
2024-10-03,North,Espresso beans,Coffee,20,9.5
2024-10-03,North,Filter coffee,Coffee,12,7.0
2024-10-03,North,Green tea,Tea,10,4.5
2024-10-03,North,Earl Grey,Tea,14,4.0
2024-10-03,North,Flapjack,Snacks,26,2.2
2024-10-03,North,Almond croissant,Snacks,18,2.8
2024-10-03,Centre,Espresso beans,Coffee,16,9.5
2024-10-03,Centre,Filter coffee,Coffee,30,7.0
2024-10-03,Centre,Green tea,Tea,19,4.5
2024-10-03,Centre,Earl Grey,Tea,15,4.0
2024-10-03,Centre,Flapjack,Snacks,36,2.2
2024-10-03,Centre,Almond croissant,Snacks,33,2.8
2024-10-03,South,Espresso beans,Coffee,11,9.5
2024-10-03,South,Filter coffee,Coffee,11,7.0
2024-10-03,South,Green tea,Tea,7,4.5
2024-10-03,South,Earl Grey,Tea,8,4.0
2024-10-03,South,Flapjack,Snacks,20,2.2
2024-10-03,South,Almond croissant,Snacks,16,2.8
2024-10-04,North,Espresso beans,Coffee,20,7.6
2024-10-04,North,Filter coffee,Coffee,34,5.6
2024-10-04,North,Green tea,Tea,13,4.5
2024-10-04,North,Earl Grey,Tea,13,4.0
2024-10-04,North,Flapjack,Snacks,24,2.2
2024-10-04,North,Almond croissant,Snacks,12,2.8
2024-10-04,Centre,Espresso beans,Coffee,29,9.5
2024-10-04,Centre,Filter coffee,Coffee,21,7.0
2024-10-04,Centre,Green tea,Tea,8,4.5
2024-10-04,Centre,Earl Grey,Tea,19,4.0
2024-10-04,Centre,Flapjack,Snacks,40,2.2
2024-10-04,Centre,Almond croissant,Snacks,31,2.8
2024-10-04,South,Espresso beans,Coffee,10,9.5
2024-10-04,South,Filter coffee,Coffee,15,7.0
2024-10-04,South,Green tea,Tea,6,4.5
2024-10-04,South,Earl Grey,Tea,6,4.0
2024-10-04,South,Flapjack,Snacks,22,2.2
2024-10-04,South,Almond croissant,Snacks,19,2.8
2024-10-05,North,Espresso beans,Coffee,15,9.5
2024-10-05,North,Filter coffee,Coffee,23,7.0
2024-10-05,North,Green tea,Tea,13,4.5
2024-10-05,North,Earl Grey,Tea,14,4.0
2024-10-05,North,Flapjack,Snacks,30,2.2
2024-10-05,North,Almond croissant,Snacks,30,2.8
2024-10-05,Centre,Espresso beans,Coffee,31,9.5
2024-10-05,Centre,Filter coffee,Coffee,30,7.0
2024-10-05,Centre,Green tea,Tea,23,4.5
2024-10-05,Centre,Earl Grey,Tea,25,4.0
2024-10-05,Centre,Flapjack,Snacks,48,2.2
2024-10-05,Centre,Almond croissant,Snacks,76,2.24
2024-10-05,South,Espresso beans,Coffee,10,9.5
2024-10-05,South,Filter coffee,Coffee,7,7.0
2024-10-05,South,Green tea,Tea,5,4.5
2024-10-05,South,Earl Grey,Tea,9,4.0
2024-10-05,South,Flapjack,Snacks,20,2.2
2024-10-05,South,Almond croissant,Snacks,18,2.8
2024-10-06,North,Espresso beans,Coffee,11,9.5
2024-10-06,North,Filter coffee,Coffee,27,7.0
2024-10-06,North,Green tea,Tea,7,4.5
2024-10-06,North,Earl Grey,Tea,11,4.0
2024-10-06,North,Flapjack,Snacks,28,2.2
2024-10-06,North,Almond croissant,Snacks,18,2.8
2024-10-06,Centre,Espresso beans,Coffee,22,9.5
2024-10-06,Centre,Filter coffee,Coffee,28,7.0
2024-10-06,Centre,Green tea,Tea,20,4.5
2024-10-06,Centre,Earl Grey,Tea,23,3.2
2024-10-06,Centre,Flapjack,Snacks,53,2.2
2024-10-06,Centre,Almond croissant,Snacks,26,2.8
2024-10-06,South,Espresso beans,Coffee,23,7.6
2024-10-06,South,Filter coffee,Coffee,18,7.0
2024-10-06,South,Green tea,Tea,10,4.5
2024-10-06,South,Earl Grey,Tea,11,4.0
2024-10-06,South,Flapjack,Snacks,17,2.2
2024-10-06,South,Almond croissant,Snacks,24,2.8
2024-10-07,North,Espresso beans,Coffee,11,9.5
2024-10-07,North,Filter coffee,Coffee,11,7.0
2024-10-07,North,Green tea,Tea,9,4.5
2024-10-07,North,Earl Grey,Tea,8,4.0
2024-10-07,North,Flapjack,Snacks,20,2.2
2024-10-07,North,Almond croissant,Snacks,21,2.8
2024-10-07,Centre,Espresso beans,Coffee,22,9.5
2024-10-07,Centre,Filter coffee,Coffee,26,7.0
2024-10-07,Centre,Green tea,Tea,16,3.6
2024-10-07,Centre,Earl Grey,Tea,10,4.0
2024-10-07,Centre,Flapjack,Snacks,37,2.2
2024-10-07,Centre,Almond croissant,Snacks,30,2.8
2024-10-07,South,Espresso beans,Coffee,6,9.5
2024-10-07,South,Filter coffee,Coffee,14,7.0
2024-10-07,South,Green tea,Tea,4,4.5
2024-10-07,South,Earl Grey,Tea,12,4.0
2024-10-07,South,Flapjack,Snacks,28,2.2
2024-10-07,South,Almond croissant,Snacks,14,2.8
2024-10-08,North,Espresso beans,Coffee,17,9.5
2024-10-08,North,Filter coffee,Coffee,19,5.6
2024-10-08,North,Green tea,Tea,6,4.5
2024-10-08,North,Earl Grey,Tea,8,4.0
2024-10-08,North,Flapjack,Snacks,19,2.2
2024-10-08,North,Almond croissant,Snacks,16,2.8
2024-10-08,Centre,Espresso beans,Coffee,23,9.5
2024-10-08,Centre,Filter coffee,Coffee,13,7.0
2024-10-08,Centre,Green tea,Tea,9,4.5
2024-10-08,Centre,Earl Grey,Tea,20,3.2
2024-10-08,Centre,Flapjack,Snacks,29,2.2
2024-10-08,Centre,Almond croissant,Snacks,29,2.8
2024-10-08,South,Espresso beans,Coffee,6,9.5
2024-10-08,South,Filter coffee,Coffee,17,7.0
2024-10-08,South,Green tea,Tea,7,4.5
2024-10-08,South,Earl Grey,Tea,5,4.0
2024-10-08,South,Flapjack,Snacks,10,2.2
2024-10-08,South,Almond croissant,Snacks,17,2.8
2024-10-09,North,Espresso beans,Coffee,16,9.5
2024-10-09,North,Filter coffee,Coffee,15,7.0
2024-10-09,North,Green tea,Tea,6,4.5
2024-10-09,North,Earl Grey,Tea,11,4.0
2024-10-09,North,Flapjack,Snacks,19,2.2
2024-10-09,North,Almond croissant,Snacks,16,2.8
2024-10-09,Centre,Espresso beans,Coffee,25,9.5
2024-10-09,Centre,Filter coffee,Coffee,21,7.0
2024-10-09,Centre,Green tea,Tea,13,4.5
2024-10-09,Centre,Earl Grey,Tea,11,4.0
2024-10-09,Centre,Flapjack,Snacks,29,2.2
2024-10-09,Centre,Almond croissant,Snacks,28,2.8
2024-10-09,South,Espresso beans,Coffee,7,9.5
2024-10-09,South,Filter coffee,Coffee,9,7.0
2024-10-09,South,Green tea,Tea,9,4.5
2024-10-09,South,Earl Grey,Tea,4,4.0
2024-10-09,South,Flapjack,Snacks,32,2.2
2024-10-09,South,Almond croissant,Snacks,13,2.8
2024-10-10,North,Espresso beans,Coffee,17,9.5
2024-10-10,North,Filter coffee,Coffee,19,7.0
2024-10-10,North,Green tea,Tea,10,4.5
2024-10-10,North,Earl Grey,Tea,15,4.0
2024-10-10,North,Flapjack,Snacks,22,2.2
2024-10-10,North,Almond croissant,Snacks,17,2.8
2024-10-10,Centre,Espresso beans,Coffee,20,9.5
2024-10-10,Centre,Filter coffee,Coffee,32,5.6
2024-10-10,Centre,Green tea,Tea,7,4.5
2024-10-10,Centre,Earl Grey,Tea,12,4.0
2024-10-10,Centre,Flapjack,Snacks,33,2.2
2024-10-10,Centre,Almond croissant,Snacks,30,2.8
2024-10-10,South,Espresso beans,Coffee,11,9.5
2024-10-10,South,Filter coffee,Coffee,14,7.0
2024-10-10,South,Green tea,Tea,4,4.5
2024-10-10,South,Earl Grey,Tea,5,4.0
2024-10-10,South,Flapjack,Snacks,32,1.76
2024-10-10,South,Almond croissant,Snacks,17,2.8
2024-10-11,North,Espresso beans,Coffee,13,9.5
2024-10-11,North,Filter coffee,Coffee,25,5.6
2024-10-11,North,Green tea,Tea,12,4.5
2024-10-11,North,Earl Grey,Tea,11,4.0
2024-10-11,North,Flapjack,Snacks,27,2.2
2024-10-11,North,Almond croissant,Snacks,36,2.8
2024-10-11,Centre,Espresso beans,Coffee,27,9.5
2024-10-11,Centre,Filter coffee,Coffee,36,7.0
2024-10-11,Centre,Green tea,Tea,15,4.5
2024-10-11,Centre,Earl Grey,Tea,36,3.2
2024-10-11,Centre,Flapjack,Snacks,39,2.2
2024-10-11,Centre,Almond croissant,Snacks,52,2.8
2024-10-11,South,Espresso beans,Coffee,13,9.5
2024-10-11,South,Filter coffee,Coffee,19,7.0
2024-10-11,South,Green tea,Tea,6,4.5
2024-10-11,South,Earl Grey,Tea,10,4.0
2024-10-11,South,Flapjack,Snacks,25,2.2
2024-10-11,South,Almond croissant,Snacks,22,2.8
2024-10-12,North,Espresso beans,Coffee,20,9.5
2024-10-12,North,Filter coffee,Coffee,28,7.0
2024-10-12,North,Green tea,Tea,24,3.6
2024-10-12,North,Earl Grey,Tea,10,4.0
2024-10-12,North,Flapjack,Snacks,28,2.2
2024-10-12,North,Almond croissant,Snacks,50,2.24
2024-10-12,Centre,Espresso beans,Coffee,19,9.5
2024-10-12,Centre,Filter coffee,Coffee,39,7.0
2024-10-12,Centre,Green tea,Tea,18,4.5
2024-10-12,Centre,Earl Grey,Tea,24,4.0
2024-10-12,Centre,Flapjack,Snacks,38,2.2
2024-10-12,Centre,Almond croissant,Snacks,36,2.8
2024-10-12,South,Espresso beans,Coffee,9,9.5
2024-10-12,South,Filter coffee,Coffee,13,7.0
2024-10-12,South,Green tea,Tea,11,4.5
2024-10-12,South,Earl Grey,Tea,17,4.0
2024-10-12,South,Flapjack,Snacks,27,2.2
2024-10-12,South,Almond croissant,Snacks,22,2.8
2024-10-13,North,Espresso beans,Coffee,9,9.5
2024-10-13,North,Filter coffee,Coffee,32,5.6
2024-10-13,North,Green tea,Tea,5,4.5
2024-10-13,North,Earl Grey,Tea,13,4.0
2024-10-13,North,Flapjack,Snacks,28,2.2
2024-10-13,North,Almond croissant,Snacks,22,2.8
2024-10-13,Centre,Espresso beans,Coffee,21,9.5
2024-10-13,Centre,Filter coffee,Coffee,26,7.0
2024-10-13,Centre,Green tea,Tea,14,4.5
2024-10-13,Centre,Earl Grey,Tea,15,4.0
2024-10-13,Centre,Flapjack,Snacks,64,1.76
2024-10-13,Centre,Almond croissant,Snacks,48,2.24
2024-10-13,South,Espresso beans,Coffee,17,9.5
2024-10-13,South,Filter coffee,Coffee,13,5.6
2024-10-13,South,Green tea,Tea,7,4.5
2024-10-13,South,Earl Grey,Tea,9,4.0
2024-10-13,South,Flapjack,Snacks,25,2.2
2024-10-13,South,Almond croissant,Snacks,19,2.8
2024-10-14,North,Espresso beans,Coffee,14,9.5
2024-10-14,North,Filter coffee,Coffee,18,7.0
2024-10-14,North,Green tea,Tea,8,4.5
2024-10-14,North,Earl Grey,Tea,5,4.0
2024-10-14,North,Flapjack,Snacks,26,2.2
2024-10-14,North,Almond croissant,Snacks,16,2.8
2024-10-14,Centre,Espresso beans,Coffee,12,9.5
2024-10-14,Centre,Filter coffee,Coffee,21,7.0
2024-10-14,Centre,Green tea,Tea,12,4.5
2024-10-14,Centre,Earl Grey,Tea,13,4.0
2024-10-14,Centre,Flapjack,Snacks,34,2.2
2024-10-14,Centre,Almond croissant,Snacks,17,2.8
2024-10-14,South,Espresso beans,Coffee,14,9.5
2024-10-14,South,Filter coffee,Coffee,13,7.0
2024-10-14,South,Green tea,Tea,9,4.5
2024-10-14,South,Earl Grey,Tea,10,4.0
2024-10-14,South,Flapjack,Snacks,17,2.2
2024-10-14,South,Almond croissant,Snacks,15,2.8
2024-10-15,North,Espresso beans,Coffee,10,9.5
2024-10-15,North,Filter coffee,Coffee,18,7.0
2024-10-15,North,Green tea,Tea,11,4.5
2024-10-15,North,Earl Grey,Tea,12,4.0
2024-10-15,North,Flapjack,Snacks,16,2.2
2024-10-15,North,Almond croissant,Snacks,21,2.8
2024-10-15,Centre,Espresso beans,Coffee,39,7.6
2024-10-15,Centre,Filter coffee,Coffee,31,7.0
2024-10-15,Centre,Green tea,Tea,12,4.5
2024-10-15,Centre,Earl Grey,Tea,10,4.0
2024-10-15,Centre,Flapjack,Snacks,34,2.2
2024-10-15,Centre,Almond croissant,Snacks,30,2.8
2024-10-15,South,Espresso beans,Coffee,11,9.5
2024-10-15,South,Filter coffee,Coffee,13,7.0
2024-10-15,South,Green tea,Tea,9,4.5
2024-10-15,South,Earl Grey,Tea,7,4.0
2024-10-15,South,Flapjack,Snacks,25,2.2
2024-10-15,South,Almond croissant,Snacks,18,2.8
2024-10-16,North,Espresso beans,Coffee,11,9.5
2024-10-16,North,Filter coffee,Coffee,19,7.0
2024-10-16,North,Green tea,Tea,5,4.5
2024-10-16,North,Earl Grey,Tea,22,3.2
2024-10-16,North,Flapjack,Snacks,19,2.2
2024-10-16,North,Almond croissant,Snacks,19,2.8
2024-10-16,Centre,Espresso beans,Coffee,20,9.5
2024-10-16,Centre,Filter coffee,Coffee,39,7.0
2024-10-16,Centre,Green tea,Tea,12,4.5
2024-10-16,Centre,Earl Grey,Tea,14,4.0
2024-10-16,Centre,Flapjack,Snacks,31,2.2
2024-10-16,Centre,Almond croissant,Snacks,29,2.8
2024-10-16,South,Espresso beans,Coffee,8,9.5
2024-10-16,South,Filter coffee,Coffee,16,7.0
2024-10-16,South,Green tea,Tea,10,4.5
2024-10-16,South,Earl Grey,Tea,11,4.0
2024-10-16,South,Flapjack,Snacks,19,2.2
2024-10-16,South,Almond croissant,Snacks,15,2.8
2024-10-17,North,Espresso beans,Coffee,26,7.6
2024-10-17,North,Filter coffee,Coffee,15,7.0
2024-10-17,North,Green tea,Tea,7,4.5
2024-10-17,North,Earl Grey,Tea,7,4.0
2024-10-17,North,Flapjack,Snacks,22,2.2
2024-10-17,North,Almond croissant,Snacks,31,2.8
2024-10-17,Centre,Espresso beans,Coffee,20,9.5
2024-10-17,Centre,Filter coffee,Coffee,28,7.0
2024-10-17,Centre,Green tea,Tea,19,4.5
2024-10-17,Centre,Earl Grey,Tea,17,4.0
2024-10-17,Centre,Flapjack,Snacks,38,2.2
2024-10-17,Centre,Almond croissant,Snacks,27,2.8
2024-10-17,South,Espresso beans,Coffee,17,9.5
2024-10-17,South,Filter coffee,Coffee,14,7.0
2024-10-17,South,Green tea,Tea,11,4.5
2024-10-17,South,Earl Grey,Tea,10,4.0
2024-10-17,South,Flapjack,Snacks,25,2.2
2024-10-17,South,Almond croissant,Snacks,16,2.8
2024-10-18,North,Espresso beans,Coffee,22,9.5
2024-10-18,North,Filter coffee,Coffee,22,7.0
2024-10-18,North,Green tea,Tea,10,4.5
2024-10-18,North,Earl Grey,Tea,15,4.0
2024-10-18,North,Flapjack,Snacks,26,2.2
2024-10-18,North,Almond croissant,Snacks,22,2.8
2024-10-18,Centre,Espresso beans,Coffee,24,9.5
2024-10-18,Centre,Filter coffee,Coffee,27,7.0
2024-10-18,Centre,Green tea,Tea,13,4.5
2024-10-18,Centre,Earl Grey,Tea,21,4.0
2024-10-18,Centre,Flapjack,Snacks,36,2.2
2024-10-18,Centre,Almond croissant,Snacks,29,2.8
2024-10-18,South,Espresso beans,Coffee,15,9.5
2024-10-18,South,Filter coffee,Coffee,28,5.6
2024-10-18,South,Green tea,Tea,8,4.5
2024-10-18,South,Earl Grey,Tea,15,4.0
2024-10-18,South,Flapjack,Snacks,28,2.2
2024-10-18,South,Almond croissant,Snacks,26,2.8
2024-10-19,North,Espresso beans,Coffee,27,9.5
2024-10-19,North,Filter coffee,Coffee,22,7.0
2024-10-19,North,Green tea,Tea,9,4.5
2024-10-19,North,Earl Grey,Tea,12,4.0
2024-10-19,North,Flapjack,Snacks,33,2.2
2024-10-19,North,Almond croissant,Snacks,55,2.24
2024-10-19,Centre,Espresso beans,Coffee,31,9.5
2024-10-19,Centre,Filter coffee,Coffee,58,5.6
2024-10-19,Centre,Green tea,Tea,17,4.5
2024-10-19,Centre,Earl Grey,Tea,23,4.0
2024-10-19,Centre,Flapjack,Snacks,45,2.2
2024-10-19,Centre,Almond croissant,Snacks,40,2.8
2024-10-19,South,Espresso beans,Coffee,11,9.5
2024-10-19,South,Filter coffee,Coffee,17,7.0
2024-10-19,South,Green tea,Tea,16,4.5
2024-10-19,South,Earl Grey,Tea,9,4.0
2024-10-19,South,Flapjack,Snacks,50,1.76
2024-10-19,South,Almond croissant,Snacks,20,2.8
2024-10-20,North,Espresso beans,Coffee,24,9.5
2024-10-20,North,Filter coffee,Coffee,21,7.0
2024-10-20,North,Green tea,Tea,6,4.5
2024-10-20,North,Earl Grey,Tea,18,4.0
2024-10-20,North,Flapjack,Snacks,27,2.2
2024-10-20,North,Almond croissant,Snacks,23,2.8
2024-10-20,Centre,Espresso beans,Coffee,29,9.5
2024-10-20,Centre,Filter coffee,Coffee,28,7.0
2024-10-20,Centre,Green tea,Tea,15,4.5
2024-10-20,Centre,Earl Grey,Tea,12,4.0
2024-10-20,Centre,Flapjack,Snacks,67,1.76
2024-10-20,Centre,Almond croissant,Snacks,43,2.8
2024-10-20,South,Espresso beans,Coffee,5,9.5
2024-10-20,South,Filter coffee,Coffee,21,7.0
2024-10-20,South,Green tea,Tea,7,4.5
2024-10-20,South,Earl Grey,Tea,6,4.0
2024-10-20,South,Flapjack,Snacks,29,2.2
2024-10-20,South,Almond croissant,Snacks,14,2.8
2024-10-21,North,Espresso beans,Coffee,8,9.5
2024-10-21,North,Filter coffee,Coffee,19,7.0
2024-10-21,North,Green tea,Tea,8,4.5
2024-10-21,North,Earl Grey,Tea,9,4.0
2024-10-21,North,Flapjack,Snacks,27,2.2
2024-10-21,North,Almond croissant,Snacks,20,2.8
2024-10-21,Centre,Espresso beans,Coffee,16,9.5
2024-10-21,Centre,Filter coffee,Coffee,24,7.0
2024-10-21,Centre,Green tea,Tea,21,4.5
2024-10-21,Centre,Earl Grey,Tea,11,4.0
2024-10-21,Centre,Flapjack,Snacks,51,1.76
2024-10-21,Centre,Almond croissant,Snacks,26,2.8
2024-10-21,South,Espresso beans,Coffee,8,9.5
2024-10-21,South,Filter coffee,Coffee,10,7.0
2024-10-21,South,Green tea,Tea,6,4.5
2024-10-21,South,Earl Grey,Tea,6,4.0
2024-10-21,South,Flapjack,Snacks,12,2.2
2024-10-21,South,Almond croissant,Snacks,16,2.8
2024-10-22,North,Espresso beans,Coffee,5,9.5
2024-10-22,North,Filter coffee,Coffee,16,7.0
2024-10-22,North,Green tea,Tea,10,4.5
2024-10-22,North,Earl Grey,Tea,7,4.0
2024-10-22,North,Flapjack,Snacks,21,2.2
2024-10-22,North,Almond croissant,Snacks,26,2.8
2024-10-22,Centre,Espresso beans,Coffee,16,9.5
2024-10-22,Centre,Filter coffee,Coffee,32,7.0
2024-10-22,Centre,Green tea,Tea,13,4.5
2024-10-22,Centre,Earl Grey,Tea,13,4.0
2024-10-22,Centre,Flapjack,Snacks,29,2.2
2024-10-22,Centre,Almond croissant,Snacks,32,2.8
2024-10-22,South,Espresso beans,Coffee,11,9.5
2024-10-22,South,Filter coffee,Coffee,12,7.0
2024-10-22,South,Green tea,Tea,5,4.5
2024-10-22,South,Earl Grey,Tea,5,4.0
2024-10-22,South,Flapjack,Snacks,26,1.76
2024-10-22,South,Almond croissant,Snacks,15,2.8
2024-10-23,North,Espresso beans,Coffee,7,9.5
2024-10-23,North,Filter coffee,Coffee,19,7.0
2024-10-23,North,Green tea,Tea,7,4.5
2024-10-23,North,Earl Grey,Tea,20,3.2
2024-10-23,North,Flapjack,Snacks,21,2.2
2024-10-23,North,Almond croissant,Snacks,20,2.8
2024-10-23,Centre,Espresso beans,Coffee,19,9.5
2024-10-23,Centre,Filter coffee,Coffee,27,7.0
2024-10-23,Centre,Green tea,Tea,9,4.5
2024-10-23,Centre,Earl Grey,Tea,19,3.2
2024-10-23,Centre,Flapjack,Snacks,35,2.2
2024-10-23,Centre,Almond croissant,Snacks,25,2.8
2024-10-23,South,Espresso beans,Coffee,11,9.5
2024-10-23,South,Filter coffee,Coffee,14,7.0
2024-10-23,South,Green tea,Tea,6,4.5
2024-10-23,South,Earl Grey,Tea,9,4.0
2024-10-23,South,Flapjack,Snacks,25,2.2
2024-10-23,South,Almond croissant,Snacks,21,2.8
2024-10-24,North,Espresso beans,Coffee,12,9.5
2024-10-24,North,Filter coffee,Coffee,22,7.0
2024-10-24,North,Green tea,Tea,7,4.5
2024-10-24,North,Earl Grey,Tea,12,4.0
2024-10-24,North,Flapjack,Snacks,23,2.2
2024-10-24,North,Almond croissant,Snacks,32,2.24
2024-10-24,Centre,Espresso beans,Coffee,29,9.5
2024-10-24,Centre,Filter coffee,Coffee,20,7.0
2024-10-24,Centre,Green tea,Tea,10,4.5
2024-10-24,Centre,Earl Grey,Tea,19,4.0
2024-10-24,Centre,Flapjack,Snacks,30,2.2
2024-10-24,Centre,Almond croissant,Snacks,23,2.8
2024-10-24,South,Espresso beans,Coffee,9,9.5
2024-10-24,South,Filter coffee,Coffee,12,7.0
2024-10-24,South,Green tea,Tea,10,4.5
2024-10-24,South,Earl Grey,Tea,11,4.0
2024-10-24,South,Flapjack,Snacks,21,2.2
2024-10-24,South,Almond croissant,Snacks,13,2.8
2024-10-25,North,Espresso beans,Coffee,21,9.5
2024-10-25,North,Filter coffee,Coffee,21,7.0
2024-10-25,North,Green tea,Tea,17,4.5
2024-10-25,North,Earl Grey,Tea,9,4.0
2024-10-25,North,Flapjack,Snacks,38,1.76
2024-10-25,North,Almond croissant,Snacks,32,2.8
2024-10-25,Centre,Espresso beans,Coffee,21,9.5
2024-10-25,Centre,Filter coffee,Coffee,22,7.0
2024-10-25,Centre,Green tea,Tea,16,4.5
2024-10-25,Centre,Earl Grey,Tea,14,4.0
2024-10-25,Centre,Flapjack,Snacks,53,2.2
2024-10-25,Centre,Almond croissant,Snacks,32,2.8
2024-10-25,South,Espresso beans,Coffee,10,9.5
2024-10-25,South,Filter coffee,Coffee,19,7.0
2024-10-25,South,Green tea,Tea,8,4.5
2024-10-25,South,Earl Grey,Tea,11,4.0
2024-10-25,South,Flapjack,Snacks,21,2.2
2024-10-25,South,Almond croissant,Snacks,16,2.8
2024-10-26,North,Espresso beans,Coffee,9,9.5
2024-10-26,North,Filter coffee,Coffee,28,7.0
2024-10-26,North,Green tea,Tea,10,4.5
2024-10-26,North,Earl Grey,Tea,19,4.0
2024-10-26,North,Flapjack,Snacks,31,2.2
2024-10-26,North,Almond croissant,Snacks,29,2.8
2024-10-26,Centre,Espresso beans,Coffee,25,9.5
2024-10-26,Centre,Filter coffee,Coffee,27,7.0
2024-10-26,Centre,Green tea,Tea,13,4.5
2024-10-26,Centre,Earl Grey,Tea,15,4.0
2024-10-26,Centre,Flapjack,Snacks,63,2.2
2024-10-26,Centre,Almond croissant,Snacks,52,2.8
2024-10-26,South,Espresso beans,Coffee,9,9.5
2024-10-26,South,Filter coffee,Coffee,18,7.0
2024-10-26,South,Green tea,Tea,20,3.6
2024-10-26,South,Earl Grey,Tea,22,4.0
2024-10-26,South,Flapjack,Snacks,32,2.2
2024-10-26,South,Almond croissant,Snacks,20,2.8
2024-10-27,North,Espresso beans,Coffee,14,9.5
2024-10-27,North,Filter coffee,Coffee,19,7.0
2024-10-27,North,Green tea,Tea,9,4.5
2024-10-27,North,Earl Grey,Tea,12,4.0
2024-10-27,North,Flapjack,Snacks,29,2.2
2024-10-27,North,Almond croissant,Snacks,23,2.8
2024-10-27,Centre,Espresso beans,Coffee,21,9.5
2024-10-27,Centre,Filter coffee,Coffee,27,7.0
2024-10-27,Centre,Green tea,Tea,14,4.5
2024-10-27,Centre,Earl Grey,Tea,26,3.2
2024-10-27,Centre,Flapjack,Snacks,36,2.2
2024-10-27,Centre,Almond croissant,Snacks,46,2.8
2024-10-27,South,Espresso beans,Coffee,12,9.5
2024-10-27,South,Filter coffee,Coffee,25,7.0
2024-10-27,South,Green tea,Tea,8,4.5
2024-10-27,South,Earl Grey,Tea,7,4.0
2024-10-27,South,Flapjack,Snacks,14,2.2
2024-10-27,South,Almond croissant,Snacks,13,2.8
2024-10-28,North,Espresso beans,Coffee,10,9.5
2024-10-28,North,Filter coffee,Coffee,16,7.0
2024-10-28,North,Green tea,Tea,7,4.5
2024-10-28,North,Earl Grey,Tea,7,4.0
2024-10-28,North,Flapjack,Snacks,19,2.2
2024-10-28,North,Almond croissant,Snacks,16,2.8
2024-10-28,Centre,Espresso beans,Coffee,13,9.5
2024-10-28,Centre,Filter coffee,Coffee,19,7.0
2024-10-28,Centre,Green tea,Tea,13,4.5
2024-10-28,Centre,Earl Grey,Tea,15,4.0
2024-10-28,Centre,Flapjack,Snacks,46,2.2
2024-10-28,Centre,Almond croissant,Snacks,21,2.8
2024-10-28,South,Espresso beans,Coffee,7,9.5
2024-10-28,South,Filter coffee,Coffee,10,7.0
2024-10-28,South,Green tea,Tea,2,4.5
2024-10-28,South,Earl Grey,Tea,8,4.0
2024-10-28,South,Flapjack,Snacks,16,2.2
2024-10-28,South,Almond croissant,Snacks,18,2.8
2024-10-29,North,Espresso beans,Coffee,11,9.5
2024-10-29,North,Filter coffee,Coffee,5,7.0
2024-10-29,North,Green tea,Tea,12,4.5
2024-10-29,North,Earl Grey,Tea,8,4.0
2024-10-29,North,Flapjack,Snacks,26,2.2
2024-10-29,North,Almond croissant,Snacks,29,2.8
2024-10-29,Centre,Espresso beans,Coffee,13,9.5
2024-10-29,Centre,Filter coffee,Coffee,25,7.0
2024-10-29,Centre,Green tea,Tea,22,3.6
2024-10-29,Centre,Earl Grey,Tea,12,4.0
2024-10-29,Centre,Flapjack,Snacks,29,2.2
2024-10-29,Centre,Almond croissant,Snacks,23,2.8
2024-10-29,South,Espresso beans,Coffee,10,9.5
2024-10-29,South,Filter coffee,Coffee,11,7.0
2024-10-29,South,Green tea,Tea,9,4.5
2024-10-29,South,Earl Grey,Tea,5,4.0
2024-10-29,South,Flapjack,Snacks,17,2.2
2024-10-29,South,Almond croissant,Snacks,20,2.8
2024-10-30,North,Espresso beans,Coffee,24,7.6
2024-10-30,North,Filter coffee,Coffee,18,7.0
2024-10-30,North,Green tea,Tea,12,4.5
2024-10-30,North,Earl Grey,Tea,10,4.0
2024-10-30,North,Flapjack,Snacks,31,2.2
2024-10-30,North,Almond croissant,Snacks,18,2.8
2024-10-30,Centre,Espresso beans,Coffee,22,9.5
2024-10-30,Centre,Filter coffee,Coffee,16,7.0
2024-10-30,Centre,Green tea,Tea,9,4.5
2024-10-30,Centre,Earl Grey,Tea,11,4.0
2024-10-30,Centre,Flapjack,Snacks,40,2.2
2024-10-30,Centre,Almond croissant,Snacks,37,2.8
2024-10-30,South,Espresso beans,Coffee,15,9.5
2024-10-30,South,Filter coffee,Coffee,12,7.0
2024-10-30,South,Green tea,Tea,8,4.5
2024-10-30,South,Earl Grey,Tea,10,4.0
2024-10-30,South,Flapjack,Snacks,13,2.2
2024-10-30,South,Almond croissant,Snacks,13,2.8
2024-10-31,North,Espresso beans,Coffee,13,9.5
2024-10-31,North,Filter coffee,Coffee,16,7.0
2024-10-31,North,Green tea,Tea,10,4.5
2024-10-31,North,Earl Grey,Tea,16,4.0
2024-10-31,North,Flapjack,Snacks,27,2.2
2024-10-31,North,Almond croissant,Snacks,28,2.8
2024-10-31,Centre,Espresso beans,Coffee,19,9.5
2024-10-31,Centre,Filter coffee,Coffee,29,7.0
2024-10-31,Centre,Green tea,Tea,14,4.5
2024-10-31,Centre,Earl Grey,Tea,21,4.0
2024-10-31,Centre,Flapjack,Snacks,41,2.2
2024-10-31,Centre,Almond croissant,Snacks,30,2.8
2024-10-31,South,Espresso beans,Coffee,15,9.5
2024-10-31,South,Filter coffee,Coffee,11,7.0
2024-10-31,South,Green tea,Tea,9,4.5
2024-10-31,South,Earl Grey,Tea,14,4.0
2024-10-31,South,Flapjack,Snacks,13,2.2
2024-10-31,South,Almond croissant,Snacks,14,2.8
2024-11-01,North,Espresso beans,Coffee,19,9.5
2024-11-01,North,Filter coffee,Coffee,22,7.0
2024-11-01,North,Green tea,Tea,9,4.5
2024-11-01,North,Earl Grey,Tea,15,4.0
2024-11-01,North,Flapjack,Snacks,32,2.2
2024-11-01,North,Almond croissant,Snacks,21,2.8
2024-11-01,Centre,Espresso beans,Coffee,19,9.5
2024-11-01,Centre,Filter coffee,Coffee,28,7.0
2024-11-01,Centre,Green tea,Tea,17,4.5
2024-11-01,Centre,Earl Grey,Tea,12,4.0
2024-11-01,Centre,Flapjack,Snacks,39,2.2
2024-11-01,Centre,Almond croissant,Snacks,33,2.8
2024-11-01,South,Espresso beans,Coffee,13,9.5
2024-11-01,South,Filter coffee,Coffee,18,7.0
2024-11-01,South,Green tea,Tea,8,4.5
2024-11-01,South,Earl Grey,Tea,12,4.0
2024-11-01,South,Flapjack,Snacks,24,2.2
2024-11-01,South,Almond croissant,Snacks,22,2.8
2024-11-02,North,Espresso beans,Coffee,18,9.5
2024-11-02,North,Filter coffee,Coffee,23,7.0
2024-11-02,North,Green tea,Tea,12,4.5
2024-11-02,North,Earl Grey,Tea,9,4.0
2024-11-02,North,Flapjack,Snacks,26,2.2
2024-11-02,North,Almond croissant,Snacks,27,2.8
2024-11-02,Centre,Espresso beans,Coffee,35,9.5
2024-11-02,Centre,Filter coffee,Coffee,32,7.0
2024-11-02,Centre,Green tea,Tea,12,4.5
2024-11-02,Centre,Earl Grey,Tea,31,4.0
2024-11-02,Centre,Flapjack,Snacks,56,2.2
2024-11-02,Centre,Almond croissant,Snacks,34,2.8
2024-11-02,South,Espresso beans,Coffee,17,9.5
2024-11-02,South,Filter coffee,Coffee,20,7.0
2024-11-02,South,Green tea,Tea,9,4.5
2024-11-02,South,Earl Grey,Tea,16,4.0
2024-11-02,South,Flapjack,Snacks,29,2.2
2024-11-02,South,Almond croissant,Snacks,28,2.8
2024-11-03,North,Espresso beans,Coffee,12,9.5
2024-11-03,North,Filter coffee,Coffee,17,7.0
2024-11-03,North,Green tea,Tea,11,3.6
2024-11-03,North,Earl Grey,Tea,13,4.0
2024-11-03,North,Flapjack,Snacks,33,2.2
2024-11-03,North,Almond croissant,Snacks,22,2.8
2024-11-03,Centre,Espresso beans,Coffee,18,9.5
2024-11-03,Centre,Filter coffee,Coffee,33,7.0
2024-11-03,Centre,Green tea,Tea,14,4.5
2024-11-03,Centre,Earl Grey,Tea,20,4.0
2024-11-03,Centre,Flapjack,Snacks,60,1.76
2024-11-03,Centre,Almond croissant,Snacks,31,2.8
2024-11-03,South,Espresso beans,Coffee,27,7.6
2024-11-03,South,Filter coffee,Coffee,17,7.0
2024-11-03,South,Green tea,Tea,8,4.5
2024-11-03,South,Earl Grey,Tea,11,4.0
2024-11-03,South,Flapjack,Snacks,20,2.2
2024-11-03,South,Almond croissant,Snacks,21,2.8
2024-11-04,North,Espresso beans,Coffee,17,9.5
2024-11-04,North,Filter coffee,Coffee,11,7.0
2024-11-04,North,Green tea,Tea,10,3.6
2024-11-04,North,Earl Grey,Tea,9,4.0
2024-11-04,North,Flapjack,Snacks,19,2.2
2024-11-04,North,Almond croissant,Snacks,26,2.8
2024-11-04,Centre,Espresso beans,Coffee,25,9.5
2024-11-04,Centre,Filter coffee,Coffee,20,7.0
2024-11-04,Centre,Green tea,Tea,9,4.5
2024-11-04,Centre,Earl Grey,Tea,16,4.0
2024-11-04,Centre,Flapjack,Snacks,29,2.2
2024-11-04,Centre,Almond croissant,Snacks,29,2.8
2024-11-04,South,Espresso beans,Coffee,9,9.5
2024-11-04,South,Filter coffee,Coffee,11,7.0
2024-11-04,South,Green tea,Tea,4,4.5
2024-11-04,South,Earl Grey,Tea,7,4.0
2024-11-04,South,Flapjack,Snacks,19,2.2
2024-11-04,South,Almond croissant,Snacks,19,2.8
2024-11-05,North,Espresso beans,Coffee,21,9.5
2024-11-05,North,Filter coffee,Coffee,22,7.0
2024-11-05,North,Green tea,Tea,9,4.5
2024-11-05,North,Earl Grey,Tea,10,4.0
2024-11-05,North,Flapjack,Snacks,16,2.2
2024-11-05,North,Almond croissant,Snacks,21,2.8
2024-11-05,Centre,Espresso beans,Coffee,23,9.5
2024-11-05,Centre,Filter coffee,Coffee,25,7.0
2024-11-05,Centre,Green tea,Tea,11,4.5
2024-11-05,Centre,Earl Grey,Tea,19,4.0
2024-11-05,Centre,Flapjack,Snacks,29,2.2
2024-11-05,Centre,Almond croissant,Snacks,44,2.24
2024-11-05,South,Espresso beans,Coffee,13,9.5
2024-11-05,South,Filter coffee,Coffee,14,7.0
2024-11-05,South,Green tea,Tea,9,4.5
2024-11-05,South,Earl Grey,Tea,5,4.0
2024-11-05,South,Flapjack,Snacks,16,2.2
2024-11-05,South,Almond croissant,Snacks,18,2.8
2024-11-06,North,Espresso beans,Coffee,20,9.5
2024-11-06,North,Filter coffee,Coffee,29,7.0
2024-11-06,North,Green tea,Tea,14,4.5
2024-11-06,North,Earl Grey,Tea,9,4.0
2024-11-06,North,Flapjack,Snacks,20,2.2
2024-11-06,North,Almond croissant,Snacks,19,2.8
2024-11-06,Centre,Espresso beans,Coffee,33,7.6
2024-11-06,Centre,Filter coffee,Coffee,20,7.0
2024-11-06,Centre,Green tea,Tea,14,4.5
2024-11-06,Centre,Earl Grey,Tea,16,4.0
2024-11-06,Centre,Flapjack,Snacks,46,2.2
2024-11-06,Centre,Almond croissant,Snacks,24,2.8
2024-11-06,South,Espresso beans,Coffee,6,9.5
2024-11-06,South,Filter coffee,Coffee,22,7.0
2024-11-06,South,Green tea,Tea,5,4.5
2024-11-06,South,Earl Grey,Tea,10,4.0
2024-11-06,South,Flapjack,Snacks,20,2.2
2024-11-06,South,Almond croissant,Snacks,16,2.8
2024-11-07,North,Espresso beans,Coffee,15,9.5
2024-11-07,North,Filter coffee,Coffee,21,7.0
2024-11-07,North,Green tea,Tea,14,4.5
2024-11-07,North,Earl Grey,Tea,17,4.0
2024-11-07,North,Flapjack,Snacks,25,2.2
2024-11-07,North,Almond croissant,Snacks,19,2.8
2024-11-07,Centre,Espresso beans,Coffee,23,9.5
2024-11-07,Centre,Filter coffee,Coffee,25,7.0
2024-11-07,Centre,Green tea,Tea,18,4.5
2024-11-07,Centre,Earl Grey,Tea,21,3.2
2024-11-07,Centre,Flapjack,Snacks,38,2.2
2024-11-07,Centre,Almond croissant,Snacks,33,2.8
2024-11-07,South,Espresso beans,Coffee,7,9.5
2024-11-07,South,Filter coffee,Coffee,18,7.0
2024-11-07,South,Green tea,Tea,2,4.5
2024-11-07,South,Earl Grey,Tea,9,4.0
2024-11-07,South,Flapjack,Snacks,14,2.2
2024-11-07,South,Almond croissant,Snacks,15,2.8
2024-11-08,North,Espresso beans,Coffee,15,9.5
2024-11-08,North,Filter coffee,Coffee,26,7.0
2024-11-08,North,Green tea,Tea,12,4.5
2024-11-08,North,Earl Grey,Tea,12,4.0
2024-11-08,North,Flapjack,Snacks,29,2.2
2024-11-08,North,Almond croissant,Snacks,32,2.8
2024-11-08,Centre,Espresso beans,Coffee,30,9.5
2024-11-08,Centre,Filter coffee,Coffee,36,7.0
2024-11-08,Centre,Green tea,Tea,15,4.5
2024-11-08,Centre,Earl Grey,Tea,20,4.0
2024-11-08,Centre,Flapjack,Snacks,53,2.2
2024-11-08,Centre,Almond croissant,Snacks,47,2.8
2024-11-08,South,Espresso beans,Coffee,13,9.5
2024-11-08,South,Filter coffee,Coffee,17,7.0
2024-11-08,South,Green tea,Tea,11,4.5
2024-11-08,South,Earl Grey,Tea,8,4.0
2024-11-08,South,Flapjack,Snacks,22,2.2
2024-11-08,South,Almond croissant,Snacks,22,2.8
2024-11-09,North,Espresso beans,Coffee,20,9.5
2024-11-09,North,Filter coffee,Coffee,29,7.0
2024-11-09,North,Green tea,Tea,11,4.5
2024-11-09,North,Earl Grey,Tea,12,4.0
2024-11-09,North,Flapjack,Snacks,32,2.2
2024-11-09,North,Almond croissant,Snacks,35,2.8
2024-11-09,Centre,Espresso beans,Coffee,30,9.5
2024-11-09,Centre,Filter coffee,Coffee,37,7.0
2024-11-09,Centre,Green tea,Tea,12,4.5
2024-11-09,Centre,Earl Grey,Tea,29,4.0
2024-11-09,Centre,Flapjack,Snacks,61,2.2
2024-11-09,Centre,Almond croissant,Snacks,49,2.8
2024-11-09,South,Espresso beans,Coffee,19,9.5
2024-11-09,South,Filter coffee,Coffee,23,7.0
2024-11-09,South,Green tea,Tea,13,4.5
2024-11-09,South,Earl Grey,Tea,6,4.0
2024-11-09,South,Flapjack,Snacks,38,1.76
2024-11-09,South,Almond croissant,Snacks,29,2.8
2024-11-10,North,Espresso beans,Coffee,22,9.5
2024-11-10,North,Filter coffee,Coffee,19,7.0
2024-11-10,North,Green tea,Tea,12,4.5
2024-11-10,North,Earl Grey,Tea,9,4.0
2024-11-10,North,Flapjack,Snacks,30,2.2
2024-11-10,North,Almond croissant,Snacks,39,2.24
2024-11-10,Centre,Espresso beans,Coffee,18,9.5
2024-11-10,Centre,Filter coffee,Coffee,29,7.0
2024-11-10,Centre,Green tea,Tea,11,4.5
2024-11-10,Centre,Earl Grey,Tea,18,4.0
2024-11-10,Centre,Flapjack,Snacks,59,2.2
2024-11-10,Centre,Almond croissant,Snacks,62,2.24
2024-11-10,South,Espresso beans,Coffee,18,9.5
2024-11-10,South,Filter coffee,Coffee,14,7.0
2024-11-10,South,Green tea,Tea,6,4.5
2024-11-10,South,Earl Grey,Tea,10,4.0
2024-11-10,South,Flapjack,Snacks,20,2.2
2024-11-10,South,Almond croissant,Snacks,22,2.8
2024-11-11,North,Espresso beans,Coffee,22,7.6
2024-11-11,North,Filter coffee,Coffee,17,7.0
2024-11-11,North,Green tea,Tea,9,4.5
2024-11-11,North,Earl Grey,Tea,11,4.0
2024-11-11,North,Flapjack,Snacks,33,2.2
2024-11-11,North,Almond croissant,Snacks,18,2.8
2024-11-11,Centre,Espresso beans,Coffee,16,9.5
2024-11-11,Centre,Filter coffee,Coffee,27,7.0
2024-11-11,Centre,Green tea,Tea,15,4.5
2024-11-11,Centre,Earl Grey,Tea,14,4.0
2024-11-11,Centre,Flapjack,Snacks,40,2.2
2024-11-11,Centre,Almond croissant,Snacks,25,2.8
2024-11-11,South,Espresso beans,Coffee,14,9.5
2024-11-11,South,Filter coffee,Coffee,10,7.0
2024-11-11,South,Green tea,Tea,13,3.6
2024-11-11,South,Earl Grey,Tea,10,4.0
2024-11-11,South,Flapjack,Snacks,22,2.2
2024-11-11,South,Almond croissant,Snacks,27,2.8
2024-11-12,North,Espresso beans,Coffee,33,7.6
2024-11-12,North,Filter coffee,Coffee,16,7.0
2024-11-12,North,Green tea,Tea,9,4.5
2024-11-12,North,Earl Grey,Tea,24,3.2
2024-11-12,North,Flapjack,Snacks,19,2.2
2024-11-12,North,Almond croissant,Snacks,18,2.8
2024-11-12,Centre,Espresso beans,Coffee,19,9.5
2024-11-12,Centre,Filter coffee,Coffee,19,7.0
2024-11-12,Centre,Green tea,Tea,15,4.5
2024-11-12,Centre,Earl Grey,Tea,14,4.0
2024-11-12,Centre,Flapjack,Snacks,35,2.2
2024-11-12,Centre,Almond croissant,Snacks,30,2.8
2024-11-12,South,Espresso beans,Coffee,18,9.5
2024-11-12,South,Filter coffee,Coffee,13,7.0
2024-11-12,South,Green tea,Tea,5,4.5
2024-11-12,South,Earl Grey,Tea,9,4.0
2024-11-12,South,Flapjack,Snacks,21,2.2
2024-11-12,South,Almond croissant,Snacks,13,2.8
2024-11-13,North,Espresso beans,Coffee,12,9.5
2024-11-13,North,Filter coffee,Coffee,14,7.0
2024-11-13,North,Green tea,Tea,14,4.5
2024-11-13,North,Earl Grey,Tea,21,4.0
2024-11-13,North,Flapjack,Snacks,24,2.2
2024-11-13,North,Almond croissant,Snacks,27,2.8
2024-11-13,Centre,Espresso beans,Coffee,15,9.5
2024-11-13,Centre,Filter coffee,Coffee,23,7.0
2024-11-13,Centre,Green tea,Tea,10,4.5
2024-11-13,Centre,Earl Grey,Tea,20,4.0
2024-11-13,Centre,Flapjack,Snacks,34,2.2
2024-11-13,Centre,Almond croissant,Snacks,53,2.24
2024-11-13,South,Espresso beans,Coffee,11,9.5
2024-11-13,South,Filter coffee,Coffee,13,7.0
2024-11-13,South,Green tea,Tea,12,4.5
2024-11-13,South,Earl Grey,Tea,7,4.0
2024-11-13,South,Flapjack,Snacks,18,2.2
2024-11-13,South,Almond croissant,Snacks,19,2.8
2024-11-14,North,Espresso beans,Coffee,10,9.5
2024-11-14,North,Filter coffee,Coffee,21,7.0
2024-11-14,North,Green tea,Tea,7,4.5
2024-11-14,North,Earl Grey,Tea,11,4.0
2024-11-14,North,Flapjack,Snacks,26,2.2
2024-11-14,North,Almond croissant,Snacks,17,2.8
2024-11-14,Centre,Espresso beans,Coffee,20,9.5
2024-11-14,Centre,Filter coffee,Coffee,30,7.0
2024-11-14,Centre,Green tea,Tea,13,4.5
2024-11-14,Centre,Earl Grey,Tea,22,4.0
2024-11-14,Centre,Flapjack,Snacks,38,2.2
2024-11-14,Centre,Almond croissant,Snacks,30,2.8
2024-11-14,South,Espresso beans,Coffee,13,9.5
2024-11-14,South,Filter coffee,Coffee,11,7.0
2024-11-14,South,Green tea,Tea,10,4.5
2024-11-14,South,Earl Grey,Tea,11,4.0
2024-11-14,South,Flapjack,Snacks,16,2.2
2024-11-14,South,Almond croissant,Snacks,14,2.8
2024-11-15,North,Espresso beans,Coffee,15,9.5
2024-11-15,North,Filter coffee,Coffee,22,7.0
2024-11-15,North,Green tea,Tea,6,4.5
2024-11-15,North,Earl Grey,Tea,12,4.0
2024-11-15,North,Flapjack,Snacks,32,2.2
2024-11-15,North,Almond croissant,Snacks,31,2.8
2024-11-15,Centre,Espresso beans,Coffee,25,9.5
2024-11-15,Centre,Filter coffee,Coffee,35,7.0
2024-11-15,Centre,Green tea,Tea,25,3.6
2024-11-15,Centre,Earl Grey,Tea,19,4.0
2024-11-15,Centre,Flapjack,Snacks,34,2.2
2024-11-15,Centre,Almond croissant,Snacks,31,2.8
2024-11-15,South,Espresso beans,Coffee,19,9.5
2024-11-15,South,Filter coffee,Coffee,15,7.0
2024-11-15,South,Green tea,Tea,8,3.6
2024-11-15,South,Earl Grey,Tea,12,4.0
2024-11-15,South,Flapjack,Snacks,24,2.2
2024-11-15,South,Almond croissant,Snacks,18,2.8
2024-11-16,North,Espresso beans,Coffee,22,9.5
2024-11-16,North,Filter coffee,Coffee,24,7.0
2024-11-16,North,Green tea,Tea,7,4.5
2024-11-16,North,Earl Grey,Tea,17,4.0
2024-11-16,North,Flapjack,Snacks,28,2.2
2024-11-16,North,Almond croissant,Snacks,26,2.8
2024-11-16,Centre,Espresso beans,Coffee,36,9.5
2024-11-16,Centre,Filter coffee,Coffee,35,7.0
2024-11-16,Centre,Green tea,Tea,21,4.5
2024-11-16,Centre,Earl Grey,Tea,24,4.0
2024-11-16,Centre,Flapjack,Snacks,58,2.2
2024-11-16,Centre,Almond croissant,Snacks,47,2.8
2024-11-16,South,Espresso beans,Coffee,10,9.5
2024-11-16,South,Filter coffee,Coffee,16,7.0
2024-11-16,South,Green tea,Tea,14,4.5
2024-11-16,South,Earl Grey,Tea,10,4.0
2024-11-16,South,Flapjack,Snacks,24,2.2
2024-11-16,South,Almond croissant,Snacks,26,2.8
2024-11-17,North,Espresso beans,Coffee,11,9.5
2024-11-17,North,Filter coffee,Coffee,18,7.0
2024-11-17,North,Green tea,Tea,13,4.5
2024-11-17,North,Earl Grey,Tea,18,4.0
2024-11-17,North,Flapjack,Snacks,30,2.2
2024-11-17,North,Almond croissant,Snacks,25,2.8
2024-11-17,Centre,Espresso beans,Coffee,19,9.5
2024-11-17,Centre,Filter coffee,Coffee,33,7.0
2024-11-17,Centre,Green tea,Tea,5,4.5
2024-11-17,Centre,Earl Grey,Tea,23,4.0
2024-11-17,Centre,Flapjack,Snacks,38,2.2
2024-11-17,Centre,Almond croissant,Snacks,41,2.8
2024-11-17,South,Espresso beans,Coffee,9,9.5
2024-11-17,South,Filter coffee,Coffee,11,7.0
2024-11-17,South,Green tea,Tea,9,4.5
2024-11-17,South,Earl Grey,Tea,13,4.0
2024-11-17,South,Flapjack,Snacks,16,2.2
2024-11-17,South,Almond croissant,Snacks,19,2.8
2024-11-18,North,Espresso beans,Coffee,16,9.5
2024-11-18,North,Filter coffee,Coffee,21,7.0
2024-11-18,North,Green tea,Tea,14,4.5
2024-11-18,North,Earl Grey,Tea,12,4.0
2024-11-18,North,Flapjack,Snacks,25,2.2
2024-11-18,North,Almond croissant,Snacks,22,2.8
2024-11-18,Centre,Espresso beans,Coffee,22,9.5
2024-11-18,Centre,Filter coffee,Coffee,34,7.0
2024-11-18,Centre,Green tea,Tea,7,4.5
2024-11-18,Centre,Earl Grey,Tea,26,4.0
2024-11-18,Centre,Flapjack,Snacks,30,2.2
2024-11-18,Centre,Almond croissant,Snacks,27,2.8
2024-11-18,South,Espresso beans,Coffee,17,9.5
2024-11-18,South,Filter coffee,Coffee,8,7.0
2024-11-18,South,Green tea,Tea,12,4.5
2024-11-18,South,Earl Grey,Tea,9,4.0
2024-11-18,South,Flapjack,Snacks,18,2.2
2024-11-18,South,Almond croissant,Snacks,15,2.8
2024-11-19,North,Espresso beans,Coffee,11,9.5
2024-11-19,North,Filter coffee,Coffee,14,7.0
2024-11-19,North,Green tea,Tea,9,4.5
2024-11-19,North,Earl Grey,Tea,9,4.0
2024-11-19,North,Flapjack,Snacks,26,2.2
2024-11-19,North,Almond croissant,Snacks,16,2.8
2024-11-19,Centre,Espresso beans,Coffee,17,9.5
2024-11-19,Centre,Filter coffee,Coffee,20,7.0
2024-11-19,Centre,Green tea,Tea,13,4.5
2024-11-19,Centre,Earl Grey,Tea,14,4.0
2024-11-19,Centre,Flapjack,Snacks,41,2.2
2024-11-19,Centre,Almond croissant,Snacks,29,2.8
2024-11-19,South,Espresso beans,Coffee,14,9.5
2024-11-19,South,Filter coffee,Coffee,15,7.0
2024-11-19,South,Green tea,Tea,5,4.5
2024-11-19,South,Earl Grey,Tea,10,4.0
2024-11-19,South,Flapjack,Snacks,27,1.76
2024-11-19,South,Almond croissant,Snacks,8,2.8
2024-11-20,North,Espresso beans,Coffee,18,9.5
2024-11-20,North,Filter coffee,Coffee,17,7.0
2024-11-20,North,Green tea,Tea,4,4.5
2024-11-20,North,Earl Grey,Tea,10,4.0
2024-11-20,North,Flapjack,Snacks,27,2.2
2024-11-20,North,Almond croissant,Snacks,19,2.8
2024-11-20,Centre,Espresso beans,Coffee,28,9.5
2024-11-20,Centre,Filter coffee,Coffee,28,7.0
2024-11-20,Centre,Green tea,Tea,14,4.5
2024-11-20,Centre,Earl Grey,Tea,16,4.0
2024-11-20,Centre,Flapjack,Snacks,30,2.2
2024-11-20,Centre,Almond croissant,Snacks,41,2.8
2024-11-20,South,Espresso beans,Coffee,19,9.5
2024-11-20,South,Filter coffee,Coffee,10,7.0
2024-11-20,South,Green tea,Tea,8,4.5
2024-11-20,South,Earl Grey,Tea,9,4.0
2024-11-20,South,Flapjack,Snacks,20,2.2
2024-11-20,South,Almond croissant,Snacks,12,2.8
2024-11-21,North,Espresso beans,Coffee,18,9.5
2024-11-21,North,Filter coffee,Coffee,18,7.0
2024-11-21,North,Green tea,Tea,15,4.5
2024-11-21,North,Earl Grey,Tea,7,4.0
2024-11-21,North,Flapjack,Snacks,36,2.2
2024-11-21,North,Almond croissant,Snacks,24,2.8
2024-11-21,Centre,Espresso beans,Coffee,26,9.5
2024-11-21,Centre,Filter coffee,Coffee,18,7.0
2024-11-21,Centre,Green tea,Tea,13,4.5
2024-11-21,Centre,Earl Grey,Tea,21,4.0
2024-11-21,Centre,Flapjack,Snacks,67,1.76
2024-11-21,Centre,Almond croissant,Snacks,38,2.8
2024-11-21,South,Espresso beans,Coffee,4,9.5
2024-11-21,South,Filter coffee,Coffee,16,7.0
2024-11-21,South,Green tea,Tea,11,4.5
2024-11-21,South,Earl Grey,Tea,8,4.0
2024-11-21,South,Flapjack,Snacks,21,2.2
2024-11-21,South,Almond croissant,Snacks,23,2.8
2024-11-22,North,Espresso beans,Coffee,12,9.5
2024-11-22,North,Filter coffee,Coffee,31,7.0
2024-11-22,North,Green tea,Tea,13,4.5
2024-11-22,North,Earl Grey,Tea,12,4.0
2024-11-22,North,Flapjack,Snacks,24,2.2
2024-11-22,North,Almond croissant,Snacks,21,2.8
2024-11-22,Centre,Espresso beans,Coffee,21,9.5
2024-11-22,Centre,Filter coffee,Coffee,37,7.0
2024-11-22,Centre,Green tea,Tea,17,4.5
2024-11-22,Centre,Earl Grey,Tea,10,4.0
2024-11-22,Centre,Flapjack,Snacks,44,2.2
2024-11-22,Centre,Almond croissant,Snacks,32,2.8
2024-11-22,South,Espresso beans,Coffee,21,9.5
2024-11-22,South,Filter coffee,Coffee,11,7.0
2024-11-22,South,Green tea,Tea,6,4.5
2024-11-22,South,Earl Grey,Tea,18,4.0
2024-11-22,South,Flapjack,Snacks,17,2.2
2024-11-22,South,Almond croissant,Snacks,18,2.8
2024-11-23,North,Espresso beans,Coffee,22,9.5
2024-11-23,North,Filter coffee,Coffee,19,7.0
2024-11-23,North,Green tea,Tea,8,4.5
2024-11-23,North,Earl Grey,Tea,16,4.0
2024-11-23,North,Flapjack,Snacks,54,2.2
2024-11-23,North,Almond croissant,Snacks,30,2.8
2024-11-23,Centre,Espresso beans,Coffee,26,9.5
2024-11-23,Centre,Filter coffee,Coffee,41,7.0
2024-11-23,Centre,Green tea,Tea,17,4.5
2024-11-23,Centre,Earl Grey,Tea,28,4.0
2024-11-23,Centre,Flapjack,Snacks,51,2.2
2024-11-23,Centre,Almond croissant,Snacks,47,2.8
2024-11-23,South,Espresso beans,Coffee,14,9.5
2024-11-23,South,Filter coffee,Coffee,16,7.0
2024-11-23,South,Green tea,Tea,1,4.5
2024-11-23,South,Earl Grey,Tea,7,4.0
2024-11-23,South,Flapjack,Snacks,21,2.2
2024-11-23,South,Almond croissant,Snacks,35,2.8
2024-11-24,North,Espresso beans,Coffee,21,9.5
2024-11-24,North,Filter coffee,Coffee,19,7.0
2024-11-24,North,Green tea,Tea,12,4.5
2024-11-24,North,Earl Grey,Tea,7,4.0
2024-11-24,North,Flapjack,Snacks,23,2.2
2024-11-24,North,Almond croissant,Snacks,26,2.8
2024-11-24,Centre,Espresso beans,Coffee,22,9.5
2024-11-24,Centre,Filter coffee,Coffee,42,7.0
2024-11-24,Centre,Green tea,Tea,14,4.5
2024-11-24,Centre,Earl Grey,Tea,13,4.0
2024-11-24,Centre,Flapjack,Snacks,47,2.2
2024-11-24,Centre,Almond croissant,Snacks,40,2.8
2024-11-24,South,Espresso beans,Coffee,21,9.5
2024-11-24,South,Filter coffee,Coffee,13,7.0
2024-11-24,South,Green tea,Tea,9,4.5
2024-11-24,South,Earl Grey,Tea,13,4.0
2024-11-24,South,Flapjack,Snacks,23,2.2
2024-11-24,South,Almond croissant,Snacks,36,2.24
2024-11-25,North,Espresso beans,Coffee,15,9.5
2024-11-25,North,Filter coffee,Coffee,24,7.0
2024-11-25,North,Green tea,Tea,4,4.5
2024-11-25,North,Earl Grey,Tea,14,4.0
2024-11-25,North,Flapjack,Snacks,20,2.2
2024-11-25,North,Almond croissant,Snacks,24,2.8
2024-11-25,Centre,Espresso beans,Coffee,26,7.6
2024-11-25,Centre,Filter coffee,Coffee,27,7.0
2024-11-25,Centre,Green tea,Tea,17,3.6
2024-11-25,Centre,Earl Grey,Tea,16,4.0
2024-11-25,Centre,Flapjack,Snacks,51,2.2
2024-11-25,Centre,Almond croissant,Snacks,27,2.8
2024-11-25,South,Espresso beans,Coffee,13,9.5
2024-11-25,South,Filter coffee,Coffee,18,5.6
2024-11-25,South,Green tea,Tea,4,4.5
2024-11-25,South,Earl Grey,Tea,10,3.2
2024-11-25,South,Flapjack,Snacks,14,2.2
2024-11-25,South,Almond croissant,Snacks,18,2.8
2024-11-26,North,Espresso beans,Coffee,20,9.5
2024-11-26,North,Filter coffee,Coffee,18,7.0
2024-11-26,North,Green tea,Tea,7,4.5
2024-11-26,North,Earl Grey,Tea,8,4.0
2024-11-26,North,Flapjack,Snacks,30,2.2
2024-11-26,North,Almond croissant,Snacks,18,2.8
2024-11-26,Centre,Espresso beans,Coffee,17,9.5
2024-11-26,Centre,Filter coffee,Coffee,26,7.0
2024-11-26,Centre,Green tea,Tea,17,4.5
2024-11-26,Centre,Earl Grey,Tea,11,4.0
2024-11-26,Centre,Flapjack,Snacks,31,2.2
2024-11-26,Centre,Almond croissant,Snacks,30,2.8
2024-11-26,South,Espresso beans,Coffee,9,9.5
2024-11-26,South,Filter coffee,Coffee,7,7.0
2024-11-26,South,Green tea,Tea,7,4.5
2024-11-26,South,Earl Grey,Tea,8,4.0
2024-11-26,South,Flapjack,Snacks,19,2.2
2024-11-26,South,Almond croissant,Snacks,17,2.8
2024-11-27,North,Espresso beans,Coffee,12,9.5
2024-11-27,North,Filter coffee,Coffee,24,7.0
2024-11-27,North,Green tea,Tea,10,4.5
2024-11-27,North,Earl Grey,Tea,9,4.0
2024-11-27,North,Flapjack,Snacks,18,2.2
2024-11-27,North,Almond croissant,Snacks,22,2.8
2024-11-27,Centre,Espresso beans,Coffee,21,9.5
2024-11-27,Centre,Filter coffee,Coffee,21,7.0
2024-11-27,Centre,Green tea,Tea,16,3.6
2024-11-27,Centre,Earl Grey,Tea,16,4.0
2024-11-27,Centre,Flapjack,Snacks,38,2.2
2024-11-27,Centre,Almond croissant,Snacks,41,2.8
2024-11-27,South,Espresso beans,Coffee,5,9.5
2024-11-27,South,Filter coffee,Coffee,25,5.6
2024-11-27,South,Green tea,Tea,10,4.5
2024-11-27,South,Earl Grey,Tea,8,4.0
2024-11-27,South,Flapjack,Snacks,11,2.2
2024-11-27,South,Almond croissant,Snacks,16,2.8
2024-11-28,North,Espresso beans,Coffee,24,9.5
2024-11-28,North,Filter coffee,Coffee,15,7.0
2024-11-28,North,Green tea,Tea,13,3.6
2024-11-28,North,Earl Grey,Tea,12,4.0
2024-11-28,North,Flapjack,Snacks,23,2.2
2024-11-28,North,Almond croissant,Snacks,24,2.8
2024-11-28,Centre,Espresso beans,Coffee,24,7.6
2024-11-28,Centre,Filter coffee,Coffee,24,7.0
2024-11-28,Centre,Green tea,Tea,13,4.5
2024-11-28,Centre,Earl Grey,Tea,16,4.0
2024-11-28,Centre,Flapjack,Snacks,34,2.2
2024-11-28,Centre,Almond croissant,Snacks,35,2.8
2024-11-28,South,Espresso beans,Coffee,19,9.5
2024-11-28,South,Filter coffee,Coffee,20,7.0
2024-11-28,South,Green tea,Tea,10,4.5
2024-11-28,South,Earl Grey,Tea,10,4.0
2024-11-28,South,Flapjack,Snacks,23,2.2
2024-11-28,South,Almond croissant,Snacks,19,2.8
2024-11-29,North,Espresso beans,Coffee,16,9.5
2024-11-29,North,Filter coffee,Coffee,29,7.0
2024-11-29,North,Green tea,Tea,9,4.5
2024-11-29,North,Earl Grey,Tea,21,4.0
2024-11-29,North,Flapjack,Snacks,28,2.2
2024-11-29,North,Almond croissant,Snacks,27,2.8
2024-11-29,Centre,Espresso beans,Coffee,23,9.5
2024-11-29,Centre,Filter coffee,Coffee,41,7.0
2024-11-29,Centre,Green tea,Tea,26,4.5
2024-11-29,Centre,Earl Grey,Tea,17,4.0
2024-11-29,Centre,Flapjack,Snacks,54,2.2
2024-11-29,Centre,Almond croissant,Snacks,34,2.8
2024-11-29,South,Espresso beans,Coffee,13,9.5
2024-11-29,South,Filter coffee,Coffee,17,7.0
2024-11-29,South,Green tea,Tea,6,4.5
2024-11-29,South,Earl Grey,Tea,14,4.0
2024-11-29,South,Flapjack,Snacks,31,2.2
2024-11-29,South,Almond croissant,Snacks,16,2.8
2024-11-30,North,Espresso beans,Coffee,23,9.5
2024-11-30,North,Filter coffee,Coffee,22,7.0
2024-11-30,North,Green tea,Tea,15,4.5
2024-11-30,North,Earl Grey,Tea,18,4.0
2024-11-30,North,Flapjack,Snacks,44,2.2
2024-11-30,North,Almond croissant,Snacks,39,2.8
2024-11-30,Centre,Espresso beans,Coffee,29,9.5
2024-11-30,Centre,Filter coffee,Coffee,46,7.0
2024-11-30,Centre,Green tea,Tea,17,4.5
2024-11-30,Centre,Earl Grey,Tea,39,3.2
2024-11-30,Centre,Flapjack,Snacks,39,2.2
2024-11-30,Centre,Almond croissant,Snacks,46,2.8
2024-11-30,South,Espresso beans,Coffee,14,9.5
2024-11-30,South,Filter coffee,Coffee,31,7.0
2024-11-30,South,Green tea,Tea,13,4.5
2024-11-30,South,Earl Grey,Tea,18,4.0
2024-11-30,South,Flapjack,Snacks,32,2.2
2024-11-30,South,Almond croissant,Snacks,21,2.8
2024-12-01,North,Espresso beans,Coffee,22,9.5
2024-12-01,North,Filter coffee,Coffee,23,7.0
2024-12-01,North,Green tea,Tea,7,4.5
2024-12-01,North,Earl Grey,Tea,14,4.0
2024-12-01,North,Flapjack,Snacks,36,2.2
2024-12-01,North,Almond croissant,Snacks,29,2.8
2024-12-01,Centre,Espresso beans,Coffee,25,9.5
2024-12-01,Centre,Filter coffee,Coffee,40,7.0
2024-12-01,Centre,Green tea,Tea,18,4.5
2024-12-01,Centre,Earl Grey,Tea,12,4.0
2024-12-01,Centre,Flapjack,Snacks,41,2.2
2024-12-01,Centre,Almond croissant,Snacks,22,2.8
2024-12-01,South,Espresso beans,Coffee,14,9.5
2024-12-01,South,Filter coffee,Coffee,17,7.0
2024-12-01,South,Green tea,Tea,6,4.5
2024-12-01,South,Earl Grey,Tea,11,4.0
2024-12-01,South,Flapjack,Snacks,20,2.2
2024-12-01,South,Almond croissant,Snacks,17,2.8
2024-12-02,North,Espresso beans,Coffee,16,9.5
2024-12-02,North,Filter coffee,Coffee,17,7.0
2024-12-02,North,Green tea,Tea,6,4.5
2024-12-02,North,Earl Grey,Tea,14,4.0
2024-12-02,North,Flapjack,Snacks,27,2.2
2024-12-02,North,Almond croissant,Snacks,27,2.8
2024-12-02,Centre,Espresso beans,Coffee,29,7.6
2024-12-02,Centre,Filter coffee,Coffee,31,7.0
2024-12-02,Centre,Green tea,Tea,11,4.5
2024-12-02,Centre,Earl Grey,Tea,13,4.0
2024-12-02,Centre,Flapjack,Snacks,34,2.2
2024-12-02,Centre,Almond croissant,Snacks,25,2.8
2024-12-02,South,Espresso beans,Coffee,9,9.5
2024-12-02,South,Filter coffee,Coffee,14,7.0
2024-12-02,South,Green tea,Tea,6,4.5
2024-12-02,South,Earl Grey,Tea,4,4.0
2024-12-02,South,Flapjack,Snacks,22,2.2
2024-12-02,South,Almond croissant,Snacks,32,2.24
2024-12-03,North,Espresso beans,Coffee,14,9.5
2024-12-03,North,Filter coffee,Coffee,25,7.0
2024-12-03,North,Green tea,Tea,9,4.5
2024-12-03,North,Earl Grey,Tea,11,4.0
2024-12-03,North,Flapjack,Snacks,26,2.2
2024-12-03,North,Almond croissant,Snacks,14,2.8
2024-12-03,Centre,Espresso beans,Coffee,37,7.6
2024-12-03,Centre,Filter coffee,Coffee,26,7.0
2024-12-03,Centre,Green tea,Tea,13,4.5
2024-12-03,Centre,Earl Grey,Tea,17,4.0
2024-12-03,Centre,Flapjack,Snacks,35,2.2
2024-12-03,Centre,Almond croissant,Snacks,30,2.8
2024-12-03,South,Espresso beans,Coffee,10,9.5
2024-12-03,South,Filter coffee,Coffee,9,7.0
2024-12-03,South,Green tea,Tea,7,4.5
2024-12-03,South,Earl Grey,Tea,8,4.0
2024-12-03,South,Flapjack,Snacks,33,2.2
2024-12-03,South,Almond croissant,Snacks,13,2.8
2024-12-04,North,Espresso beans,Coffee,17,9.5
2024-12-04,North,Filter coffee,Coffee,16,7.0
2024-12-04,North,Green tea,Tea,3,4.5
2024-12-04,North,Earl Grey,Tea,19,4.0
2024-12-04,North,Flapjack,Snacks,25,2.2
2024-12-04,North,Almond croissant,Snacks,22,2.8
2024-12-04,Centre,Espresso beans,Coffee,17,9.5
2024-12-04,Centre,Filter coffee,Coffee,28,7.0
2024-12-04,Centre,Green tea,Tea,10,4.5
2024-12-04,Centre,Earl Grey,Tea,15,4.0
2024-12-04,Centre,Flapjack,Snacks,33,2.2
2024-12-04,Centre,Almond croissant,Snacks,36,2.8
2024-12-04,South,Espresso beans,Coffee,9,9.5
2024-12-04,South,Filter coffee,Coffee,13,7.0
2024-12-04,South,Green tea,Tea,11,4.5
2024-12-04,South,Earl Grey,Tea,5,4.0
2024-12-04,South,Flapjack,Snacks,20,2.2
2024-12-04,South,Almond croissant,Snacks,10,2.8
2024-12-05,North,Espresso beans,Coffee,18,9.5
2024-12-05,North,Filter coffee,Coffee,16,7.0
2024-12-05,North,Green tea,Tea,9,4.5
2024-12-05,North,Earl Grey,Tea,16,4.0
2024-12-05,North,Flapjack,Snacks,21,2.2
2024-12-05,North,Almond croissant,Snacks,25,2.8
2024-12-05,Centre,Espresso beans,Coffee,25,9.5
2024-12-05,Centre,Filter coffee,Coffee,52,5.6
2024-12-05,Centre,Green tea,Tea,17,4.5
2024-12-05,Centre,Earl Grey,Tea,22,4.0
2024-12-05,Centre,Flapjack,Snacks,34,2.2
2024-12-05,Centre,Almond croissant,Snacks,29,2.8
2024-12-05,South,Espresso beans,Coffee,14,9.5
2024-12-05,South,Filter coffee,Coffee,19,7.0
2024-12-05,South,Green tea,Tea,9,4.5
2024-12-05,South,Earl Grey,Tea,6,4.0
2024-12-05,South,Flapjack,Snacks,19,2.2
2024-12-05,South,Almond croissant,Snacks,19,2.8
2024-12-06,North,Espresso beans,Coffee,19,9.5
2024-12-06,North,Filter coffee,Coffee,19,7.0
2024-12-06,North,Green tea,Tea,17,4.5
2024-12-06,North,Earl Grey,Tea,17,4.0
2024-12-06,North,Flapjack,Snacks,33,2.2
2024-12-06,North,Almond croissant,Snacks,27,2.8
2024-12-06,Centre,Espresso beans,Coffee,28,9.5
2024-12-06,Centre,Filter coffee,Coffee,37,7.0
2024-12-06,Centre,Green tea,Tea,20,4.5
2024-12-06,Centre,Earl Grey,Tea,18,4.0
2024-12-06,Centre,Flapjack,Snacks,39,2.2
2024-12-06,Centre,Almond croissant,Snacks,81,2.24
2024-12-06,South,Espresso beans,Coffee,16,9.5
2024-12-06,South,Filter coffee,Coffee,32,5.6
2024-12-06,South,Green tea,Tea,12,4.5
2024-12-06,South,Earl Grey,Tea,13,4.0
2024-12-06,South,Flapjack,Snacks,41,1.76
2024-12-06,South,Almond croissant,Snacks,24,2.8
2024-12-07,North,Espresso beans,Coffee,25,9.5
2024-12-07,North,Filter coffee,Coffee,52,5.6
2024-12-07,North,Green tea,Tea,16,4.5
2024-12-07,North,Earl Grey,Tea,26,3.2
2024-12-07,North,Flapjack,Snacks,39,2.2
2024-12-07,North,Almond croissant,Snacks,46,2.8
2024-12-07,Centre,Espresso beans,Coffee,32,9.5
2024-12-07,Centre,Filter coffee,Coffee,41,7.0
2024-12-07,Centre,Green tea,Tea,18,4.5
2024-12-07,Centre,Earl Grey,Tea,27,4.0
2024-12-07,Centre,Flapjack,Snacks,56,2.2
2024-12-07,Centre,Almond croissant,Snacks,58,2.8
2024-12-07,South,Espresso beans,Coffee,11,9.5
2024-12-07,South,Filter coffee,Coffee,22,7.0
2024-12-07,South,Green tea,Tea,8,4.5
2024-12-07,South,Earl Grey,Tea,13,4.0
2024-12-07,South,Flapjack,Snacks,29,2.2
2024-12-07,South,Almond croissant,Snacks,27,2.8
2024-12-08,North,Espresso beans,Coffee,12,9.5
2024-12-08,North,Filter coffee,Coffee,21,7.0
2024-12-08,North,Green tea,Tea,13,4.5
2024-12-08,North,Earl Grey,Tea,15,4.0
2024-12-08,North,Flapjack,Snacks,30,2.2
2024-12-08,North,Almond croissant,Snacks,37,2.8
2024-12-08,Centre,Espresso beans,Coffee,28,9.5
2024-12-08,Centre,Filter coffee,Coffee,35,7.0
2024-12-08,Centre,Green tea,Tea,32,3.6
2024-12-08,Centre,Earl Grey,Tea,23,4.0
2024-12-08,Centre,Flapjack,Snacks,37,2.2
2024-12-08,Centre,Almond croissant,Snacks,35,2.8
2024-12-08,South,Espresso beans,Coffee,12,9.5
2024-12-08,South,Filter coffee,Coffee,25,7.0
2024-12-08,South,Green tea,Tea,7,4.5
2024-12-08,South,Earl Grey,Tea,14,4.0
2024-12-08,South,Flapjack,Snacks,26,2.2
2024-12-08,South,Almond croissant,Snacks,33,2.24
2024-12-09,North,Espresso beans,Coffee,9,9.5
2024-12-09,North,Filter coffee,Coffee,22,7.0
2024-12-09,North,Green tea,Tea,9,4.5
2024-12-09,North,Earl Grey,Tea,3,4.0
2024-12-09,North,Flapjack,Snacks,25,2.2
2024-12-09,North,Almond croissant,Snacks,15,2.8
2024-12-09,Centre,Espresso beans,Coffee,20,9.5
2024-12-09,Centre,Filter coffee,Coffee,19,7.0
2024-12-09,Centre,Green tea,Tea,17,4.5
2024-12-09,Centre,Earl Grey,Tea,19,4.0
2024-12-09,Centre,Flapjack,Snacks,53,1.76
2024-12-09,Centre,Almond croissant,Snacks,33,2.8
2024-12-09,South,Espresso beans,Coffee,6,9.5
2024-12-09,South,Filter coffee,Coffee,19,5.6
2024-12-09,South,Green tea,Tea,11,4.5
2024-12-09,South,Earl Grey,Tea,11,4.0
2024-12-09,South,Flapjack,Snacks,19,2.2
2024-12-09,South,Almond croissant,Snacks,13,2.8
2024-12-10,North,Espresso beans,Coffee,15,9.5
2024-12-10,North,Filter coffee,Coffee,16,7.0
2024-12-10,North,Green tea,Tea,12,4.5
2024-12-10,North,Earl Grey,Tea,17,4.0
2024-12-10,North,Flapjack,Snacks,23,2.2
2024-12-10,North,Almond croissant,Snacks,21,2.8
2024-12-10,Centre,Espresso beans,Coffee,25,9.5
2024-12-10,Centre,Filter coffee,Coffee,27,7.0
2024-12-10,Centre,Green tea,Tea,15,4.5
2024-12-10,Centre,Earl Grey,Tea,16,4.0
2024-12-10,Centre,Flapjack,Snacks,42,2.2
2024-12-10,Centre,Almond croissant,Snacks,34,2.8
2024-12-10,South,Espresso beans,Coffee,12,9.5
2024-12-10,South,Filter coffee,Coffee,13,7.0
2024-12-10,South,Green tea,Tea,11,4.5
2024-12-10,South,Earl Grey,Tea,9,4.0
2024-12-10,South,Flapjack,Snacks,26,2.2
2024-12-10,South,Almond croissant,Snacks,16,2.8
2024-12-11,North,Espresso beans,Coffee,6,9.5
2024-12-11,North,Filter coffee,Coffee,17,7.0
2024-12-11,North,Green tea,Tea,11,4.5
2024-12-11,North,Earl Grey,Tea,11,4.0
2024-12-11,North,Flapjack,Snacks,22,2.2
2024-12-11,North,Almond croissant,Snacks,33,2.8
2024-12-11,Centre,Espresso beans,Coffee,28,9.5
2024-12-11,Centre,Filter coffee,Coffee,33,7.0
2024-12-11,Centre,Green tea,Tea,15,4.5
2024-12-11,Centre,Earl Grey,Tea,18,4.0
2024-12-11,Centre,Flapjack,Snacks,41,2.2
2024-12-11,Centre,Almond croissant,Snacks,34,2.8
2024-12-11,South,Espresso beans,Coffee,23,9.5
2024-12-11,South,Filter coffee,Coffee,15,7.0
2024-12-11,South,Green tea,Tea,5,4.5
2024-12-11,South,Earl Grey,Tea,12,4.0
2024-12-11,South,Flapjack,Snacks,18,2.2
2024-12-11,South,Almond croissant,Snacks,19,2.8
2024-12-12,North,Espresso beans,Coffee,14,9.5
2024-12-12,North,Filter coffee,Coffee,16,7.0
2024-12-12,North,Green tea,Tea,12,4.5
2024-12-12,North,Earl Grey,Tea,16,4.0
2024-12-12,North,Flapjack,Snacks,28,2.2
2024-12-12,North,Almond croissant,Snacks,29,2.8
2024-12-12,Centre,Espresso beans,Coffee,21,9.5
2024-12-12,Centre,Filter coffee,Coffee,22,7.0
2024-12-12,Centre,Green tea,Tea,18,4.5
2024-12-12,Centre,Earl Grey,Tea,19,4.0
2024-12-12,Centre,Flapjack,Snacks,39,2.2
2024-12-12,Centre,Almond croissant,Snacks,36,2.8
2024-12-12,South,Espresso beans,Coffee,17,9.5
2024-12-12,South,Filter coffee,Coffee,15,7.0
2024-12-12,South,Green tea,Tea,7,4.5
2024-12-12,South,Earl Grey,Tea,9,4.0
2024-12-12,South,Flapjack,Snacks,22,2.2
2024-12-12,South,Almond croissant,Snacks,21,2.8
2024-12-13,North,Espresso beans,Coffee,16,9.5
2024-12-13,North,Filter coffee,Coffee,26,7.0
2024-12-13,North,Green tea,Tea,7,4.5
2024-12-13,North,Earl Grey,Tea,16,4.0
2024-12-13,North,Flapjack,Snacks,27,2.2
2024-12-13,North,Almond croissant,Snacks,35,2.8
2024-12-13,Centre,Espresso beans,Coffee,33,9.5
2024-12-13,Centre,Filter coffee,Coffee,33,7.0
2024-12-13,Centre,Green tea,Tea,19,4.5
2024-12-13,Centre,Earl Grey,Tea,31,4.0
2024-12-13,Centre,Flapjack,Snacks,51,2.2
2024-12-13,Centre,Almond croissant,Snacks,66,2.24
2024-12-13,South,Espresso beans,Coffee,17,9.5
2024-12-13,South,Filter coffee,Coffee,16,7.0
2024-12-13,South,Green tea,Tea,13,4.5
2024-12-13,South,Earl Grey,Tea,15,4.0
2024-12-13,South,Flapjack,Snacks,34,2.2
2024-12-13,South,Almond croissant,Snacks,21,2.8
2024-12-14,North,Espresso beans,Coffee,26,9.5
2024-12-14,North,Filter coffee,Coffee,26,7.0
2024-12-14,North,Green tea,Tea,17,4.5
2024-12-14,North,Earl Grey,Tea,13,4.0
2024-12-14,North,Flapjack,Snacks,34,2.2
2024-12-14,North,Almond croissant,Snacks,22,2.8
2024-12-14,Centre,Espresso beans,Coffee,36,9.5
2024-12-14,Centre,Filter coffee,Coffee,49,7.0
2024-12-14,Centre,Green tea,Tea,29,3.6
2024-12-14,Centre,Earl Grey,Tea,31,4.0
2024-12-14,Centre,Flapjack,Snacks,65,2.2
2024-12-14,Centre,Almond croissant,Snacks,42,2.8
2024-12-14,South,Espresso beans,Coffee,20,9.5
2024-12-14,South,Filter coffee,Coffee,18,7.0
2024-12-14,South,Green tea,Tea,5,4.5
2024-12-14,South,Earl Grey,Tea,19,4.0
2024-12-14,South,Flapjack,Snacks,36,2.2
2024-12-14,South,Almond croissant,Snacks,35,2.8
2024-12-15,North,Espresso beans,Coffee,15,9.5
2024-12-15,North,Filter coffee,Coffee,33,7.0
2024-12-15,North,Green tea,Tea,12,4.5
2024-12-15,North,Earl Grey,Tea,20,4.0
2024-12-15,North,Flapjack,Snacks,29,2.2
2024-12-15,North,Almond croissant,Snacks,30,2.8
2024-12-15,Centre,Espresso beans,Coffee,24,9.5
2024-12-15,Centre,Filter coffee,Coffee,40,7.0
2024-12-15,Centre,Green tea,Tea,16,4.5
2024-12-15,Centre,Earl Grey,Tea,23,3.2
2024-12-15,Centre,Flapjack,Snacks,42,2.2
2024-12-15,Centre,Almond croissant,Snacks,33,2.8
2024-12-15,South,Espresso beans,Coffee,9,9.5
2024-12-15,South,Filter coffee,Coffee,16,7.0
2024-12-15,South,Green tea,Tea,9,4.5
2024-12-15,South,Earl Grey,Tea,15,3.2
2024-12-15,South,Flapjack,Snacks,19,2.2
2024-12-15,South,Almond croissant,Snacks,17,2.8
2024-12-16,North,Espresso beans,Coffee,6,9.5
2024-12-16,North,Filter coffee,Coffee,19,7.0
2024-12-16,North,Green tea,Tea,13,4.5
2024-12-16,North,Earl Grey,Tea,10,4.0
2024-12-16,North,Flapjack,Snacks,22,2.2
2024-12-16,North,Almond croissant,Snacks,27,2.8
2024-12-16,Centre,Espresso beans,Coffee,19,9.5
2024-12-16,Centre,Filter coffee,Coffee,19,7.0
2024-12-16,Centre,Green tea,Tea,13,4.5
2024-12-16,Centre,Earl Grey,Tea,20,4.0
2024-12-16,Centre,Flapjack,Snacks,45,2.2
2024-12-16,Centre,Almond croissant,Snacks,33,2.8
2024-12-16,South,Espresso beans,Coffee,8,9.5
2024-12-16,South,Filter coffee,Coffee,16,7.0
2024-12-16,South,Green tea,Tea,10,4.5
2024-12-16,South,Earl Grey,Tea,10,4.0
2024-12-16,South,Flapjack,Snacks,22,2.2
2024-12-16,South,Almond croissant,Snacks,16,2.8
2024-12-17,North,Espresso beans,Coffee,10,9.5
2024-12-17,North,Filter coffee,Coffee,17,7.0
2024-12-17,North,Green tea,Tea,10,4.5
2024-12-17,North,Earl Grey,Tea,6,4.0
2024-12-17,North,Flapjack,Snacks,24,2.2
2024-12-17,North,Almond croissant,Snacks,20,2.8
2024-12-17,Centre,Espresso beans,Coffee,18,9.5
2024-12-17,Centre,Filter coffee,Coffee,38,5.6
2024-12-17,Centre,Green tea,Tea,18,4.5
2024-12-17,Centre,Earl Grey,Tea,25,4.0
2024-12-17,Centre,Flapjack,Snacks,29,2.2
2024-12-17,Centre,Almond croissant,Snacks,26,2.8
2024-12-17,South,Espresso beans,Coffee,9,9.5
2024-12-17,South,Filter coffee,Coffee,18,7.0
2024-12-17,South,Green tea,Tea,2,4.5
2024-12-17,South,Earl Grey,Tea,8,4.0
2024-12-17,South,Flapjack,Snacks,14,2.2
2024-12-17,South,Almond croissant,Snacks,11,2.8
2024-12-18,North,Espresso beans,Coffee,18,9.5
2024-12-18,North,Filter coffee,Coffee,26,7.0
2024-12-18,North,Green tea,Tea,13,4.5
2024-12-18,North,Earl Grey,Tea,16,4.0
2024-12-18,North,Flapjack,Snacks,21,2.2
2024-12-18,North,Almond croissant,Snacks,27,2.8
2024-12-18,Centre,Espresso beans,Coffee,26,9.5
2024-12-18,Centre,Filter coffee,Coffee,22,7.0
2024-12-18,Centre,Green tea,Tea,12,4.5
2024-12-18,Centre,Earl Grey,Tea,23,4.0
2024-12-18,Centre,Flapjack,Snacks,44,2.2
2024-12-18,Centre,Almond croissant,Snacks,39,2.8
2024-12-18,South,Espresso beans,Coffee,11,7.6
2024-12-18,South,Filter coffee,Coffee,11,7.0
2024-12-18,South,Green tea,Tea,9,4.5
2024-12-18,South,Earl Grey,Tea,13,4.0
2024-12-18,South,Flapjack,Snacks,18,2.2
2024-12-18,South,Almond croissant,Snacks,10,2.8
2024-12-19,North,Espresso beans,Coffee,10,9.5
2024-12-19,North,Filter coffee,Coffee,20,7.0
2024-12-19,North,Green tea,Tea,10,4.5
2024-12-19,North,Earl Grey,Tea,12,4.0
2024-12-19,North,Flapjack,Snacks,18,2.2
2024-12-19,North,Almond croissant,Snacks,34,2.8
2024-12-19,Centre,Espresso beans,Coffee,23,9.5
2024-12-19,Centre,Filter coffee,Coffee,28,7.0
2024-12-19,Centre,Green tea,Tea,21,4.5
2024-12-19,Centre,Earl Grey,Tea,25,4.0
2024-12-19,Centre,Flapjack,Snacks,42,2.2
2024-12-19,Centre,Almond croissant,Snacks,45,2.8
2024-12-19,South,Espresso beans,Coffee,11,9.5
2024-12-19,South,Filter coffee,Coffee,18,7.0
2024-12-19,South,Green tea,Tea,4,4.5
2024-12-19,South,Earl Grey,Tea,13,4.0
2024-12-19,South,Flapjack,Snacks,25,2.2
2024-12-19,South,Almond croissant,Snacks,26,2.8
2024-12-20,North,Espresso beans,Coffee,24,9.5
2024-12-20,North,Filter coffee,Coffee,27,7.0
2024-12-20,North,Green tea,Tea,11,4.5
2024-12-20,North,Earl Grey,Tea,18,4.0
2024-12-20,North,Flapjack,Snacks,36,2.2
2024-12-20,North,Almond croissant,Snacks,28,2.8
2024-12-20,Centre,Espresso beans,Coffee,29,9.5
2024-12-20,Centre,Filter coffee,Coffee,46,7.0
2024-12-20,Centre,Green tea,Tea,15,4.5
2024-12-20,Centre,Earl Grey,Tea,19,4.0
2024-12-20,Centre,Flapjack,Snacks,54,2.2
2024-12-20,Centre,Almond croissant,Snacks,40,2.8
2024-12-20,South,Espresso beans,Coffee,14,9.5
2024-12-20,South,Filter coffee,Coffee,20,7.0
2024-12-20,South,Green tea,Tea,7,4.5
2024-12-20,South,Earl Grey,Tea,14,4.0
2024-12-20,South,Flapjack,Snacks,27,2.2
2024-12-20,South,Almond croissant,Snacks,21,2.8
2024-12-21,North,Espresso beans,Coffee,17,9.5
2024-12-21,North,Filter coffee,Coffee,32,7.0
2024-12-21,North,Green tea,Tea,7,4.5
2024-12-21,North,Earl Grey,Tea,16,4.0
2024-12-21,North,Flapjack,Snacks,41,2.2
2024-12-21,North,Almond croissant,Snacks,26,2.8
2024-12-21,Centre,Espresso beans,Coffee,29,9.5
2024-12-21,Centre,Filter coffee,Coffee,31,7.0
2024-12-21,Centre,Green tea,Tea,20,4.5
2024-12-21,Centre,Earl Grey,Tea,10,4.0
2024-12-21,Centre,Flapjack,Snacks,48,2.2
2024-12-21,Centre,Almond croissant,Snacks,83,2.24
2024-12-21,South,Espresso beans,Coffee,21,9.5
2024-12-21,South,Filter coffee,Coffee,16,7.0
2024-12-21,South,Green tea,Tea,13,4.5
2024-12-21,South,Earl Grey,Tea,14,4.0
2024-12-21,South,Flapjack,Snacks,23,2.2
2024-12-21,South,Almond croissant,Snacks,27,2.8
2024-12-22,North,Espresso beans,Coffee,14,9.5
2024-12-22,North,Filter coffee,Coffee,25,7.0
2024-12-22,North,Green tea,Tea,8,4.5
2024-12-22,North,Earl Grey,Tea,11,4.0
2024-12-22,North,Flapjack,Snacks,31,2.2
2024-12-22,North,Almond croissant,Snacks,39,2.8
2024-12-22,Centre,Espresso beans,Coffee,18,9.5
2024-12-22,Centre,Filter coffee,Coffee,26,7.0
2024-12-22,Centre,Green tea,Tea,26,3.6
2024-12-22,Centre,Earl Grey,Tea,43,3.2
2024-12-22,Centre,Flapjack,Snacks,45,2.2
2024-12-22,Centre,Almond croissant,Snacks,41,2.8
2024-12-22,South,Espresso beans,Coffee,15,9.5
2024-12-22,South,Filter coffee,Coffee,24,7.0
2024-12-22,South,Green tea,Tea,15,4.5
2024-12-22,South,Earl Grey,Tea,11,4.0
2024-12-22,South,Flapjack,Snacks,23,2.2
2024-12-22,South,Almond croissant,Snacks,23,2.8
2024-12-23,North,Espresso beans,Coffee,12,9.5
2024-12-23,North,Filter coffee,Coffee,19,7.0
2024-12-23,North,Green tea,Tea,9,4.5
2024-12-23,North,Earl Grey,Tea,11,4.0
2024-12-23,North,Flapjack,Snacks,22,2.2
2024-12-23,North,Almond croissant,Snacks,17,2.8
2024-12-23,Centre,Espresso beans,Coffee,20,9.5
2024-12-23,Centre,Filter coffee,Coffee,22,7.0
2024-12-23,Centre,Green tea,Tea,19,4.5
2024-12-23,Centre,Earl Grey,Tea,18,4.0
2024-12-23,Centre,Flapjack,Snacks,32,2.2
2024-12-23,Centre,Almond croissant,Snacks,30,2.8
2024-12-23,South,Espresso beans,Coffee,12,9.5
2024-12-23,South,Filter coffee,Coffee,6,7.0
2024-12-23,South,Green tea,Tea,3,4.5
2024-12-23,South,Earl Grey,Tea,7,4.0
2024-12-23,South,Flapjack,Snacks,30,2.2
2024-12-23,South,Almond croissant,Snacks,31,2.8
2024-12-24,North,Espresso beans,Coffee,13,9.5
2024-12-24,North,Filter coffee,Coffee,13,7.0
2024-12-24,North,Green tea,Tea,9,4.5
2024-12-24,North,Earl Grey,Tea,8,4.0
2024-12-24,North,Flapjack,Snacks,19,2.2
2024-12-24,North,Almond croissant,Snacks,21,2.8
2024-12-24,Centre,Espresso beans,Coffee,21,9.5
2024-12-24,Centre,Filter coffee,Coffee,24,7.0
2024-12-24,Centre,Green tea,Tea,12,4.5
2024-12-24,Centre,Earl Grey,Tea,15,4.0
2024-12-24,Centre,Flapjack,Snacks,40,2.2
2024-12-24,Centre,Almond croissant,Snacks,32,2.8
2024-12-24,South,Espresso beans,Coffee,12,9.5
2024-12-24,South,Filter coffee,Coffee,16,7.0
2024-12-24,South,Green tea,Tea,4,4.5
2024-12-24,South,Earl Grey,Tea,10,4.0
2024-12-24,South,Flapjack,Snacks,20,2.2
2024-12-24,South,Almond croissant,Snacks,13,2.8
2024-12-25,North,Espresso beans,Coffee,13,9.5
2024-12-25,North,Filter coffee,Coffee,15,7.0
2024-12-25,North,Green tea,Tea,15,4.5
2024-12-25,North,Earl Grey,Tea,19,4.0
2024-12-25,North,Flapjack,Snacks,24,2.2
2024-12-25,North,Almond croissant,Snacks,18,2.8
2024-12-25,Centre,Espresso beans,Coffee,23,9.5
2024-12-25,Centre,Filter coffee,Coffee,35,7.0
2024-12-25,Centre,Green tea,Tea,20,4.5
2024-12-25,Centre,Earl Grey,Tea,28,3.2
2024-12-25,Centre,Flapjack,Snacks,29,2.2
2024-12-25,Centre,Almond croissant,Snacks,38,2.8
2024-12-25,South,Espresso beans,Coffee,12,9.5
2024-12-25,South,Filter coffee,Coffee,19,7.0
2024-12-25,South,Green tea,Tea,4,4.5
2024-12-25,South,Earl Grey,Tea,10,4.0
2024-12-25,South,Flapjack,Snacks,25,2.2
2024-12-25,South,Almond croissant,Snacks,16,2.8
2024-12-26,North,Espresso beans,Coffee,19,7.6
2024-12-26,North,Filter coffee,Coffee,24,7.0
2024-12-26,North,Green tea,Tea,5,4.5
2024-12-26,North,Earl Grey,Tea,8,4.0
2024-12-26,North,Flapjack,Snacks,24,2.2
2024-12-26,North,Almond croissant,Snacks,24,2.8
2024-12-26,Centre,Espresso beans,Coffee,18,9.5
2024-12-26,Centre,Filter coffee,Coffee,49,5.6
2024-12-26,Centre,Green tea,Tea,21,4.5
2024-12-26,Centre,Earl Grey,Tea,18,4.0
2024-12-26,Centre,Flapjack,Snacks,48,2.2
2024-12-26,Centre,Almond croissant,Snacks,36,2.8
2024-12-26,South,Espresso beans,Coffee,12,9.5
2024-12-26,South,Filter coffee,Coffee,20,7.0
2024-12-26,South,Green tea,Tea,16,4.5
2024-12-26,South,Earl Grey,Tea,11,4.0
2024-12-26,South,Flapjack,Snacks,11,2.2
2024-12-26,South,Almond croissant,Snacks,14,2.8
2024-12-27,North,Espresso beans,Coffee,21,9.5
2024-12-27,North,Filter coffee,Coffee,21,7.0
2024-12-27,North,Green tea,Tea,9,4.5
2024-12-27,North,Earl Grey,Tea,9,4.0
2024-12-27,North,Flapjack,Snacks,38,2.2
2024-12-27,North,Almond croissant,Snacks,32,2.8
2024-12-27,Centre,Espresso beans,Coffee,30,9.5
2024-12-27,Centre,Filter coffee,Coffee,44,7.0
2024-12-27,Centre,Green tea,Tea,17,4.5
2024-12-27,Centre,Earl Grey,Tea,24,4.0
2024-12-27,Centre,Flapjack,Snacks,41,2.2
2024-12-27,Centre,Almond croissant,Snacks,35,2.8
2024-12-27,South,Espresso beans,Coffee,16,9.5
2024-12-27,South,Filter coffee,Coffee,22,7.0
2024-12-27,South,Green tea,Tea,12,4.5
2024-12-27,South,Earl Grey,Tea,9,4.0
2024-12-27,South,Flapjack,Snacks,23,2.2
2024-12-27,South,Almond croissant,Snacks,30,2.8
2024-12-28,North,Espresso beans,Coffee,29,9.5
2024-12-28,North,Filter coffee,Coffee,25,7.0
2024-12-28,North,Green tea,Tea,13,4.5
2024-12-28,North,Earl Grey,Tea,22,4.0
2024-12-28,North,Flapjack,Snacks,38,2.2
2024-12-28,North,Almond croissant,Snacks,36,2.8
2024-12-28,Centre,Espresso beans,Coffee,21,9.5
2024-12-28,Centre,Filter coffee,Coffee,49,7.0
2024-12-28,Centre,Green tea,Tea,28,4.5
2024-12-28,Centre,Earl Grey,Tea,35,4.0
2024-12-28,Centre,Flapjack,Snacks,60,2.2
2024-12-28,Centre,Almond croissant,Snacks,51,2.8
2024-12-28,South,Espresso beans,Coffee,14,9.5
2024-12-28,South,Filter coffee,Coffee,22,7.0
2024-12-28,South,Green tea,Tea,11,4.5
2024-12-28,South,Earl Grey,Tea,13,4.0
2024-12-28,South,Flapjack,Snacks,32,2.2
2024-12-28,South,Almond croissant,Snacks,31,2.8
2024-12-29,North,Espresso beans,Coffee,13,9.5
2024-12-29,North,Filter coffee,Coffee,24,7.0
2024-12-29,North,Green tea,Tea,11,4.5
2024-12-29,North,Earl Grey,Tea,8,4.0
2024-12-29,North,Flapjack,Snacks,32,2.2
2024-12-29,North,Almond croissant,Snacks,42,2.24
2024-12-29,Centre,Espresso beans,Coffee,37,9.5
2024-12-29,Centre,Filter coffee,Coffee,23,7.0
2024-12-29,Centre,Green tea,Tea,20,4.5
2024-12-29,Centre,Earl Grey,Tea,16,4.0
2024-12-29,Centre,Flapjack,Snacks,47,2.2
2024-12-29,Centre,Almond croissant,Snacks,34,2.8
2024-12-29,South,Espresso beans,Coffee,16,9.5
2024-12-29,South,Filter coffee,Coffee,20,7.0
2024-12-29,South,Green tea,Tea,6,4.5
2024-12-29,South,Earl Grey,Tea,7,4.0
2024-12-29,South,Flapjack,Snacks,28,2.2
2024-12-29,South,Almond croissant,Snacks,18,2.8
2024-12-30,North,Espresso beans,Coffee,7,9.5
2024-12-30,North,Filter coffee,Coffee,16,7.0
2024-12-30,North,Green tea,Tea,21,3.6
2024-12-30,North,Earl Grey,Tea,7,4.0
2024-12-30,North,Flapjack,Snacks,26,2.2
2024-12-30,North,Almond croissant,Snacks,19,2.8
2024-12-30,Centre,Espresso beans,Coffee,15,9.5
2024-12-30,Centre,Filter coffee,Coffee,23,7.0
2024-12-30,Centre,Green tea,Tea,18,4.5
2024-12-30,Centre,Earl Grey,Tea,22,4.0
2024-12-30,Centre,Flapjack,Snacks,49,1.76
2024-12-30,Centre,Almond croissant,Snacks,29,2.8
2024-12-30,South,Espresso beans,Coffee,14,9.5
2024-12-30,South,Filter coffee,Coffee,13,7.0
2024-12-30,South,Green tea,Tea,10,4.5
2024-12-30,South,Earl Grey,Tea,8,4.0
2024-12-30,South,Flapjack,Snacks,17,2.2
2024-12-30,South,Almond croissant,Snacks,16,2.8
2024-12-31,North,Espresso beans,Coffee,22,9.5
2024-12-31,North,Filter coffee,Coffee,18,7.0
2024-12-31,North,Green tea,Tea,5,4.5
2024-12-31,North,Earl Grey,Tea,7,4.0
2024-12-31,North,Flapjack,Snacks,28,2.2
2024-12-31,North,Almond croissant,Snacks,22,2.8
2024-12-31,Centre,Espresso beans,Coffee,11,9.5
2024-12-31,Centre,Filter coffee,Coffee,23,7.0
2024-12-31,Centre,Green tea,Tea,10,4.5
2024-12-31,Centre,Earl Grey,Tea,11,4.0
2024-12-31,Centre,Flapjack,Snacks,37,2.2
2024-12-31,Centre,Almond croissant,Snacks,32,2.8
2024-12-31,South,Espresso beans,Coffee,14,9.5
2024-12-31,South,Filter coffee,Coffee,14,7.0
2024-12-31,South,Green tea,Tea,6,4.5
2024-12-31,South,Earl Grey,Tea,12,4.0
2024-12-31,South,Flapjack,Snacks,29,2.2
2024-12-31,South,Almond croissant,Snacks,17,2.8
